t_ms,ax,ay,az,gx,gy,gz
484084,0.0728,0.0176,1.1479,-0.6794,2.0153,-1.3893
484093,0.0679,0.0220,1.1438,-0.5649,1.9542,-1.3893
484103,0.0701,0.0203,1.1414,-0.8244,2.1527,-1.3664
484113,0.0708,0.0181,1.1416,-0.5954,1.9771,-1.4351
484123,0.0715,0.0188,1.1428,-0.5649,1.8168,-1.4733
484133,0.0732,0.0137,1.1375,-0.4580,2.0153,-1.1298
484143,0.0718,0.0122,1.1487,-0.7634,2.0000,-1.3130
484153,0.0776,0.0156,1.1443,-0.6260,2.1298,-1.1221
484163,0.0708,0.0164,1.1453,-0.6107,1.8702,-1.3130
484173,0.0703,0.0144,1.1494,-0.5573,1.8397,-1.3053
484183,0.0732,0.0173,1.1467,-0.6260,2.1756,-1.5496
484193,0.0691,0.0142,1.1440,-0.9847,2.1145,-1.4198
484203,0.0684,0.0181,1.1509,-0.7557,2.2290,-1.2290
484213,0.0725,0.0161,1.1382,-0.6489,2.0534,-1.3588
484223,0.0737,0.0132,1.1418,-0.6565,2.2061,-1.4962
484233,0.0674,0.0190,1.1426,-0.7252,2.1145,-1.3359
484243,0.0723,0.0146,1.1455,-0.2824,2.0305,-1.4122
484253,0.0723,0.0156,1.1401,-0.6260,2.0305,-1.1603
484263,0.0713,0.0149,1.1448,-0.7557,2.1908,-1.3511
484273,0.0706,0.0144,1.1377,-0.4046,2.0229,-1.4046
484283,0.0725,0.0159,1.1462,-0.5344,2.3664,-1.4198
484293,0.0693,0.0164,1.1431,-0.5496,2.0840,-1.2061
484303,0.0681,0.0195,1.1445,-0.6260,2.0534,-1.2443
484313,0.0654,0.0200,1.1455,-0.6336,1.9924,-1.2366
484323,0.0732,0.0164,1.1521,-0.5954,1.7863,-1.2214
484333,0.0713,0.0232,1.1445,-0.8473,2.0763,-1.2748
484343,0.0742,0.0142,1.1426,-0.5954,2.0229,-1.2824
484353,0.0715,0.0161,1.1379,-0.5573,2.0763,-1.3359
484363,0.0696,0.0188,1.1460,-0.5649,1.9847,-1.2748
484373,0.0674,0.0151,1.1428,-0.6107,1.9542,-1.3893
484383,0.0662,0.0095,1.1245,-0.4275,2.0763,-1.2748
484393,0.0691,0.0188,1.1406,-0.3206,2.2214,-1.2977
484403,0.0710,0.0146,1.1399,-0.2519,2.0992,-1.2443
484413,0.0701,0.0176,1.1406,-0.4885,2.1908,-1.2748
484423,0.0681,0.0178,1.1411,-0.5267,2.0763,-1.4046
484433,0.0667,0.0132,1.1448,-0.7786,2.2595,-1.3206
484443,0.0706,0.0173,1.1450,-0.4809,1.9237,-1.4351
484453,0.0752,0.0171,1.1523,-0.3740,2.0916,-1.4656
484463,0.0657,0.0171,1.1396,-0.5725,2.1298,-1.4809
484473,0.0669,0.0122,1.1428,-0.7557,1.9313,-1.2824
484483,0.0706,0.0173,1.1477,-0.7405,2.1450,-1.3588
484493,0.0686,0.0178,1.1436,-0.7023,1.7328,-1.3130
484503,0.0696,0.0190,1.1436,-0.7634,2.0763,-1.5649
484513,0.0676,0.0146,1.1523,-0.6565,2.0076,-1.3053
484523,0.0679,0.0159,1.1472,-0.5649,2.0382,-1.2443
484533,0.0708,0.0161,1.1399,-0.5496,2.1298,-1.2366
484543,0.0715,0.0203,1.1362,-0.3817,1.9084,-1.3435
484553,0.0703,0.0142,1.1423,-0.6183,2.2977,-1.3588
484563,0.0725,0.0176,1.1428,-0.6870,1.9847,-1.2977
484573,0.0723,0.0132,1.1360,-0.4198,2.0458,-1.2519
484583,0.0696,0.0176,1.1458,-0.8931,2.0305,-1.2672
484593,0.0686,0.0198,1.1455,-0.7405,2.2748,-1.3893
484603,0.0696,0.0171,1.1377,-0.5802,2.1298,-1.3511
484613,0.0696,0.0164,1.1455,-0.4580,2.0916,-1.2672
484623,0.0674,0.0127,1.1482,-0.3664,1.9160,-1.1603
484633,0.0698,0.0117,1.1345,-0.5649,1.9160,-1.2443
484643,0.0742,0.0134,1.1416,-0.6565,1.9313,-1.4885
484653,0.0723,0.0176,1.1492,-0.6183,2.0763,-1.2977
484663,0.0659,0.0142,1.1406,-0.9160,2.1298,-1.1832
484673,0.0693,0.0156,1.1406,-0.5191,2.1450,-1.2748
484683,0.0737,0.0120,1.1453,-0.7176,1.9389,-1.2901
484693,0.0720,0.0176,1.1428,-0.8626,1.9771,-1.4275
484703,0.0691,0.0173,1.1460,-0.4275,2.1679,-1.4351
484713,0.0681,0.0168,1.1479,-0.8473,2.1527,-1.2595
484723,0.0684,0.0195,1.1436,-0.6565,1.9313,-1.4351
484733,0.0713,0.0159,1.1499,-0.7481,1.9771,-1.1985
484743,0.0730,0.0168,1.1404,-0.7863,2.2977,-1.3740
484753,0.0698,0.0193,1.1443,-0.6794,2.0534,-1.3817
484763,0.0728,0.0139,1.1411,-0.7634,2.1298,-1.4580
484773,0.0718,0.0156,1.1416,-0.5191,2.0687,-1.4885
484783,0.0696,0.0161,1.1516,-0.6183,1.8473,-1.0611
484793,0.0696,0.0195,1.1458,-0.7710,2.0992,-1.4122
484803,0.0696,0.0176,1.1428,-0.7328,2.1069,-1.2595
484813,0.0713,0.0132,1.1409,-0.4275,1.8855,-1.1679
484823,0.0735,0.0195,1.1428,-0.6183,2.0534,-1.4962
484833,0.0693,0.0171,1.1467,-0.2748,1.9313,-1.2824
484843,0.0696,0.0186,1.1467,-0.3435,2.1069,-1.5115
484853,0.0688,0.0122,1.1492,-0.7099,2.0076,-1.2977
484863,0.0701,0.0186,1.1414,-0.6641,2.4504,-1.4351
484873,0.0720,0.0142,1.1423,-0.7023,1.6870,-1.4504
484883,0.0674,0.0168,1.1433,-0.5115,1.9847,-1.7023
484893,0.0684,0.0173,1.1406,-0.5496,2.2748,-1.2443
484903,0.0686,0.0173,1.1450,-0.6336,2.1450,-1.2443
484913,0.0671,0.0164,1.1494,-0.5954,1.8626,-1.3130
484923,0.0681,0.0149,1.1414,-0.7863,2.2824,-1.3893
484933,0.0696,0.0166,1.1416,-0.6031,1.7023,-1.5649
484943,0.0713,0.0146,1.1458,-0.4427,2.0458,-1.2366
484953,0.0718,0.0178,1.1418,-0.4885,2.1450,-1.4122
484963,0.0669,0.0156,1.1431,-0.8550,2.1298,-1.6412
484973,0.0720,0.0146,1.1377,-0.6641,1.9389,-1.1756
484983,0.0691,0.0151,1.1436,-0.4962,1.8244,-1.2061
484993,0.0667,0.0144,1.1411,-0.3969,2.0763,-1.6031
485003,0.0698,0.0203,1.1506,-0.7786,1.9389,-1.3282
485013,0.0686,0.0161,1.1436,-0.6412,2.1832,-1.4198
485023,0.0713,0.0164,1.1428,-0.4656,2.1374,-1.4656
485033,0.0713,0.0168,1.1428,-0.4962,1.9389,-1.4656
485043,0.0708,0.0132,1.1462,-0.6870,1.8702,-1.4122
485053,0.0691,0.0200,1.1416,-0.6107,2.1908,-1.5115
485063,0.0735,0.0159,1.1426,-0.9237,2.1069,-1.3969
485073,0.0747,0.0168,1.1455,-0.4275,2.1374,-1.3588
485083,0.0669,0.0164,1.1362,-0.6412,1.9771,-1.2824
485093,0.0696,0.0105,1.1389,-0.6107,1.9160,-1.0763
485103,0.0671,0.0125,1.1431,-0.9008,2.1908,-1.2519
485113,0.0696,0.0183,1.1399,-0.9847,2.1450,-1.4351
485123,0.0684,0.0173,1.1475,-0.4427,2.0992,-1.2595
485133,0.0701,0.0220,1.1453,-0.9008,1.9542,-1.2443
485143,0.0681,0.0178,1.1475,-0.5038,2.1298,-1.4427
485153,0.0706,0.0154,1.1477,-0.7710,2.0611,-1.2443
485163,0.0723,0.0166,1.1472,-0.8473,2.2061,-1.2977
485173,0.0686,0.0142,1.1448,-0.6947,2.0229,-1.4885
485183,0.0706,0.0149,1.1399,-0.4962,1.8626,-1.4962
485193,0.0732,0.0166,1.1438,-0.5649,2.0534,-1.3435
485203,0.0698,0.0178,1.1440,-0.6489,2.0153,-1.5420
485213,0.0659,0.0200,1.1404,-0.6183,2.1679,-1.3511
485223,0.0728,0.0142,1.1455,-0.4351,2.0534,-1.0840
485233,0.0691,0.0171,1.1418,-0.6870,1.9618,-1.3053
485243,0.0737,0.0166,1.1404,-0.6031,2.1221,-1.3969
485253,0.0720,0.0144,1.1472,-0.2748,1.9771,-1.2290
485263,0.0691,0.0144,1.1440,-0.7099,2.1832,-1.3511
485273,0.0730,0.0142,1.1458,-0.7634,1.8321,-1.1985
485283,0.0723,0.0149,1.1443,-0.6031,2.0611,-1.4198
485293,0.0747,0.0212,1.1431,-0.7176,2.3664,-1.2672
485303,0.0723,0.0198,1.1411,-0.6260,2.1374,-1.1527
485313,0.0676,0.0161,1.1577,-0.6870,1.9008,-1.3130
485323,0.0669,0.0171,1.1396,-0.6107,2.2977,-1.5115
485333,0.0686,0.0159,1.1484,-0.5954,2.1832,-1.5878
485343,0.0713,0.0200,1.1519,-0.4809,2.1145,-1.3435
485353,0.0735,0.0156,1.1370,-0.6107,2.0916,-1.4122
485363,0.0723,0.0183,1.1443,-0.4122,2.0916,-1.4427
485373,0.0688,0.0188,1.1487,-0.7786,2.1679,-1.0687
485383,0.0710,0.0151,1.1487,-0.5725,1.9771,-1.3740
485393,0.0703,0.0154,1.1501,-0.7405,2.0000,-1.5115
485403,0.0693,0.0178,1.1499,-0.5496,2.3511,-1.4656
485413,0.0701,0.0144,1.1401,-0.6260,2.1298,-1.3435
485423,0.0698,0.0166,1.1428,-0.5725,1.9084,-1.4580
485433,0.0706,0.0168,1.1467,-0.6870,1.9771,-1.2672
485443,0.0725,0.0159,1.1448,-0.6870,2.0229,-1.3435
485453,0.0752,0.0164,1.1455,-0.6641,2.1603,-1.3359
485463,0.0728,0.0188,1.1460,-0.6107,2.0992,-1.2672
485473,0.0713,0.0132,1.1479,-0.5344,2.0840,-1.1069
485483,0.0674,0.0200,1.1487,-0.7939,1.9618,-1.3817
485493,0.0693,0.0154,1.1406,-0.7023,1.7176,-1.5954
485503,0.0723,0.0203,1.1440,-0.8015,2.1450,-1.4046
485513,0.0664,0.0156,1.1470,-0.5038,2.1603,-1.0534
485523,0.0679,0.0176,1.1411,-0.5420,1.9771,-1.2519
485533,0.0706,0.0151,1.1479,-0.7786,1.9542,-1.3359
485543,0.0723,0.0173,1.1433,-0.5649,2.0534,-1.5191
485553,0.0720,0.0181,1.1423,-0.6489,2.0305,-1.3893
485563,0.0696,0.0171,1.1445,-0.5725,2.0305,-1.2748
485573,0.0706,0.0139,1.1465,-0.7939,2.0076,-1.4198
485583,0.0708,0.0164,1.1455,-0.5496,1.9771,-1.2672
485593,0.0737,0.0134,1.1443,-0.6412,2.1450,-1.4733
485603,0.0684,0.0171,1.1479,-0.6336,2.0611,-1.0305
485613,0.0652,0.0171,1.1428,-0.7176,2.1756,-1.4885
485623,0.0715,0.0173,1.1387,-0.7405,1.9008,-1.2214
485633,0.0735,0.0120,1.1340,-0.4580,1.8779,-1.3511
485643,0.0686,0.0164,1.1450,-0.5115,1.9389,-1.3359
485653,0.0667,0.0122,1.1479,-0.6870,2.1221,-1.0458
485663,0.0713,0.0166,1.1501,-0.5649,2.2595,-1.4504
485673,0.0742,0.0164,1.1453,-0.6183,1.9771,-1.3282
485683,0.0706,0.0176,1.1426,-0.9237,2.0763,-1.4122
485693,0.0693,0.0164,1.1470,-0.4046,2.0000,-1.2443
485703,0.0745,0.0171,1.1418,-0.4275,1.9618,-1.2137
485713,0.0710,0.0144,1.1436,-0.4580,2.0611,-1.4427
485723,0.0713,0.0178,1.1440,-0.4733,2.0000,-1.4885
485733,0.0701,0.0190,1.1453,-0.4046,2.1832,-1.2901
485743,0.0679,0.0190,1.1384,-0.8473,2.1374,-1.2366
485753,0.0652,0.0164,1.1484,-0.7939,2.1985,-1.4656
485763,0.0681,0.0125,1.1494,-0.7710,1.9160,-1.1527
485773,0.0730,0.0095,1.1223,-0.5344,2.0611,-1.3740
485783,0.0725,0.0144,1.1384,-0.5191,2.1221,-1.2366
485793,0.0696,0.0178,1.1375,-0.6412,2.0611,-1.3588
485803,0.0728,0.0173,1.1492,-0.6412,2.3282,-1.4122
485813,0.0674,0.0225,1.1445,-0.7023,2.1908,-1.3282
485823,0.0693,0.0171,1.1438,-1.0000,2.3664,-1.5344
485833,0.0686,0.0122,1.1423,-0.4275,2.0153,-1.4046
485843,0.0554,0.0090,1.1345,-0.9695,2.1298,-1.0382
485853,0.0764,0.0103,1.1279,-0.6183,2.0229,-1.0840
485863,0.0737,0.0171,1.1431,-0.4351,2.2137,-1.4275
485873,0.0718,0.0190,1.1465,-0.7252,2.2214,-1.4580
485883,0.0691,0.0166,1.1467,-0.7252,1.9008,-1.4275
485893,0.0696,0.0161,1.1350,-0.6947,1.9924,-1.3206
485903,0.0647,0.0142,1.1365,-0.2366,2.0763,-1.0382
485913,0.0728,0.0146,1.1350,-0.7634,2.2214,-1.1832
485923,0.0703,0.0154,1.1499,-0.5649,2.1145,-1.2672
485933,0.0703,0.0173,1.1418,-0.6870,2.0305,-1.2137
485943,0.0664,0.0164,1.1499,-0.4656,2.1756,-1.4351
485953,0.0667,0.0149,1.1489,-0.5954,2.1527,-1.0076
485963,0.0667,0.0149,1.1470,-0.5191,2.1374,-1.3588
485973,0.0732,0.0156,1.1453,-0.7710,1.8626,-1.4733
485983,0.0701,0.0171,1.1499,-0.5878,1.9084,-1.1985
485993,0.0720,0.0164,1.1458,-0.4504,1.8473,-1.2672
486003,0.0693,0.0171,1.1438,-0.5420,1.9695,-1.1756
486013,0.0745,0.0173,1.1462,-0.9466,1.9924,-1.1221
486023,0.0728,0.0188,1.1421,-0.5038,2.2519,-1.1527
486033,0.0710,0.0186,1.1445,-0.3206,1.8473,-1.3893
486043,0.0710,0.0156,1.1453,-0.4962,2.0382,-1.2366
486053,0.0679,0.0195,1.1387,-0.3511,1.9237,-1.7252
486063,0.0706,0.0168,1.1450,-0.4427,2.0611,-1.3435
486073,0.0732,0.0173,1.1428,-0.7634,2.1145,-1.3206
486083,0.0757,0.0173,1.1426,-0.4962,1.9924,-1.6107
486093,0.0715,0.0173,1.1458,-0.6794,1.9847,-1.3435
486103,0.0701,0.0164,1.1450,-0.4809,1.7557,-1.1450
486113,0.0742,0.0164,1.1399,-0.5878,1.9618,-1.1527
486123,0.0708,0.0129,1.1428,-0.5420,2.1069,-1.2061
486133,0.0696,0.0125,1.1460,-0.5725,2.1527,-1.4122
486143,0.0706,0.0181,1.1384,-0.4962,2.1374,-1.5267
486153,0.0706,0.0176,1.1389,-0.5191,2.0153,-1.4733
486163,0.0730,0.0171,1.1389,-0.6565,2.0611,-1.6183
486173,0.0686,0.0171,1.1448,-0.5344,2.1450,-1.2672
486183,0.0681,0.0186,1.1475,-0.8244,2.1603,-1.2672
486193,0.0701,0.0154,1.1462,-0.6031,2.1832,-1.3053
486203,0.0718,0.0146,1.1519,-0.6260,2.0763,-1.7634
486213,0.0613,0.0129,1.1289,-0.4580,2.1069,-1.6031
486223,0.0708,0.0168,1.1458,-0.7557,1.7023,-1.5496
486233,0.0752,0.0186,1.1365,-0.7252,2.0992,-1.1756
486243,0.0691,0.0178,1.1433,-0.4504,2.0840,-1.3053
486253,0.0745,0.0159,1.1401,-0.4198,2.1221,-1.3664
486263,0.0703,0.0115,1.1460,-0.7405,2.0000,-1.2519
486273,0.0725,0.0149,1.1377,-0.8168,2.1221,-1.2977
486283,0.0815,0.0190,1.1458,-0.5573,2.1679,-1.5115
486293,0.0671,0.0164,1.1375,-0.9618,2.3206,-1.5191
486303,0.0676,0.0151,1.1426,-0.6183,1.9771,-1.3969
486313,0.0732,0.0154,1.1396,-0.4962,2.2901,-1.5420
486323,0.0750,0.0171,1.1404,-0.7939,2.2443,-1.2977
486333,0.0708,0.0146,1.1411,-0.8550,2.2519,-1.4504
486343,0.0723,0.0144,1.1448,-0.7634,2.3817,-1.2214
486353,0.0725,0.0188,1.1431,-0.6947,2.0153,-1.4809
486363,0.0688,0.0168,1.1401,-0.5573,2.1145,-1.3969
486373,0.0696,0.0181,1.1423,-0.6336,2.3130,-1.4275
486383,0.0691,0.0161,1.1418,-0.2977,2.3817,-1.3511
486393,0.0676,0.0183,1.1460,-0.5954,2.0229,-1.2748
486403,0.0703,0.0203,1.1458,-0.5725,2.3359,-1.2748
486413,0.0706,0.0154,1.1460,-0.7634,1.9389,-1.4809
486423,0.0732,0.0186,1.1370,-0.6412,2.1298,-1.0458
486433,0.0708,0.0164,1.1440,-0.6718,2.1298,-1.1679
486443,0.0684,0.0164,1.1453,-0.7023,2.1069,-1.3282
486453,0.0686,0.0208,1.1467,-0.6260,2.1832,-1.0916
486463,0.0710,0.0137,1.1482,-0.6718,2.0305,-1.3130
486473,0.0684,0.0137,1.1455,-0.6489,2.1603,-1.1832
486483,0.0693,0.0134,1.1355,-0.5191,2.1374,-1.1985
486493,0.0713,0.0151,1.1450,-0.7481,2.2824,-1.3817
486503,0.0718,0.0154,1.1455,-0.6641,2.1221,-1.3435
486513,0.0637,0.0161,1.1443,-0.5344,1.8550,-1.3282
486523,0.0693,0.0181,1.1409,-0.8931,2.1985,-1.4046
486533,0.0735,0.0112,1.1475,-0.7328,2.1450,-1.2366
486543,0.0720,0.0139,1.1433,-0.6336,2.2595,-1.2214
486553,0.0662,0.0186,1.1482,-0.7023,2.1374,-1.1298
486563,0.0688,0.0161,1.1475,-0.7252,2.0229,-1.2824
486573,0.0693,0.0154,1.1467,-0.8015,2.0000,-1.3053
486583,0.0676,0.0154,1.1421,-0.8321,1.9542,-1.3893
486593,0.0701,0.0132,1.1445,-0.4504,2.0534,-1.4733
486603,0.0723,0.0166,1.1426,-0.6565,2.1908,-1.2824
486613,0.0681,0.0186,1.1414,-0.6260,2.1527,-1.3282
486623,0.0674,0.0171,1.1448,-0.6489,2.0840,-1.4580
486633,0.0715,0.0183,1.1541,-0.4046,2.2137,-1.1679
486643,0.0730,0.0186,1.1414,-0.7099,2.2748,-1.4046
486653,0.0730,0.0198,1.1484,-0.5725,1.9695,-1.5649
486663,0.0730,0.0205,1.1387,-0.2290,2.1298,-1.3588
486673,0.0706,0.0205,1.1465,-0.5725,2.0992,-1.5420
486683,0.0767,0.0156,1.1443,-0.3511,2.1985,-1.1832
486693,0.0742,0.0164,1.1360,-0.3359,2.2748,-1.3664
486703,0.0696,0.0205,1.1426,-0.5802,2.2443,-1.3664
486713,0.0703,0.0178,1.1396,-0.6641,2.1374,-1.2214
486723,0.0725,0.0142,1.1377,-0.6107,2.1298,-1.3435
486733,0.0745,0.0132,1.1458,-0.4046,2.2061,-1.3053
486743,0.0710,0.0144,1.1367,-0.5038,2.0840,-1.6718
486753,0.0649,0.0117,1.1201,-0.3893,2.3053,-1.3282
486763,0.0740,0.0146,1.1362,-0.4809,2.0305,-1.2672
486773,0.0654,0.0142,1.1533,-0.3969,1.9313,-1.4198
486783,0.0696,0.0181,1.1521,-0.5267,2.0916,-1.4351
486793,0.0706,0.0159,1.1470,-0.4809,1.9695,-1.3511
486803,0.0728,0.0171,1.1406,-0.3817,1.8550,-1.3359
486813,0.0713,0.0229,1.1477,-0.6336,1.8855,-1.2595
486823,0.0708,0.0234,1.1362,-0.5496,1.9389,-1.7328
486833,0.0764,0.0132,1.1462,-0.6107,2.0687,-1.3664
486843,0.0696,0.0183,1.1467,-0.3588,2.1450,-1.2061
486853,0.0708,0.0115,1.1445,-0.7863,2.0534,-1.3053
486863,0.0698,0.0151,1.1462,-0.5649,2.1069,-1.3282
486873,0.0662,0.0110,1.1423,-0.7252,1.8855,-1.1832
486883,0.0757,0.0186,1.1375,-0.4656,1.8855,-1.1374
486893,0.0645,0.0186,1.1414,-0.5878,2.0305,-1.4809
486903,0.0708,0.0183,1.1423,-0.5267,1.9160,-1.2672
486913,0.0723,0.0159,1.1467,-0.5267,2.2443,-1.1832
486923,0.0740,0.0161,1.1423,-0.8702,2.1298,-1.2443
486933,0.0662,0.0171,1.1489,-0.7405,2.1298,-1.5115
486943,0.0603,0.0129,1.1621,-0.6870,2.2748,-1.4198
486953,0.0608,0.0100,1.1472,-0.4656,2.0153,-1.2824
486963,0.0684,0.0164,1.1445,-0.7557,2.0305,-1.3664
486973,0.0713,0.0142,1.1438,-0.6183,2.0000,-1.2748
486983,0.0701,0.0193,1.1411,-0.6870,1.7405,-1.3359
486993,0.0730,0.0164,1.1499,-0.3053,2.2595,-1.2672
487003,0.0681,0.0159,1.1494,-0.9542,2.0229,-1.5954
487013,0.0698,0.0144,1.1453,-0.7328,2.2137,-1.1832
487023,0.0706,0.0125,1.1448,-0.4046,1.9084,-1.2672
487033,0.0732,0.0146,1.1499,-0.8092,2.1374,-1.2214
487043,0.0693,0.0103,1.1409,-0.2290,1.9313,-1.2824
487053,0.0715,0.0173,1.1484,-0.6870,2.0229,-1.3817
487063,0.0706,0.0166,1.1553,-0.3206,2.1221,-1.3359
487073,0.0740,0.0149,1.1436,-0.5573,1.9771,-1.4046
487083,0.0688,0.0120,1.1494,-0.8092,2.2290,-1.1985
487093,0.0676,0.0122,1.1343,-0.8473,2.3588,-1.1145
487103,0.0774,0.0159,1.1384,-0.7405,2.2061,-1.4885
487113,0.0696,0.0195,1.1428,-0.6794,1.9618,-1.1908
487123,0.0742,0.0139,1.1484,-0.5496,1.9160,-1.3511
487133,0.0669,0.0190,1.1362,-0.6107,1.9237,-1.1908
487143,0.0735,0.0168,1.1511,-0.5191,2.1679,-1.5954
487153,0.0723,0.0173,1.1443,-0.6870,2.1603,-1.5038
487163,0.0720,0.0168,1.1455,-0.4656,2.1603,-1.5573
487173,0.0698,0.0178,1.1431,-0.5267,2.1832,-1.3435
487183,0.0642,0.0176,1.1428,-0.5115,1.9618,-1.3130
487193,0.0679,0.0193,1.1506,-0.8702,2.0534,-1.4122
487203,0.0698,0.0159,1.1497,-0.6412,2.1145,-1.5191
487213,0.0669,0.0208,1.1426,-0.4427,2.0840,-1.1756
487223,0.0674,0.0156,1.1445,-0.6412,2.2748,-1.2977
487233,0.0693,0.0154,1.1392,-0.6641,2.2061,-1.4885
487243,0.0701,0.0132,1.1460,-0.7405,2.2824,-1.3282
487253,0.0669,0.0193,1.1460,-0.4427,2.1450,-1.2748
487263,0.0693,0.0168,1.1438,-0.5649,2.0229,-1.3053
487273,0.0681,0.0125,1.1448,-0.7786,2.2366,-1.3588
487283,0.0718,0.0159,1.1404,-0.7634,2.0000,-1.2214
487293,0.0747,0.0156,1.1445,-0.7023,2.1221,-1.3282
487303,0.0728,0.0146,1.1382,-0.9084,2.1679,-1.2290
487313,0.0750,0.0168,1.1482,-0.5878,2.1908,-1.5191
487323,0.0757,0.0168,1.2490,-1.1908,1.9542,-1.4427
487333,0.0837,-0.0029,1.1265,-0.6412,1.8168,-1.4504
487343,0.0876,0.0139,1.1489,-0.5725,2.3435,-1.4962
487353,0.0698,0.0149,1.1396,-0.8473,2.3511,-1.1298
487363,0.0686,0.0166,1.1479,-0.7481,2.0382,-1.2519
487373,0.0652,0.0164,1.1472,-0.3359,2.0382,-1.2061
487383,0.0720,0.0154,1.1431,-0.5420,2.0229,-1.4962
487393,0.0701,0.0176,1.1450,-0.4504,2.0458,-1.5115
487403,0.0703,0.0149,1.1399,-0.7710,1.9695,-1.3511
487413,0.0710,0.0195,1.1482,-0.6183,2.0382,-1.3969
487423,0.0725,0.0168,1.1436,-0.7023,2.1679,-1.4351
487433,0.0684,0.0168,1.1401,-0.5496,2.2214,-1.3053
487443,0.0713,0.0171,1.1411,-0.9313,2.0687,-1.4122
487453,0.0708,0.0151,1.1423,-0.7557,2.1832,-1.4198
487463,0.0720,0.0161,1.1475,-0.7786,2.2595,-1.4275
487473,0.0730,0.0151,1.1426,-0.5267,1.8321,-1.2595
487483,0.0718,0.0181,1.1409,-0.6412,2.1145,-1.3206
487493,0.0708,0.0205,1.1428,-0.6565,2.1450,-1.2748
487503,0.0735,0.0176,1.1436,-0.7405,2.3130,-1.3435
487513,0.0713,0.0181,1.1431,-0.7634,2.1374,-1.5725
487523,0.0732,0.0190,1.1404,-0.6947,2.0458,-1.5954
487533,0.0710,0.0156,1.1370,-0.5802,1.8855,-1.5267
487543,0.0757,0.0222,1.1606,-0.6260,2.2214,-1.2366
487553,0.0671,0.0144,1.1433,-0.5267,2.2214,-1.1756
487563,0.0708,0.0188,1.1521,-0.5573,1.8473,-1.3893
487573,0.0684,0.0151,1.1450,-0.6336,2.1603,-1.5344
487583,0.0730,0.0168,1.1484,-0.7557,1.9389,-1.5115
487593,0.0710,0.0173,1.1479,-0.5344,2.3588,-1.4122
487603,0.0720,0.0122,1.1399,-0.5802,2.3359,-1.6107
487613,0.0735,0.0181,1.1433,-0.6641,1.9237,-1.1908
487623,0.0703,0.0156,1.1414,-0.9466,2.0229,-1.3206
487633,0.0708,0.0122,1.1494,-0.4198,1.9847,-0.9542
487643,0.0764,0.0149,1.1436,-0.2519,1.8168,-1.5420
487653,0.0708,0.0144,1.1411,-0.4580,2.0305,-1.2519
487663,0.0698,0.0154,1.1477,-0.5115,1.8931,-1.4580
487673,0.0667,0.0212,1.1438,-0.5573,2.2824,-1.2901
487683,0.0737,0.0171,1.1487,-0.5573,1.8550,-1.1756
487693,0.0723,0.0156,1.1384,-0.5267,2.1603,-1.3435
487703,0.0688,0.0137,1.1399,-0.4122,2.1985,-1.5649
487713,0.0708,0.0156,1.1458,-0.6794,2.1832,-1.3053
487723,0.0713,0.0176,1.1389,-0.6870,2.0611,-1.5878
487733,0.0715,0.0142,1.1418,-0.5191,2.0305,-1.3435
487743,0.0657,0.0125,1.1387,-0.7023,2.0611,-1.5573
487753,0.0706,0.0183,1.1479,-0.8626,2.3893,-1.3130
487763,0.0735,0.0154,1.1436,-0.7252,1.8931,-1.3053
487773,0.0735,0.0154,1.1460,-0.3740,2.1908,-1.4351
487783,0.0710,0.0168,1.1482,-0.6260,2.0992,-1.2672
487793,0.0725,0.0171,1.1421,-0.6336,1.9618,-1.4656
487803,0.0713,0.0149,1.1458,-0.3511,1.9771,-1.4198
487813,0.0681,0.0144,1.1399,-0.4351,2.0611,-1.1221
487823,0.0657,0.0134,1.1506,-0.6718,2.0305,-1.3282
487833,0.0703,0.0159,1.1411,-0.7481,1.9618,-1.5420
487843,0.0693,0.0161,1.1396,-0.3282,2.1603,-1.1221
487853,0.0735,0.0173,1.1396,-0.7023,1.8550,-1.2901
487863,0.0710,0.0181,1.1484,-0.5878,2.1450,-1.2061
487873,0.0667,0.0183,1.1426,-0.8626,2.0534,-1.3435
487883,0.0728,0.0146,1.1431,-0.9008,2.2748,-1.1374
487893,0.0691,0.0208,1.1389,-0.8168,2.2748,-1.4656
487903,0.0730,0.0144,1.1497,-0.6031,2.0840,-1.4885
487913,0.0708,0.0139,1.1448,-0.4809,2.0000,-1.3130
487923,0.0649,0.0208,1.1531,-0.4809,2.0458,-1.4122
487933,0.0684,0.0146,1.1421,-0.4733,2.1603,-1.0458
487943,0.0706,0.0129,1.1431,-0.6336,2.0687,-1.4122
487953,0.0679,0.0166,1.1545,-0.6565,1.9695,-1.4351
487963,0.0659,0.0125,1.1526,-0.8244,2.1145,-1.3664
487973,0.0706,0.0212,1.1514,-0.8168,1.9695,-1.2443
487983,0.0688,0.0144,1.1467,-0.6031,2.1450,-1.4962
487993,0.0688,0.0190,1.1470,-0.3969,2.1450,-1.3664
488003,0.0674,0.0176,1.1479,-0.7099,2.0534,-1.5115
488013,0.0698,0.0183,1.1443,-0.6718,2.0229,-1.3817
488023,0.0735,0.0171,1.1433,-0.4198,2.0763,-1.3053
488033,0.0684,0.0151,1.1372,-0.6183,1.9313,-1.4427
488043,0.0686,0.0159,1.1411,-0.6183,2.2137,-1.3969
488053,0.0686,0.0142,1.1470,-0.5496,2.0840,-1.0687
488063,0.0679,0.0183,1.1389,-0.5573,2.0992,-1.4656
488073,0.0706,0.0139,1.1428,-0.6183,2.0076,-1.2214
488083,0.0691,0.0142,1.1519,-0.5038,2.0840,-1.4122
488093,0.0708,0.0164,1.1428,-0.5420,1.7557,-1.2290
488103,0.0725,0.0149,1.1414,-0.6412,1.9389,-1.2901
488113,0.0732,0.0146,1.1492,-0.7252,2.1145,-1.1221
488123,0.0703,0.0171,1.1426,-0.3740,2.3893,-1.4122
488133,0.0688,0.0171,1.1426,-0.7481,1.9160,-1.3206
488143,0.0706,0.0168,1.1416,-0.3664,1.8473,-1.2214
488153,0.0679,0.0139,1.1438,-0.6260,1.9542,-1.4351
488163,0.0723,0.0122,1.1401,-0.5496,1.8550,-1.0763
488173,0.0654,0.0159,1.1375,-0.5267,2.1756,-1.3817
488183,0.0747,0.0171,1.1448,-0.2748,1.8779,-1.3817
488193,0.0684,0.0149,1.1501,-0.6641,1.9389,-1.0687
488203,0.0713,0.0156,1.1467,-0.8015,2.0229,-1.1985
488213,0.0723,0.0146,1.1462,-0.6489,2.0076,-1.2901
488223,0.0667,0.0115,1.1479,-0.6870,2.0534,-1.4351
488233,0.0713,0.0149,1.1443,-0.6489,1.9618,-1.3588
488243,0.0718,0.0159,1.1462,-0.4122,1.8702,-1.4198
488253,0.0696,0.0151,1.1396,-0.4962,1.8855,-1.2290
488263,0.0686,0.0186,1.1477,-0.5496,1.8779,-1.5267
488273,0.0676,0.0195,1.1482,-0.7252,1.9695,-1.4427
488283,0.0691,0.0181,1.1443,-0.6183,1.7863,-1.3511
488293,0.0688,0.0171,1.1509,-0.8092,2.0611,-1.3588
488303,0.0681,0.0168,1.1445,-0.7252,2.1298,-1.2061
488313,0.0710,0.0176,1.1479,-0.5878,1.9313,-1.3130
488323,0.0693,0.0164,1.1479,-0.8855,2.1298,-1.4962
488333,0.0698,0.0171,1.1450,-0.5802,2.1603,-1.3359
488343,0.0750,0.0156,1.1389,-0.5649,1.9084,-1.3435
488353,0.0723,0.0156,1.1431,-0.4504,1.8702,-1.2366
488363,0.0723,0.0112,1.1472,-0.2824,2.2672,-1.1679
488373,0.0698,0.0149,1.1477,-0.4809,2.1145,-1.4656
488383,0.0720,0.0159,1.1455,-0.5496,2.1450,-1.4809
488393,0.0688,0.0154,1.1450,-0.4580,2.1145,-1.3511
488403,0.0664,0.0161,1.1438,-0.4962,2.1221,-1.3130
488413,0.0686,0.0178,1.1516,-0.5496,2.0840,-1.2672
488423,0.0723,0.0159,1.1409,-0.3511,1.9084,-1.3206
488433,0.0708,0.0107,1.1504,-0.5954,2.0000,-1.4275
488443,0.0688,0.0178,1.1462,-0.5344,2.1908,-1.3359
488453,0.0713,0.0164,1.1460,-0.6031,2.0916,-1.1832
488463,0.0730,0.0149,1.1433,-0.6183,2.1374,-1.2824
488473,0.0732,0.0203,1.1389,-0.5954,1.9847,-1.1603
488483,0.0740,0.0161,1.1443,-0.4962,1.9084,-1.3664
488493,0.0693,0.0176,1.1455,-0.6336,2.0611,-1.5038
488503,0.0725,0.0176,1.1438,-0.5344,2.0229,-1.3130
488513,0.0679,0.0139,1.1453,-0.5496,1.9084,-1.4504
488523,0.0676,0.0151,1.1431,-0.4656,1.9237,-1.4351
488533,0.0693,0.0144,1.1423,-0.8168,2.1374,-1.4733
488543,0.0706,0.0203,1.1438,-0.5344,1.9466,-1.5420
488553,0.0671,0.0144,1.1487,-0.6336,1.8550,-1.3282
488563,0.0701,0.0176,1.1477,-0.6183,1.9847,-1.2901
488573,0.0684,0.0159,1.1426,-0.7939,2.3053,-1.2595
488583,0.0725,0.0166,1.1428,-0.7176,2.1679,-1.4198
488593,0.0701,0.0149,1.1460,-0.4504,2.0458,-1.4198
488603,0.0715,0.0149,1.1494,-0.6260,2.0611,-1.0076
488613,0.0684,0.0144,1.1453,-0.6412,1.9695,-1.3740
488623,0.0723,0.0166,1.1467,-0.4504,2.1756,-1.2290
488633,0.0693,0.0115,1.1489,-0.7328,2.0687,-1.0916
488643,0.0710,0.0203,1.1426,-0.7176,2.0992,-1.1527
488653,0.0728,0.0146,1.1465,-0.8702,2.0458,-1.5191
488663,0.0659,0.0161,1.1494,-0.4656,1.8015,-1.4198
488673,0.0679,0.0151,1.1448,-0.7786,1.9924,-1.3588
488683,0.0715,0.0161,1.1472,-0.5573,2.0305,-1.5038
488693,0.0713,0.0129,1.1453,-0.3740,2.0382,-1.2137
488703,0.0708,0.0171,1.1409,-0.6641,2.1756,-1.1756
488713,0.0696,0.0171,1.1443,-0.2443,2.1756,-1.4885
488723,0.0715,0.0112,1.1479,-0.5344,2.3206,-1.3206
488733,0.0710,0.0122,1.1414,-1.0000,2.3206,-1.2443
488743,0.0715,0.0188,1.1406,-0.2748,1.8855,-1.6107
488753,0.0715,0.0139,1.1409,-0.7634,2.0687,-1.5344
488763,0.0720,0.0166,1.1433,-0.6031,2.1145,-1.4275
488773,0.0696,0.0208,1.1448,-0.3893,2.0153,-1.4885
488783,0.0686,0.0164,1.1467,-0.5649,2.0534,-1.1450
488793,0.0713,0.0137,1.1423,-0.5038,1.9313,-1.4885
488803,0.0681,0.0154,1.1418,-0.7023,1.8702,-1.3588
488813,0.0740,0.0173,1.1421,-0.9924,1.9695,-1.1832
488823,0.0679,0.0129,1.1453,-0.7252,2.2748,-1.3588
488833,0.0688,0.0176,1.1401,-0.5191,2.2137,-1.5573
488843,0.0645,0.0176,1.1455,-0.4733,2.2214,-1.1756
488853,0.0696,0.0127,1.1404,-0.8244,2.2137,-1.4427
488863,0.0679,0.0215,1.1382,-0.6336,1.9542,-1.4504
488873,0.0706,0.0132,1.1426,-0.5344,1.8244,-1.5496
488883,0.0718,0.0181,1.1372,-0.5038,2.1832,-1.5038
488893,0.0681,0.0139,1.1440,-0.8473,2.3435,-1.1527
488903,0.0693,0.0132,1.1399,-0.5267,2.3588,-1.4733
488913,0.0691,0.0159,1.1355,-0.7328,1.9847,-1.5191
488923,0.0713,0.0181,1.1360,-0.6565,1.9237,-1.2595
488933,0.0720,0.0149,1.1414,-0.4962,2.0687,-1.5954
488943,0.0686,0.0149,1.1401,-0.8702,2.2366,-1.6641
488953,0.0706,0.0151,1.1418,-0.7557,2.1832,-1.4122
488963,0.0767,0.0220,1.1472,-0.7252,1.9847,-1.3588
488973,0.0713,0.0186,1.1443,-0.7176,2.1069,-1.3053
488983,0.0659,0.0178,1.1401,-0.4122,2.1756,-1.0992
488993,0.0691,0.0198,1.1482,-0.4046,1.9237,-1.3664
489003,0.0686,0.0164,1.1499,-0.7710,1.9847,-1.3435
489013,0.0713,0.0166,1.1416,-0.6107,2.1374,-1.3664
489023,0.0730,0.0161,1.1533,-0.8779,2.1069,-1.3664
489033,0.0674,0.0173,1.1411,-0.5115,2.0611,-1.5649
489043,0.0732,0.0193,1.1379,-0.4198,1.9313,-1.5038
489053,0.0720,0.0159,1.1482,-0.3130,1.9924,-1.4198
489063,0.0698,0.0161,1.1526,-0.6183,2.1221,-1.4351
489073,0.0725,0.0144,1.1401,-0.4885,2.0763,-1.4962
489083,0.0735,0.0137,1.1401,-0.3130,1.9542,-1.3588
489093,0.0732,0.0112,1.1387,-0.7328,2.1450,-1.4198
489103,0.0706,0.0161,1.1462,-0.3893,2.2443,-1.1527
489113,0.0701,0.0188,1.1458,-0.3817,2.2061,-1.4656
489123,0.0715,0.0122,1.1433,-0.4962,2.0229,-1.3740
489133,0.0708,0.0173,1.1458,-0.6870,2.1221,-1.4885
489143,0.0684,0.0139,1.1377,-0.4427,1.9847,-1.2137
489153,0.0698,0.0188,1.1423,-0.6107,2.1450,-1.4885
489163,0.0671,0.0168,1.1492,-0.8168,2.0534,-1.2977
489173,0.0725,0.0181,1.1453,-0.6718,1.9847,-1.2366
489184,0.0679,0.0137,1.1379,-0.3130,1.9389,-1.4122
489193,0.0698,0.0132,1.1426,-0.6107,2.1603,-1.1069
489203,0.0696,0.0168,1.1470,-0.7634,2.0305,-0.9466
489213,0.0725,0.0203,1.1394,-0.3359,2.1756,-1.4122
489223,0.0728,0.0125,1.1528,-0.6794,2.3435,-1.4733
489233,0.0679,0.0176,1.1438,-0.6947,2.0992,-1.1908
489243,0.0732,0.0149,1.1431,-0.3206,2.0763,-1.2290
489253,0.0679,0.0166,1.1394,-0.6107,1.7252,-1.5649
489263,0.0740,0.0154,1.1396,-0.5191,2.4504,-1.2443
489273,0.0703,0.0127,1.1350,-0.6412,2.2901,-1.5191
489283,0.0688,0.0173,1.1450,-0.5954,2.1374,-1.2672
489293,0.0742,0.0129,1.1443,-0.6412,2.0611,-1.2595
489303,0.0715,0.0151,1.1462,-0.6412,2.0382,-1.2977
489313,0.0713,0.0100,1.1487,-0.5802,2.1450,-1.3740
489323,0.0713,0.0151,1.1497,-0.7252,2.0534,-1.1069
489333,0.0681,0.0178,1.1472,-0.5802,2.2748,-1.4351
489343,0.0728,0.0164,1.1462,-0.7328,2.1756,-1.3435
489353,0.0737,0.0188,1.1438,-0.5649,1.8779,-1.2977
489363,0.0715,0.0146,1.1470,-0.4733,1.8321,-1.4885
489373,0.0701,0.0166,1.1494,-0.4351,1.8855,-1.2214
489383,0.0713,0.0134,1.1501,-0.5878,2.2061,-1.4351
489393,0.0701,0.0132,1.1416,-0.6489,2.0305,-1.4504
489403,0.0725,0.0203,1.1426,-0.4504,2.2290,-1.3130
489413,0.0681,0.0137,1.1448,-0.7023,2.0534,-1.3282
489423,0.0730,0.0200,1.1458,-0.3588,1.9313,-1.5496
489433,0.0693,0.0146,1.1458,-0.3282,1.8473,-1.4122
489443,0.0715,0.0205,1.1401,-0.5954,2.2595,-1.1069
489453,0.0698,0.0149,1.1433,-0.5573,1.9466,-1.2977
489463,0.0735,0.0173,1.1421,-0.7252,2.2214,-1.2366
489473,0.0696,0.0208,1.1440,-0.6870,2.0763,-1.2748
489483,0.0688,0.0139,1.1504,-0.9924,1.9160,-1.2443
489493,0.0720,0.0188,1.1443,-0.6260,2.4504,-1.2366
489503,0.0688,0.0188,1.1465,-0.6794,2.0611,-1.3511
489513,0.0698,0.0146,1.1501,-0.4962,2.0305,-1.3740
489523,0.0703,0.0176,1.1465,-0.5344,2.0305,-1.3053
489533,0.0701,0.0181,1.1448,-0.4962,1.9466,-1.2595
489543,0.0713,0.0137,1.1399,-0.3588,1.8931,-1.4198
489553,0.0674,0.0156,1.1438,-0.5496,1.9542,-1.3206
489563,0.0713,0.0146,1.1431,-0.6260,1.7634,-1.4580
489573,0.0713,0.0142,1.1477,-0.6947,2.2748,-1.2214
489583,0.0659,0.0190,1.1443,-0.6336,1.8550,-1.4122
489593,0.0693,0.0159,1.1448,-0.7863,2.0534,-1.4122
489603,0.0713,0.0149,1.1433,-0.5267,1.9542,-1.2366
489613,0.0679,0.0146,1.1467,-0.7252,2.1832,-1.0992
489623,0.0706,0.0142,1.1448,-0.9160,2.1145,-1.2595
489633,0.0730,0.0159,1.1448,-0.7099,1.9084,-1.3740
489643,0.0710,0.0205,1.1431,-0.4809,2.0687,-1.3435
489653,0.0706,0.0139,1.1443,-0.5344,2.0611,-1.0458
489663,0.0750,0.0173,1.1426,-0.5420,1.8626,-1.3817
489673,0.0720,0.0183,1.1460,-0.5115,1.8397,-1.5115
489683,0.0688,0.0120,1.1411,-0.6031,2.0382,-1.4198
489693,0.0642,0.0190,1.1475,-0.4580,2.1527,-1.3359
489703,0.0720,0.0156,1.1433,-0.4885,2.2290,-1.4198
489713,0.0720,0.0156,1.1411,-0.4198,2.2595,-1.7252
489723,0.0708,0.0181,1.1389,-0.5191,2.0992,-1.7481
489733,0.0684,0.0142,1.1492,-0.7252,2.1832,-1.2366
489743,0.0723,0.0168,1.1438,-0.6641,2.2519,-1.1298
489753,0.0723,0.0134,1.1399,-0.7252,2.1832,-1.3359
489763,0.0686,0.0188,1.1450,-0.5191,2.1679,-1.1527
489773,0.0718,0.0142,1.1533,-0.5267,1.9160,-1.6031
489783,0.0732,0.0129,1.1453,-1.0382,2.0458,-1.4275
489793,0.0732,0.0173,1.1436,-0.6336,2.0992,-1.2748
489803,0.0723,0.0159,1.1404,-0.6260,2.0611,-1.4122
489813,0.0742,0.0137,1.1411,-0.6489,2.2977,-1.6107
489823,0.0728,0.0161,1.1501,-0.4962,2.1908,-1.3817
489833,0.0693,0.0168,1.1501,-0.6107,2.1069,-1.1145
489843,0.0725,0.0156,1.1440,-0.5725,2.1374,-1.2443
489853,0.0703,0.0178,1.1448,-0.4656,1.9313,-1.3740
489863,0.0730,0.0164,1.1433,-0.7863,2.3359,-1.4656
489873,0.0706,0.0164,1.1533,-0.4962,2.0305,-1.4122
489883,0.0688,0.0125,1.1428,-0.6412,1.9924,-1.4656
489893,0.0710,0.0215,1.1409,-0.4733,2.0763,-1.4275
489903,0.0706,0.0171,1.1418,-0.6183,2.1679,-1.3359
489913,0.0693,0.0210,1.1384,-0.4656,2.2977,-1.6641
489923,0.0681,0.0166,1.1487,-0.8321,1.8397,-1.5038
489933,0.0674,0.0168,1.1511,-0.7481,1.9695,-1.3817
489943,0.0691,0.0183,1.1431,-0.8931,2.0992,-1.2519
489953,0.0720,0.0178,1.1423,-0.3511,2.0611,-1.2290
489963,0.0706,0.0134,1.1404,-0.6183,2.1374,-1.5191
489973,0.0725,0.0205,1.1433,-0.3435,2.2748,-1.4351
489983,0.0715,0.0166,1.1472,-0.4962,1.8550,-1.2137
489993,0.0725,0.0178,1.1438,-0.7099,2.1069,-1.5115
490003,0.0693,0.0161,1.1438,-0.6641,2.0076,-1.2824
490013,0.0698,0.0151,1.1509,-0.4275,1.9237,-1.2366
490023,0.0750,0.0168,1.1477,-0.7023,2.1527,-1.1450
490033,0.0725,0.0183,1.1394,-0.6183,2.0992,-1.3740
490043,0.0718,0.0144,1.1455,-0.5725,2.0229,-1.3130
490053,0.0679,0.0129,1.1472,-0.5420,1.9542,-1.6947
490063,0.0715,0.0166,1.1438,-0.9160,2.2061,-1.4122
490073,0.0701,0.0190,1.1431,-0.5649,2.0611,-1.4580
490083,0.0703,0.0151,1.1431,-0.7786,2.0458,-1.4275
490093,0.0745,0.0151,1.1448,-0.4733,2.0534,-1.0687
490103,0.0674,0.0193,1.1445,-0.8779,2.1679,-1.1450
490113,0.0718,0.0142,1.1528,-0.4198,2.0000,-1.2366
490123,0.0698,0.0203,1.1484,-0.2901,1.8931,-1.4275
490133,0.0696,0.0171,1.1401,-0.5038,1.9466,-1.2061
490143,0.0708,0.0164,1.1479,-0.5954,1.8855,-1.3435
490153,0.0728,0.0156,1.1421,-0.6183,2.1069,-1.1145
490163,0.0688,0.0156,1.1443,-0.8244,2.0840,-1.1527
490173,0.0664,0.0176,1.1470,-0.4275,2.0763,-1.2595
490183,0.0723,0.0173,1.1453,-0.4809,2.1603,-1.2443
490193,0.0715,0.0156,1.1445,-0.7481,2.0763,-1.3740
490203,0.0664,0.0181,1.1433,-0.7863,2.3969,-1.4275
490213,0.0701,0.0161,1.1428,-0.7863,2.0000,-1.4275
490223,0.0671,0.0166,1.1462,-0.4656,2.0611,-1.4198
490233,0.0679,0.0122,1.1399,-0.4885,1.9160,-1.3969
490243,0.0698,0.0164,1.1438,-0.7328,2.1679,-1.3206
490253,0.0686,0.0173,1.1462,-0.5802,1.9542,-1.3130
490263,0.0696,0.0188,1.1443,-0.6947,1.9542,-1.2748
490273,0.0730,0.0161,1.1477,-0.7710,2.2366,-1.2061
490283,0.0718,0.0190,1.1472,-0.7328,1.9313,-1.3511
490293,0.0735,0.0120,1.1411,-0.6565,1.9084,-1.4885
490303,0.0674,0.0176,1.1453,-0.7481,2.0534,-1.2366
490313,0.0676,0.0166,1.1418,-0.6412,1.9847,-1.3588
490323,0.0676,0.0142,1.1528,-0.4962,2.1756,-1.3511
490333,0.0715,0.0183,1.1443,-0.5878,1.8397,-1.3740
490343,0.0684,0.0142,1.1436,-0.5649,2.1374,-1.3053
490353,0.0708,0.0144,1.1399,-0.7176,2.1679,-1.3893
490363,0.0696,0.0142,1.1458,-0.3282,1.7863,-1.3206
490373,0.0693,0.0166,1.1399,-0.4962,1.9695,-1.0229
490383,0.0720,0.0154,1.1465,-0.7099,2.0687,-1.5344
490393,0.0715,0.0166,1.1489,-0.5267,2.0458,-1.3664
490403,0.0730,0.0168,1.1528,-0.7176,2.1832,-1.2290
490413,0.0664,0.0156,1.1475,-0.6489,1.9924,-1.1221
490423,0.0718,0.0164,1.1392,-0.4427,1.8855,-1.1832
490433,0.0669,0.0149,1.1418,-0.7252,1.9542,-1.3817
490443,0.0713,0.0210,1.1421,-0.5954,2.2366,-1.2824
490453,0.0684,0.0183,1.1487,-0.2214,1.9847,-1.2214
490463,0.0710,0.0190,1.1353,-0.6565,1.9924,-1.4885
490473,0.0676,0.0159,1.1431,-0.4809,2.0687,-1.3206
490483,0.0684,0.0178,1.1455,-0.7405,1.8931,-1.3969
490493,0.0696,0.0168,1.1396,-0.7023,2.2214,-1.4046
490503,0.0696,0.0132,1.1433,-0.4580,2.3588,-1.2137
490513,0.0681,0.0181,1.1406,-0.5267,1.9237,-1.4504
490523,0.0737,0.0134,1.1426,-0.2672,2.0458,-1.2443
490533,0.0706,0.0156,1.1475,-0.7557,2.0687,-1.3817
490543,0.0730,0.0164,1.1372,-0.9008,1.9924,-1.1450
490553,0.0710,0.0144,1.1450,-0.3664,2.1527,-1.2672
490563,0.0698,0.0154,1.1443,-0.4427,2.1527,-1.4885
490573,0.0684,0.0183,1.1401,-0.5878,1.8321,-1.2366
490583,0.0701,0.0173,1.1418,-0.6260,2.0305,-1.1221
490593,0.0718,0.0149,1.1462,-0.5115,2.1603,-1.1832
490603,0.0688,0.0144,1.1458,-0.8321,2.0000,-1.3511
490613,0.0713,0.0103,1.1335,-0.5649,2.0458,-1.2519
490623,0.0669,0.0156,1.1428,-0.2443,1.9924,-1.2519
490633,0.0718,0.0139,1.1416,-0.4427,2.0840,-1.2137
490643,0.0715,0.0181,1.1438,-0.5191,2.2595,-1.2366
490653,0.0730,0.0198,1.1431,-0.5191,2.0992,-1.4580
490663,0.0684,0.0171,1.1392,-0.6565,1.9160,-1.1145
490673,0.0691,0.0193,1.1401,-0.6412,2.0153,-1.4656
490683,0.0710,0.0173,1.1384,-0.5115,2.0992,-1.3359
490693,0.0686,0.0173,1.1450,-0.7099,2.1069,-1.0458
490703,0.0728,0.0166,1.1379,-0.6718,1.8397,-1.2061
490713,0.0718,0.0159,1.1416,-0.4656,2.2443,-1.3817
490723,0.0708,0.0134,1.1460,-0.2824,2.1832,-1.2443
490733,0.0701,0.0161,1.1379,-0.4504,2.0992,-1.5954
490743,0.0710,0.0178,1.1389,-0.5954,1.9008,-1.5115
490753,0.0710,0.0176,1.1475,-0.6565,2.2672,-1.3359
490763,0.0708,0.0168,1.1509,-0.5420,2.0305,-1.1985
490773,0.0693,0.0122,1.1396,-0.4198,2.1450,-1.0687
490783,0.0715,0.0171,1.1414,-0.6260,2.0916,-1.1298
490793,0.0708,0.0176,1.1519,-0.4580,1.8702,-1.2901
490803,0.0691,0.0154,1.1392,-0.9924,1.8550,-1.2748
490813,0.0679,0.0159,1.1450,-0.5191,2.1145,-1.5649
490823,0.0698,0.0168,1.1479,-0.6260,1.9313,-1.2595
490833,0.0696,0.0176,1.1467,-0.7023,2.2061,-1.3893
490843,0.0701,0.0200,1.1448,-0.6336,1.9847,-1.2061
490853,0.0730,0.0156,1.1492,-0.7252,2.1069,-1.5649
490863,0.0708,0.0159,1.1477,-0.3969,2.1298,-1.4351
490873,0.0720,0.0164,1.1401,-0.5878,2.0382,-1.3282
490883,0.0698,0.0193,1.1472,-0.4733,1.8702,-1.1679
490893,0.0710,0.0173,1.1440,-0.6947,1.8626,-1.2824
490903,0.0681,0.0188,1.1475,-0.5496,1.9237,-1.4427
490913,0.0732,0.0164,1.1462,-0.2748,2.0534,-1.4275
490923,0.0688,0.0127,1.1516,-0.7405,1.8855,-1.5344
490933,0.0713,0.0154,1.1497,-0.6336,2.0687,-1.4198
490943,0.0696,0.0186,1.1482,-0.6107,2.1985,-1.4351
490953,0.0723,0.0173,1.1416,-0.5420,2.0382,-1.4962
490963,0.0701,0.0164,1.1458,-0.4122,1.8397,-1.4504
490973,0.0671,0.0168,1.1440,-0.1832,2.0229,-1.2748
490983,0.0701,0.0137,1.1401,-0.4504,2.0611,-1.3740
490993,0.0679,0.0168,1.1416,-0.8321,2.1374,-1.4885
491003,0.0720,0.0173,1.1450,-0.5267,2.1832,-1.3511
491013,0.0686,0.0156,1.1404,-0.5802,2.1221,-1.4733
491023,0.0720,0.0146,1.1387,-0.6412,2.0229,-1.3282
491033,0.0703,0.0166,1.1443,-0.5115,2.0687,-1.5725
491043,0.0691,0.0127,1.1414,-0.3740,2.1069,-1.4962
491053,0.0735,0.0132,1.1372,-0.4351,1.9771,-1.4733
491063,0.0740,0.0144,1.1443,-0.8092,1.9084,-1.3969
491073,0.0728,0.0183,1.1440,-0.8702,1.9924,-1.0382
491083,0.0693,0.0142,1.1350,-0.6641,2.0763,-1.1908
491093,0.0696,0.0173,1.1411,-0.7099,2.1527,-1.6260
491103,0.0735,0.0134,1.1521,-0.5420,2.1832,-1.3893
491113,0.0732,0.0142,1.1453,-0.7863,2.0534,-1.1832
491123,0.0684,0.0156,1.1360,-0.7023,2.2290,-1.1679
491133,0.0706,0.0142,1.1455,-0.6336,2.1374,-1.1985
491143,0.0725,0.0181,1.1418,-0.7099,2.3588,-1.2519
491153,0.0718,0.0149,1.1421,-0.5267,2.0076,-1.2672
491163,0.0686,0.0122,1.1494,-0.6641,2.3206,-1.4580
491173,0.0667,0.0166,1.1458,-0.3435,2.1679,-1.4656
491183,0.0659,0.0217,1.1387,-0.5649,2.1908,-1.3588
491193,0.0698,0.0173,1.1445,-0.7252,2.2519,-1.5344
491203,0.0737,0.0166,1.1472,-0.4427,2.0611,-1.5573
491213,0.0679,0.0181,1.1348,-0.7634,2.2290,-1.1298
491223,0.0696,0.0173,1.1423,-0.5725,2.0763,-1.3282
491233,0.0693,0.0164,1.1416,-0.5649,2.2214,-1.3893
491243,0.0698,0.0154,1.1362,-0.6183,1.9389,-1.0763
491253,0.0693,0.0168,1.1475,-0.6565,1.9160,-1.0840
491263,0.0681,0.0190,1.1450,-0.5115,2.0229,-1.4122
491273,0.0713,0.0134,1.1465,-0.7710,1.8015,-1.4351
491283,0.0698,0.0176,1.1470,-0.4504,2.2443,-1.5496
491293,0.0706,0.0154,1.1418,-0.5191,1.8321,-1.2137
491303,0.0691,0.0168,1.1423,-0.7023,2.0534,-1.3817
491313,0.0730,0.0137,1.1497,-0.7023,2.2290,-1.4809
491323,0.0703,0.0137,1.1448,-0.8397,2.0840,-1.3817
491333,0.0696,0.0154,1.1340,-0.6183,1.7481,-1.3511
491343,0.0669,0.0222,1.1401,-0.5954,2.0763,-1.2748
491353,0.0698,0.0181,1.1465,-0.5725,2.0000,-1.2366
491363,0.0742,0.0190,1.1416,-0.5878,2.1374,-1.0687
491373,0.0718,0.0159,1.1401,-0.2977,2.1450,-1.2977
491383,0.0762,0.0117,1.1470,-0.6412,2.2061,-1.3664
491393,0.0713,0.0161,1.1423,-0.5573,2.0076,-1.4809
491403,0.0723,0.0181,1.1462,-0.6260,2.2824,-1.2977
491413,0.0706,0.0156,1.1521,-0.4427,2.0763,-1.3359
491423,0.0723,0.0142,1.1475,-0.7405,1.8473,-1.6489
491433,0.0750,0.0156,1.1465,-0.4122,1.8092,-1.3511
491443,0.0728,0.0190,1.1458,-0.5115,2.1679,-1.5649
491453,0.0732,0.0171,1.1448,-0.8779,2.0382,-1.4046
491463,0.0686,0.0151,1.1494,-0.5802,2.0000,-1.4275
491473,0.0684,0.0190,1.1396,-0.4733,2.0611,-1.3435
491483,0.0684,0.0171,1.1465,-0.6260,2.0076,-1.3740
491493,0.0701,0.0159,1.1431,-0.7481,2.0458,-1.3817
491503,0.0671,0.0117,1.1545,-0.4427,2.1527,-1.6260
491513,0.0715,0.0171,1.1438,-0.2443,2.1527,-1.2672
491523,0.0693,0.0154,1.1460,-0.5649,2.2901,-1.0534
491533,0.0723,0.0183,1.1462,-0.5878,2.0916,-1.2748
491543,0.0730,0.0127,1.1401,-0.4046,1.9618,-1.3511
491553,0.0701,0.0142,1.1462,-0.7405,2.0153,-1.1908
491563,0.0671,0.0151,1.1448,-0.6107,2.1298,-1.3206
491573,0.0698,0.0142,1.1445,-0.5038,1.9160,-1.1374
491583,0.0698,0.0146,1.1484,-0.6183,2.0458,-1.4962
491593,0.0676,0.0159,1.1472,-0.6718,1.8626,-1.2672
491603,0.0701,0.0146,1.1438,-0.4885,2.0458,-1.2977
491613,0.0688,0.0203,1.1389,-0.7328,1.8321,-1.3969
491623,0.0696,0.0139,1.1460,-0.5038,2.1908,-1.0611
491633,0.0674,0.0166,1.1426,-0.6336,1.9160,-1.1603
491643,0.0701,0.0129,1.1387,-0.5649,2.0840,-1.2824
491653,0.0684,0.0178,1.1509,-0.3435,2.1450,-1.3588
491663,0.0715,0.0178,1.1440,-0.5802,2.0840,-1.3511
491673,0.0696,0.0176,1.1470,-0.7099,1.9466,-1.3588
491683,0.0693,0.0181,1.1440,-0.7023,2.0534,-1.4122
491693,0.0701,0.0161,1.1504,-0.6336,2.1679,-1.3435
491703,0.0715,0.0112,1.1416,-0.5191,2.1832,-1.2748
491713,0.0676,0.0171,1.1423,-0.9695,2.1069,-1.2824
491723,0.0693,0.0146,1.1467,-0.9008,2.1603,-1.2977
491733,0.0723,0.0171,1.1440,-0.6794,2.0382,-1.4046
491743,0.0706,0.0164,1.1472,-0.4351,2.0534,-1.3053
491753,0.0703,0.0144,1.1455,-0.8855,2.2290,-1.1756
491763,0.0715,0.0171,1.1377,-0.7557,2.0687,-1.4351
491773,0.0676,0.0198,1.1462,-0.1756,2.1221,-1.3130
491783,0.0691,0.0149,1.1401,-0.6565,2.1374,-1.3130
491793,0.0759,0.0151,1.1458,-0.5115,1.9847,-1.2595
491803,0.0693,0.0173,1.1455,-0.6489,2.0382,-1.4427
491813,0.0706,0.0178,1.1460,-0.7863,2.1450,-1.5191
491823,0.0693,0.0193,1.1465,-0.7328,2.0534,-1.3206
491833,0.0688,0.0168,1.1465,-0.3817,1.8931,-1.3130
491843,0.0698,0.0200,1.1416,-0.9008,2.0305,-1.4198
491853,0.0715,0.0168,1.1487,-0.7176,2.1756,-1.1985
491863,0.0732,0.0188,1.1399,-0.6412,2.1527,-1.2977
491873,0.0718,0.0190,1.1426,-0.6412,2.1221,-1.1603
491883,0.0706,0.0208,1.1394,-0.6718,2.1985,-1.3511
491893,0.0698,0.0186,1.1460,-0.3893,1.6870,-1.3130
491903,0.0745,0.0134,1.1436,-0.6947,2.0840,-1.3435
491913,0.0698,0.0132,1.1428,-0.6718,1.9237,-1.2595
491923,0.0745,0.0122,1.1418,-0.4046,1.9847,-1.5420
491933,0.0693,0.0171,1.1418,-0.5649,2.0916,-1.4427
491943,0.0740,0.0183,1.1482,-0.6183,2.1069,-1.3588
491953,0.0720,0.0132,1.1448,-0.7328,2.0458,-1.3511
491963,0.0713,0.0149,1.1421,-0.6107,1.9847,-1.4580
491973,0.0688,0.0156,1.1467,-0.8321,2.0305,-1.3588
491983,0.0671,0.0159,1.1489,-0.5496,2.1832,-1.3817
491993,0.0674,0.0154,1.1460,-0.4733,1.9618,-1.2977
492003,0.0745,0.0164,1.1523,-0.6107,2.1221,-1.5115
492013,0.0723,0.0137,1.1462,-0.7939,2.1527,-1.5038
492023,0.0708,0.0198,1.1426,-1.0000,2.2061,-1.4351
492033,0.0679,0.0168,1.1426,-0.4122,2.1908,-1.5573
492043,0.0710,0.0154,1.1472,-0.6718,2.1908,-1.4046
492053,0.0713,0.0139,1.1499,-0.8015,2.1221,-1.2214
492063,0.0681,0.0176,1.1445,-0.6947,2.1298,-1.7481
492073,0.0730,0.0188,1.1475,-0.4504,1.8931,-1.2443
492083,0.0737,0.0171,1.1438,-0.3664,1.9847,-1.4427
492093,0.0669,0.0168,1.1448,-0.3664,2.1145,-1.2061
492103,0.0664,0.0146,1.1448,-0.4580,2.1908,-1.4046
492113,0.0720,0.0208,1.1409,-0.7176,2.1527,-1.4198
492123,0.0737,0.0166,1.1436,-0.7099,2.1145,-1.1221
492133,0.0715,0.0127,1.1409,-0.7405,2.1527,-1.4046
492143,0.0740,0.0149,1.1455,-0.6489,2.0687,-1.6718
492153,0.0735,0.0173,1.1433,-0.5573,2.0000,-1.2519
492163,0.0696,0.0190,1.1519,-0.6641,2.0611,-1.2214
492173,0.0706,0.0159,1.1418,-0.6031,2.0305,-1.4656
492183,0.0752,0.0161,1.1458,-1.0153,2.1603,-1.2748
492193,0.0710,0.0149,1.1467,-0.6031,2.0382,-1.3588
492203,0.0706,0.0159,1.1445,-0.5878,2.1298,-1.3130
492213,0.0708,0.0171,1.1409,-0.6336,2.2137,-1.5649
492223,0.0696,0.0173,1.1414,-0.3588,2.2290,-1.3588
492233,0.0706,0.0181,1.1458,-0.5725,1.9847,-1.2366
492243,0.0720,0.0166,1.1475,-0.7405,2.1145,-1.3282
492253,0.0662,0.0173,1.1406,-0.6947,2.1221,-1.3740
492263,0.0688,0.0156,1.1462,-0.6565,2.0763,-1.3359
492273,0.0708,0.0164,1.1516,-0.5802,2.0305,-1.4275
492283,0.0701,0.0125,1.1428,-0.7252,1.7939,-1.1603
492293,0.0681,0.0166,1.1431,-0.6794,1.8855,-1.2443
492303,0.0725,0.0171,1.1436,-0.0687,1.6718,-1.6107
492313,0.0740,0.0125,1.1448,-0.5115,2.0840,-1.1527
492323,0.0688,0.0156,1.1431,-0.7557,2.1908,-1.1756
492333,0.0710,0.0134,1.1497,-0.4656,2.1603,-1.3053
492343,0.0684,0.0144,1.1433,-0.6412,1.8397,-1.3206
492353,0.0718,0.0212,1.1394,-0.5878,2.0916,-1.2977
492363,0.0754,0.0164,1.1416,-0.7252,2.1603,-1.3740
492373,0.0688,0.0188,1.1401,-0.4198,2.0305,-1.4198
492383,0.0723,0.0159,1.1433,-0.7176,2.0916,-1.4351
492393,0.0679,0.0173,1.1477,-0.3435,2.0305,-1.0687
492403,0.0662,0.0142,1.1404,-0.5267,2.0840,-1.3969
492413,0.0745,0.0198,1.1497,-0.5649,1.8397,-1.6336
492423,0.0698,0.0156,1.1484,-0.4275,2.0076,-1.2519
492433,0.0706,0.0139,1.1387,-0.6947,2.1908,-1.4046
492443,0.0671,0.0139,1.1431,-0.4351,1.9695,-1.3206
492453,0.0703,0.0142,1.1440,-0.8015,2.0229,-1.2977
492463,0.0713,0.0132,1.1394,-0.6718,1.9313,-1.2137
492473,0.0713,0.0178,1.1414,-0.3969,2.1069,-1.2977
492483,0.0671,0.0142,1.1467,-0.6412,2.1069,-1.2901
492493,0.0696,0.0217,1.1497,-0.9084,1.9084,-1.3511
492503,0.0681,0.0208,1.1462,-0.6718,2.0916,-1.3206
492513,0.0701,0.0200,1.1484,-0.8702,1.9237,-1.2443
492523,0.0723,0.0171,1.1433,-0.4733,2.0611,-1.3969
492533,0.0698,0.0134,1.1450,-0.8397,2.0611,-1.3740
492543,0.0667,0.0100,1.1477,-0.3740,2.0534,-1.5649
492553,0.0706,0.0168,1.1448,-0.8092,2.1679,-1.0763
492563,0.0750,0.0139,1.1389,-0.6565,1.8931,-1.4504
492573,0.0693,0.0188,1.1389,-0.5649,1.8015,-1.2977
492583,0.0750,0.0166,1.1467,-0.5115,1.8702,-1.0763
492593,0.0762,0.0198,1.1399,-0.7557,2.0611,-1.1756
492603,0.0696,0.0173,1.1462,-0.5649,2.1985,-1.5115
492613,0.0710,0.0129,1.1453,-0.4885,2.1527,-1.3588
492623,0.0691,0.0149,1.1418,-0.7634,2.1298,-1.0916
492633,0.0681,0.0164,1.1409,-0.6718,1.9466,-1.0687
492643,0.0696,0.0161,1.1484,-0.7328,1.8168,-0.9924
492653,0.0667,0.0161,1.1414,-0.7099,2.0382,-1.3588
492663,0.0691,0.0166,1.1465,-0.5802,2.1527,-1.1756
492673,0.0691,0.0178,1.1450,-0.8397,2.0000,-1.4122
492683,0.0752,0.0115,1.1487,-0.3969,2.4122,-1.4351
492693,0.0681,0.0125,1.1487,-0.5267,1.9847,-1.3435
492703,0.0723,0.0166,1.1445,-0.5344,2.1756,-1.3740
492713,0.0725,0.0166,1.1440,-0.6107,2.0840,-1.4122
492723,0.0720,0.0159,1.1460,-0.4809,1.9008,-1.4275
492733,0.0735,0.0161,1.1433,-0.7481,2.0305,-1.3511
492743,0.0725,0.0154,1.1426,-0.5802,2.0305,-1.4504
492753,0.0701,0.0176,1.1470,-0.8473,2.1832,-1.2901
492763,0.0708,0.0146,1.1467,-0.7405,1.9847,-1.4275
492773,0.0676,0.0195,1.1416,-0.3740,2.2061,-1.3435
492783,0.0686,0.0198,1.1436,-0.5954,2.1603,-1.1374
492793,0.0691,0.0129,1.1433,-0.2519,1.9237,-1.4275
492803,0.0693,0.0154,1.1416,-0.5115,2.1756,-1.5420
492813,0.0720,0.0154,1.1426,-0.5191,2.0763,-1.6336
492823,0.0706,0.0139,1.1462,-0.8015,2.0000,-1.3588
492833,0.0691,0.0139,1.1438,-0.8550,1.9924,-1.2595
492843,0.0706,0.0171,1.1448,-0.6794,1.9389,-1.1603
492853,0.0725,0.0166,1.1414,-0.6031,1.9389,-0.9466
492863,0.0681,0.0129,1.1470,-0.5267,1.9771,-1.4198
492873,0.0715,0.0181,1.1458,-0.7099,2.1221,-0.9618
492883,0.0715,0.0164,1.1462,-0.5344,2.0000,-1.0992
492893,0.0718,0.0151,1.1418,-0.5878,1.9084,-1.4656
492903,0.0750,0.0139,1.1416,-0.6870,1.9389,-1.2672
492913,0.0686,0.0139,1.1436,-0.4733,2.4122,-1.2290
492923,0.0693,0.0154,1.1487,-0.6794,2.0840,-1.2748
492933,0.0713,0.0173,1.1458,-0.7099,2.2137,-1.3664
492943,0.0715,0.0137,1.1487,-0.5573,2.0076,-1.2977
492953,0.0681,0.0200,1.1460,-0.8550,1.9237,-1.3511
492963,0.0708,0.0127,1.1494,-0.5802,2.0611,-1.1756
492973,0.0701,0.0164,1.1458,-0.6947,1.9542,-1.2901
492983,0.0728,0.0132,1.1472,-0.7634,1.9542,-1.4504
492993,0.0745,0.0149,1.1484,-0.6260,2.0534,-1.1756
493003,0.0708,0.0178,1.1455,-0.2977,2.0916,-1.5573
493013,0.0708,0.0151,1.1475,-0.6489,2.0611,-1.2595
493023,0.0713,0.0134,1.1404,-0.6489,2.0076,-1.2366
493033,0.0732,0.0203,1.1436,-0.7557,2.2061,-1.3282
493043,0.0691,0.0137,1.1370,-0.6565,2.1603,-1.2519
493053,0.0706,0.0195,1.1411,-0.7710,1.9542,-1.2366
493063,0.0735,0.0151,1.1416,-0.6107,2.0992,-1.1450
493073,0.0696,0.0166,1.1431,-0.7252,2.1679,-1.2137
493083,0.0679,0.0183,1.1455,-0.8626,1.9618,-1.3969
493093,0.0701,0.0156,1.1499,-0.5420,2.3511,-1.1603
493103,0.0725,0.0168,1.1443,-0.3206,2.0076,-1.2061
493113,0.0723,0.0151,1.1453,-0.5649,1.8855,-1.4504
493123,0.0710,0.0166,1.1436,-0.3664,2.0153,-1.3740
493133,0.0703,0.0166,1.1340,-0.5344,1.9542,-1.5191
493143,0.0691,0.0164,1.1421,-0.6947,2.0153,-1.5191
493153,0.0732,0.0156,1.1472,-0.6641,2.0840,-1.2901
493163,0.0652,0.0166,1.1506,-0.6947,2.1679,-1.4046
493173,0.0681,0.0178,1.1445,-0.5267,2.1145,-1.1145
493183,0.0669,0.0181,1.1475,-0.6412,2.1985,-1.2519
493193,0.0674,0.0156,1.1382,-0.7099,2.0382,-1.1374
493203,0.0752,0.0144,1.1462,-0.7176,2.0992,-1.3588
493213,0.0715,0.0129,1.1384,-0.4656,2.0076,-1.3664
493223,0.0713,0.0144,1.1479,-0.5878,2.0534,-1.4580
493233,0.0710,0.0125,1.1482,-0.7252,2.0305,-1.2519
493243,0.0701,0.0149,1.1433,-0.7939,2.3817,-1.6260
493253,0.0723,0.0154,1.1440,-0.6412,1.9618,-1.0305
493263,0.0723,0.0154,1.1426,-0.4733,2.1221,-1.2366
493273,0.0688,0.0125,1.1472,-0.6336,1.9695,-1.5954
493283,0.0684,0.0146,1.1455,-0.7252,1.9313,-1.2748
493293,0.0706,0.0178,1.1450,-0.6031,2.1221,-1.1985
493303,0.0688,0.0129,1.1411,-0.6183,1.8855,-1.3893
493313,0.0703,0.0154,1.1489,-0.5802,1.9389,-1.3588
493323,0.0676,0.0146,1.1431,-0.6107,2.1603,-1.4809
493333,0.0701,0.0112,1.1416,-0.5191,1.9389,-1.3206
493343,0.0669,0.0154,1.1440,-0.3893,1.9542,-1.2595
493353,0.0681,0.0176,1.1443,-0.7176,2.0687,-1.2977
493363,0.0686,0.0181,1.1416,-0.6336,1.9847,-1.6565
493373,0.0703,0.0149,1.1455,-0.6260,1.9847,-1.2901
493383,0.0708,0.0186,1.1433,-0.6336,1.9466,-1.5038
493393,0.0708,0.0181,1.1462,-0.3359,2.0382,-1.5344
493403,0.0750,0.0132,1.1477,-0.5191,2.1832,-1.4656
493413,0.0713,0.0171,1.1428,-0.7939,2.0611,-1.5038
493423,0.0713,0.0176,1.1377,-0.4656,2.1450,-1.3359
493433,0.0708,0.0173,1.1396,-0.5878,2.0076,-1.3664
493443,0.0684,0.0149,1.1499,-0.3588,2.0840,-1.6794
493453,0.0701,0.0198,1.1448,-0.7252,1.9618,-1.3511
493463,0.0662,0.0161,1.1526,-0.8779,2.0687,-1.5878
493473,0.0730,0.0161,1.1404,-0.6183,2.1603,-1.3282
493483,0.0701,0.0161,1.1404,-0.7176,2.1603,-1.2290
493493,0.0713,0.0168,1.1428,-0.5802,2.1145,-1.3282
493503,0.0671,0.0142,1.1428,-0.8244,2.1756,-1.4427
493513,0.0708,0.0186,1.1445,-0.6947,2.0382,-1.2824
493523,0.0713,0.0125,1.1443,-0.5649,2.3282,-1.3359
493533,0.0750,0.0159,1.1472,-0.4656,1.9084,-1.4580
493543,0.0686,0.0161,1.1411,-0.7252,1.9313,-1.1832
493553,0.0764,0.0176,1.1609,-0.7481,1.9847,-1.4733
493563,0.0662,0.0154,1.1387,-0.7328,2.1832,-1.2061
493573,0.0745,0.0127,1.1404,-0.5954,2.0687,-1.3206
493583,0.0732,0.0183,1.1401,-0.7710,2.0229,-1.3969
493593,0.0715,0.0151,1.1440,-0.8321,1.9618,-1.4122
493603,0.0710,0.0154,1.1489,-0.9237,1.9924,-1.2901
493613,0.0730,0.0200,1.1450,-0.7023,2.1221,-1.5344
493623,0.0725,0.0173,1.1399,-0.5954,2.3893,-1.4351
493633,0.0688,0.0166,1.1472,-0.5573,2.3435,-1.2672
493643,0.0735,0.0154,1.1477,-0.5573,2.0229,-0.9771
493653,0.0735,0.0173,1.1433,-0.5344,2.1527,-1.3664
493663,0.0710,0.0176,1.1394,-0.6565,2.1679,-1.3359
493673,0.0735,0.0183,1.1384,-0.5954,2.0840,-1.0763
493683,0.0715,0.0164,1.1404,-0.7252,2.0611,-1.3282
493693,0.0664,0.0129,1.1453,-0.9389,2.1603,-1.4656
493703,0.0671,0.0088,1.1411,-0.9008,2.2977,-1.1145
493713,0.0698,0.0176,1.1357,-0.3206,2.0153,-1.4733
493723,0.0720,0.0183,1.1436,-0.5725,2.2214,-1.1145
493733,0.0693,0.0134,1.1484,-0.6107,2.1603,-1.1527
493743,0.0725,0.0139,1.1450,-0.5573,1.6489,-1.6183
493753,0.0720,0.0193,1.1453,-0.3588,1.9847,-1.0076
493763,0.0706,0.0156,1.1436,-0.7939,2.1527,-1.3053
493773,0.0701,0.0098,1.1389,-0.4656,2.1679,-1.2519
493783,0.0730,0.0159,1.1411,-0.8626,2.1145,-1.1603
493793,0.0723,0.0171,1.1501,-0.6565,2.1221,-1.3206
493803,0.0708,0.0144,1.1411,-0.8244,2.2519,-1.6107
493813,0.0764,0.0168,1.1426,-0.4275,2.1069,-1.1756
493823,0.0691,0.0144,1.1450,-0.6947,1.9695,-1.2443
493833,0.0708,0.0171,1.1455,-0.7863,2.0382,-1.3511
493843,0.0740,0.0166,1.1426,-0.5802,2.1145,-1.4809
493853,0.0728,0.0161,1.1431,-0.8626,2.1527,-1.2824
493863,0.0713,0.0173,1.1467,-0.3969,1.8931,-1.0229
493873,0.0720,0.0139,1.1453,-0.5267,1.8244,-1.2748
493883,0.0698,0.0161,1.1453,-0.7176,1.9618,-0.9084
493893,0.0696,0.0144,1.1448,-0.5802,2.2366,-1.3206
493903,0.0708,0.0168,1.1440,-0.9389,2.1832,-1.3893
493913,0.0728,0.0168,1.1436,-0.8015,2.0763,-1.3588
493923,0.0657,0.0171,1.1438,-0.4885,2.1221,-1.4885
493933,0.0710,0.0183,1.1465,-0.5344,2.1145,-1.5649
493943,0.0750,0.0195,1.1416,-0.3130,2.1679,-1.1756
493953,0.0745,0.0168,1.1458,-0.6031,2.1908,-1.2214
493963,0.0718,0.0193,1.1404,-0.6718,1.9542,-1.3206
493973,0.0708,0.0142,1.1497,-0.6565,1.9313,-1.3511
493983,0.0710,0.0164,1.1243,-0.4351,2.1679,-1.5267
493993,0.0723,0.0134,1.1421,-0.7939,2.1679,-1.3817
494003,0.0715,0.0129,1.1450,-0.6870,2.2977,-1.2214
494013,0.0708,0.0151,1.1433,-0.6794,2.2977,-1.1679
494023,0.0681,0.0151,1.1389,-0.5115,2.1069,-1.3206
494033,0.0706,0.0139,1.1438,-0.4504,2.3435,-1.4885
494043,0.0706,0.0159,1.1479,-0.5267,1.9237,-1.4809
494053,0.0715,0.0125,1.1418,-0.5038,2.0611,-1.2595
494063,0.0723,0.0161,1.1448,-0.7252,2.1985,-1.5573
494073,0.0715,0.0149,1.1533,-0.6489,1.8397,-1.3664
494083,0.0696,0.0137,1.1426,-0.7099,2.0000,-1.4504
494093,0.0725,0.0151,1.1462,-0.3817,2.0229,-1.6107
494103,0.0745,0.0125,1.1470,-0.5573,1.8244,-1.6183
494113,0.0713,0.0195,1.1431,-0.8779,2.2748,-1.4275
494123,0.0688,0.0178,1.1436,-0.6107,1.9313,-1.5344
494133,0.0725,0.0156,1.1462,-0.5878,2.0840,-1.1298
494143,0.0708,0.0164,1.1406,-0.5802,2.0076,-1.2366
494153,0.0708,0.0144,1.1401,-0.5725,2.0687,-1.4733
494163,0.0676,0.0125,1.1472,-0.6718,2.2366,-1.0916
494173,0.0710,0.0129,1.1462,-0.7252,1.9695,-1.5267
494183,0.0745,0.0198,1.1409,-0.7099,1.7252,-1.7099
494193,0.0681,0.0186,1.1440,-0.4733,2.1679,-1.6107
494203,0.0745,0.0122,1.1428,-0.6183,2.0840,-1.2977
494213,0.0742,0.0139,1.1465,-0.4504,2.0229,-1.3359
494223,0.0710,0.0178,1.1628,-0.8092,1.6794,-1.5496
494233,0.0698,0.0142,1.1448,-0.4198,2.0763,-1.0076
494243,0.0728,0.0134,1.1479,-0.7786,2.1450,-1.5649
494253,0.0715,0.0139,1.1492,-0.4504,2.2061,-1.3435
494263,0.0703,0.0137,1.1440,-0.5191,1.8397,-1.1374
494273,0.0671,0.0132,1.1475,-0.7634,2.1832,-1.3969
494283,0.0774,0.0151,1.1428,-0.5115,2.1298,-1.3588
494293,0.0645,0.0198,1.1523,-0.3359,1.7939,-1.2443
494304,0.0718,0.0156,1.1411,-0.7328,1.9618,-1.5878
494313,0.0713,0.0132,1.1387,-0.7863,2.0687,-1.4656
494323,0.0723,0.0173,1.1482,-0.8015,2.2061,-1.2137
494333,0.0713,0.0159,1.1445,-0.4351,1.9695,-1.3511
494343,0.0710,0.0151,1.1458,-0.3817,2.0916,-1.0840
494353,0.0723,0.0146,1.1377,-0.9466,1.9313,-1.4198
494363,0.0745,0.0146,1.1418,-0.7710,2.0611,-1.1069
494373,0.0735,0.0149,1.1357,-0.4198,2.1298,-1.3893
494383,0.0688,0.0166,1.1414,-0.4275,2.2061,-1.4122
494393,0.0681,0.0168,1.1350,-0.6947,2.1145,-1.2595
494403,0.0706,0.0154,1.1450,-0.7176,2.1145,-1.2443
494413,0.0698,0.0144,1.1528,-0.6489,2.1756,-1.4580
494423,0.0686,0.0173,1.1440,-0.4198,2.0305,-1.5878
494433,0.0718,0.0127,1.1455,-0.4885,2.2290,-1.1756
494443,0.0669,0.0120,1.1423,-0.7634,2.0305,-1.3969
494453,0.0706,0.0168,1.1453,-0.7328,1.9771,-1.2519
494463,0.0684,0.0193,1.1392,-0.7710,2.2977,-1.3435
494473,0.0706,0.0156,1.1475,-0.7557,1.9389,-1.4122
494483,0.0718,0.0134,1.1477,-0.4733,2.0000,-1.1908
494493,0.0696,0.0188,1.1428,-0.8244,2.1603,-1.3817
494503,0.0720,0.0142,1.1492,-0.6489,2.2214,-1.2595
494513,0.0732,0.0107,1.1475,-0.6183,2.1450,-1.4122
494523,0.0688,0.0139,1.1411,-0.4351,2.0763,-1.2061
494533,0.0676,0.0178,1.1492,-0.8321,1.9237,-1.4809
494543,0.0742,0.0146,1.1499,-0.7023,2.3588,-1.4275
494553,0.0691,0.0168,1.1360,-0.5267,2.0229,-1.3664
494563,0.0652,0.0142,1.1396,-0.5954,1.9313,-1.1298
494573,0.0686,0.0176,1.1426,-0.5038,2.0076,-1.6336
494583,0.0769,0.0208,1.1470,-0.5802,2.2290,-1.2672
494593,0.0691,0.0178,1.1394,-0.6565,2.2672,-1.5649
494603,0.0720,0.0166,1.1414,-0.4733,2.1450,-1.1221
494613,0.0696,0.0181,1.1389,-0.6794,2.0229,-1.6489
494623,0.0723,0.0161,1.1409,-0.6947,1.9466,-1.7023
494633,0.0715,0.0149,1.1406,-0.5038,2.0916,-1.3282
494643,0.0706,0.0188,1.1467,-0.5115,1.8550,-1.3053
494653,0.0713,0.0156,1.1475,-0.5802,2.1298,-1.2214
494663,0.0732,0.0132,1.1404,-0.6412,2.0992,-1.3893
494673,0.0669,0.0139,1.1433,-0.6565,2.0687,-1.5344
494683,0.0808,0.0215,1.1416,-0.4885,2.4656,-1.5878
494693,0.0718,0.0154,1.1438,-0.6107,1.9084,-0.9237
494703,0.0740,0.0166,1.1445,-0.6412,2.2824,-1.3969
494713,0.0740,0.0132,1.1499,-0.6336,2.0763,-1.6641
494723,0.0754,0.0154,1.1594,-0.6260,1.9389,-1.4656
494733,0.0657,0.0161,1.1382,-0.5115,2.0840,-1.4351
494743,0.0706,0.0188,1.1433,-0.6260,2.1985,-1.5420
494753,0.0686,0.0146,1.1367,-0.3130,1.9160,-1.3511
494763,0.0696,0.0181,1.1489,-0.6489,2.1450,-1.2061
494773,0.0686,0.0137,1.1453,-0.8779,2.1450,-1.2443
494783,0.0708,0.0151,1.1448,-0.1069,2.1374,-1.0534
494793,0.0742,0.0164,1.1453,-0.7252,2.1069,-1.1832
494803,0.0708,0.0122,1.1465,-0.8397,1.8931,-1.4046
494813,0.0720,0.0129,1.1406,-0.8092,2.0916,-1.5115
494823,0.0769,0.0159,1.1401,-0.3969,1.9847,-1.1145
494833,0.0732,0.0122,1.1382,-0.6794,2.0000,-1.1985
494843,0.0730,0.0154,1.1411,-0.3817,1.9542,-1.0153
494853,0.0679,0.0139,1.1409,-0.8779,2.1908,-1.0687
494863,0.0664,0.0186,1.1355,-0.6183,2.0076,-1.2824
494873,0.0784,0.0190,1.1475,-0.7328,2.2061,-1.4962
494883,0.0669,0.0146,1.1394,-0.3282,2.0076,-1.2366
494893,0.0732,0.0193,1.1455,-0.4580,2.1145,-1.3053
494903,0.0723,0.0156,1.1448,-0.5649,2.0916,-1.3206
494913,0.0708,0.0151,1.1423,-0.5496,2.1756,-1.1145
494923,0.0718,0.0168,1.1433,-0.5115,2.1756,-1.3359
494933,0.0645,0.0171,1.1484,-0.1527,2.1374,-1.1298
494943,0.0703,0.0142,1.1409,-0.6031,2.0611,-1.3206
494953,0.0703,0.0171,1.1443,-0.6947,2.0153,-1.2214
494963,0.0684,0.0186,1.1455,-0.6489,2.1908,-1.2137
494973,0.0708,0.0181,1.1345,-0.3969,2.2290,-1.1527
494983,0.0725,0.0168,1.1370,-0.4733,1.9771,-1.2214
494993,0.0659,0.0154,1.1387,-0.6412,2.1908,-1.2672
495003,0.0664,0.0164,1.1418,-0.5725,1.8931,-1.1832
495013,0.0693,0.0142,1.1475,-0.4733,1.9466,-1.3817
495023,0.0713,0.0139,1.1484,-0.5191,1.9313,-1.2824
495033,0.0676,0.0203,1.1455,-0.7023,1.8321,-1.1374
495043,0.0708,0.0156,1.1423,-0.8702,2.0458,-1.1908
495053,0.0708,0.0134,1.1506,-0.4809,1.8550,-1.2214
495063,0.0698,0.0134,1.1458,-0.5420,1.8855,-1.5649
495073,0.0698,0.0159,1.1475,-0.6641,2.0458,-1.2290
495083,0.0735,0.0171,1.1511,-0.5573,2.1145,-1.2901
495093,0.0686,0.0146,1.1531,-0.5725,1.9084,-1.3664
495103,0.0703,0.0110,1.1411,-0.6107,2.0534,-1.5573
495113,0.0737,0.0144,1.1460,-0.8015,1.8397,-1.3969
495123,0.0701,0.0161,1.1526,-0.8321,2.0687,-1.2137
495133,0.0718,0.0166,1.1375,-0.6412,2.0076,-1.3740
495143,0.0688,0.0166,1.1426,-0.4351,1.9313,-1.1374
495153,0.0710,0.0176,1.1438,-0.6412,2.1069,-1.4351
495163,0.0708,0.0120,1.1458,-0.5573,2.2061,-1.4504
495173,0.0688,0.0164,1.1416,-0.5344,2.4351,-1.2443
495183,0.0647,0.0134,1.1372,-0.5802,1.8015,-1.5573
495193,0.0723,0.0164,1.1428,-0.7939,2.0229,-1.4351
495203,0.0703,0.0168,1.1418,-0.6489,1.9084,-1.4656
495213,0.0706,0.0139,1.1472,-0.6260,2.0076,-1.5954
495223,0.0706,0.0178,1.1514,-0.8397,2.0916,-1.4504
495233,0.0693,0.0127,1.1436,-0.6489,1.9542,-1.5267
495243,0.0703,0.0164,1.1379,-0.5878,1.8855,-1.4580
495253,0.0708,0.0186,1.1470,-0.6565,2.1985,-1.3588
495263,0.0715,0.0134,1.1438,-0.6336,2.1298,-1.3130
495273,0.0728,0.0183,1.1436,-0.7328,1.9542,-1.3053
495283,0.0701,0.0168,1.1433,-0.5954,2.0840,-1.1908
495293,0.0703,0.0122,1.1467,-0.8244,1.8092,-1.4198
495303,0.0703,0.0159,1.1448,-0.4809,1.8931,-1.2366
495313,0.0698,0.0168,1.1482,-0.8550,2.0763,-1.3817
495323,0.0710,0.0154,1.1423,-0.7023,2.1450,-1.4885
495333,0.0686,0.0200,1.1382,-0.5878,2.0382,-1.5267
495343,0.0703,0.0161,1.1404,-0.7176,2.1603,-1.3817
495353,0.0706,0.0188,1.1460,-0.7176,2.1832,-1.3969
495363,0.0732,0.0168,1.1494,-0.5115,2.0611,-1.0534
495373,0.0740,0.0154,1.1338,-0.6183,2.0687,-1.4504
495383,0.0667,0.0168,1.1440,-0.6031,2.2824,-1.4122
495393,0.0728,0.0222,1.1426,-0.6489,2.2290,-1.5954
495403,0.0701,0.0161,1.1523,-0.8015,2.1374,-1.2977
495413,0.0679,0.0146,1.1440,-0.3817,2.1908,-1.3969
495423,0.0708,0.0149,1.1438,-0.9008,2.4733,-1.4580
495433,0.0696,0.0171,1.1458,-0.6183,1.9695,-1.3359
495443,0.0718,0.0168,1.1445,-0.5802,2.4122,-1.7176
495453,0.0676,0.0195,1.1448,-0.6565,1.9847,-1.4122
495463,0.0686,0.0159,1.1458,-0.7557,2.2290,-1.3359
495473,0.0706,0.0134,1.1401,-0.7099,1.8168,-1.1298
495483,0.0654,0.0159,1.1467,-0.5878,2.2366,-1.3740
495493,0.0708,0.0188,1.1462,-0.4809,2.2977,-1.1298
495503,0.0708,0.0164,1.1377,-0.8244,2.2137,-1.3740
495513,0.0684,0.0166,1.1497,-0.8244,2.2595,-1.4351
495523,0.0725,0.0164,1.1404,-0.5496,2.0076,-1.2366
495533,0.0720,0.0168,1.1355,-0.7634,2.0916,-1.2595
495543,0.0681,0.0127,1.1377,-0.7252,2.1603,-1.1450
495553,0.0723,0.0154,1.1443,-0.4809,2.1374,-1.4122
495563,0.0757,0.0146,1.1453,-0.7481,2.0840,-1.2137
495573,0.0706,0.0127,1.1470,-0.7023,2.0992,-1.0763
495583,0.0701,0.0186,1.1394,-0.7099,2.2824,-1.5420
495593,0.0676,0.0220,1.1472,-0.6870,2.3740,-0.9771
495603,0.0684,0.0151,1.1445,-0.6031,2.2595,-1.2519
495613,0.0703,0.0195,1.1455,-0.7099,2.2366,-1.2977
495623,0.0681,0.0171,1.1360,-0.6565,1.8473,-1.3130
495633,0.0732,0.0183,1.1421,-0.4351,2.1374,-1.3435
495643,0.0679,0.0161,1.1450,-0.4733,2.0687,-1.2214
495653,0.0696,0.0171,1.1436,-0.6183,1.9466,-1.3282
495663,0.0728,0.0115,1.1514,-0.6870,2.0305,-1.2977
495673,0.0708,0.0186,1.1443,-0.7252,2.3664,-1.4275
495683,0.0696,0.0146,1.1406,-0.6489,2.0763,-1.4580
495693,0.0696,0.0149,1.1511,-0.5649,2.2595,-1.0534
495703,0.0659,0.0173,1.1443,-0.7863,2.0382,-1.2061
495713,0.0706,0.0149,1.1501,-0.8092,1.8321,-1.3359
495723,0.0720,0.0122,1.1479,-0.4885,1.8626,-1.4122
495733,0.0732,0.0176,1.1445,-0.5191,2.2443,-1.5420
495743,0.0696,0.0156,1.1501,-0.4809,2.0000,-1.1832
495753,0.0735,0.0161,1.1428,-0.6641,1.9771,-1.1374
495763,0.0698,0.0168,1.1409,-0.8321,2.1298,-1.1679
495773,0.0737,0.0149,1.1453,-0.5649,2.2137,-1.5115
495783,0.0703,0.0129,1.1455,-0.4809,2.0992,-1.0153
495793,0.0718,0.0164,1.1453,-0.5573,2.1221,-1.4427
495803,0.0706,0.0098,1.1475,-0.5038,2.1756,-1.6031
495813,0.0681,0.0144,1.1404,-0.7176,2.0992,-1.2443
495823,0.0720,0.0139,1.1460,-0.4733,1.8779,-1.1908
495833,0.0723,0.0203,1.1433,-0.4046,2.1450,-1.4656
495843,0.0703,0.0173,1.1458,-0.6641,1.9695,-1.2290
495853,0.0688,0.0156,1.1421,-0.3588,2.0534,-1.3740
495863,0.0708,0.0168,1.1418,-0.4962,2.1832,-1.4885
495873,0.0703,0.0154,1.1433,-0.7023,2.1679,-1.3359
495883,0.0701,0.0186,1.1414,-0.7710,2.0382,-1.3893
495893,0.0715,0.0161,1.1384,-0.7786,2.1832,-1.3053
495903,0.0706,0.0200,1.1409,-0.6107,2.1679,-1.4046
495913,0.0718,0.0149,1.1365,-0.7863,2.0229,-1.1527
495923,0.0691,0.0142,1.1509,-0.6336,1.8321,-1.4733
495933,0.0737,0.0139,1.1421,-0.4809,2.0229,-1.1145
495943,0.0686,0.0168,1.1497,-0.7634,1.9084,-1.5191
495953,0.0688,0.0149,1.1453,-0.6336,2.1069,-1.1527
495963,0.0688,0.0176,1.1418,-0.6107,1.8092,-1.2824
495973,0.0686,0.0166,1.1475,-0.4962,2.1450,-1.2672
495983,0.0708,0.0164,1.1440,-0.4733,2.2366,-1.1603
495993,0.0698,0.0178,1.1406,-0.9237,2.0840,-1.2061
496003,0.0703,0.0176,1.1431,-0.6260,2.0916,-1.4885
496013,0.0693,0.0186,1.1409,-0.5878,1.9618,-1.4809
496023,0.0674,0.0156,1.1448,-0.5344,2.0076,-1.1756
496033,0.0671,0.0164,1.1497,-0.7710,2.2901,-1.3817
496043,0.0706,0.0122,1.1436,-0.5725,1.8550,-1.5420
496053,0.0730,0.0188,1.1409,-0.5878,2.2901,-1.2977
496063,0.0710,0.0193,1.1445,-0.6107,2.0840,-1.3282
496073,0.0686,0.0137,1.1460,-0.8244,2.0076,-1.2214
496083,0.0676,0.0215,1.1443,-0.4046,2.1374,-1.3130
496093,0.0723,0.0161,1.1421,-0.6565,2.2901,-1.3435
496103,0.0681,0.0168,1.1492,-0.8092,1.9771,-1.3053
496113,0.0674,0.0151,1.1443,-0.5725,1.9542,-1.2748
496123,0.0725,0.0151,1.1462,-0.7863,1.9924,-1.1679
496133,0.0710,0.0139,1.1387,-0.4809,2.0305,-1.1527
496143,0.0706,0.0164,1.1406,-0.6107,2.2137,-1.2977
496153,0.0698,0.0151,1.1506,-0.6260,2.1603,-1.3053
496163,0.0659,0.0103,1.1482,-0.5496,1.9695,-1.2290
496173,0.0664,0.0164,1.1389,-0.6183,2.1908,-1.4198
496183,0.0696,0.0183,1.1492,-0.5267,2.1221,-1.0992
496193,0.0718,0.0137,1.1418,-0.6412,2.1069,-1.2290
496203,0.0754,0.0173,1.1438,-0.6641,1.9313,-1.3664
496213,0.0684,0.0164,1.1484,-0.9313,1.9771,-1.1985
496223,0.0718,0.0176,1.1401,-0.6031,1.9389,-1.3511
496233,0.0713,0.0178,1.1438,-0.6641,2.0458,-1.6947
496243,0.0723,0.0142,1.1392,-0.4962,1.8015,-1.4351
496253,0.0720,0.0176,1.1384,-0.5420,2.0992,-1.6641
496263,0.0686,0.0115,1.1458,-0.6183,2.2137,-1.3359
496273,0.0706,0.0188,1.1433,-0.6031,1.9389,-1.2519
496283,0.0693,0.0168,1.1387,-0.9008,1.9160,-1.4275
496293,0.0710,0.0181,1.1453,-0.6489,2.2137,-1.3206
496303,0.0713,0.0146,1.1426,-0.7252,2.1603,-1.1527
496313,0.0718,0.0173,1.1350,-0.7176,1.5802,-1.3206
496323,0.0718,0.0154,1.1458,-0.7634,2.2061,-1.7023
496333,0.0703,0.0139,1.1392,-0.4427,1.9771,-1.3206
496343,0.0703,0.0166,1.1440,-0.6947,2.2061,-1.4122
496353,0.0715,0.0139,1.1511,-0.2290,1.9389,-1.4275
496363,0.0693,0.0166,1.1477,-0.2595,2.2977,-1.2519
496373,0.0676,0.0168,1.1421,-0.7176,1.9313,-1.4427
496383,0.0701,0.0212,1.1455,-0.5420,1.9237,-1.3282
496393,0.0703,0.0166,1.1440,-0.7099,2.1679,-1.2748
496403,0.0688,0.0159,1.1470,-0.7481,2.0305,-1.0840
496413,0.0728,0.0190,1.1506,-0.5191,2.1756,-1.3817
496423,0.0667,0.0173,1.1404,-0.5649,1.8550,-1.5725
496433,0.0706,0.0178,1.1465,-0.6107,2.2290,-1.5496
496443,0.0708,0.0164,1.1409,-0.6870,2.0611,-1.2214
496453,0.0762,0.0144,1.1438,-0.7710,2.0992,-1.2366
496463,0.0706,0.0137,1.1365,-0.6336,2.3053,-1.3588
496473,0.0703,0.0142,1.1462,-0.7634,2.3130,-1.0382
496483,0.0715,0.0151,1.1504,-0.6794,2.1527,-1.4885
496493,0.0684,0.0149,1.1492,-0.4809,1.9618,-1.4275
496503,0.0730,0.0161,1.1394,-0.4351,1.8473,-1.3511
496513,0.0681,0.0159,1.1428,-0.5496,2.1221,-1.3130
496523,0.0669,0.0159,1.1409,-0.4885,2.2672,-1.4504
496533,0.0693,0.0164,1.1460,-0.7481,2.0611,-1.5725
496543,0.0686,0.0176,1.1526,-0.4046,1.7481,-1.3206
496553,0.0732,0.0156,1.1333,-0.6718,2.1374,-1.4198
496563,0.0713,0.0181,1.1506,-0.5878,1.8855,-1.2977
496573,0.0701,0.0134,1.1489,-0.6107,2.0076,-1.3740
496583,0.0674,0.0168,1.1492,-0.4427,2.2748,-1.5420
496593,0.0698,0.0159,1.1423,-0.6183,2.0992,-1.4046
496603,0.0771,0.0176,1.1328,-0.4733,2.2214,-1.4275
496613,0.0723,0.0215,1.1440,-0.5725,1.9542,-1.4351
496623,0.0679,0.0117,1.1428,-0.5725,2.2137,-1.2061
496633,0.0742,0.0149,1.1423,-0.8244,2.0153,-1.3969
496643,0.0686,0.0159,1.1426,-0.3359,2.1985,-1.2672
496653,0.0713,0.0159,1.1472,-0.7557,2.3511,-1.5267
496663,0.0730,0.0142,1.1428,-0.5649,2.2824,-1.1527
496673,0.0684,0.0151,1.1467,-0.3053,2.2366,-1.2901
496683,0.0730,0.0164,1.1509,-0.9237,2.0305,-1.3969
496693,0.0732,0.0156,1.1409,-0.7176,1.8550,-1.3817
496703,0.0698,0.0146,1.1404,-0.4351,2.0000,-1.4122
496713,0.0686,0.0156,1.1479,-0.5878,2.0763,-1.4580
496723,0.0732,0.0173,1.1462,-0.6718,2.0763,-1.3511
496733,0.0750,0.0176,1.1475,-0.6641,2.0229,-1.3130
496743,0.0718,0.0168,1.1482,-0.5344,1.6718,-1.2137
496753,0.0664,0.0181,1.1394,-0.5115,1.8855,-1.4427
496763,0.0696,0.0168,1.1458,-0.3817,2.0076,-1.3130
496773,0.0725,0.0134,1.1355,-0.4962,2.1145,-1.5267
496783,0.0718,0.0154,1.1399,-0.5496,2.1145,-1.4809
496793,0.0684,0.0208,1.1501,-0.7099,2.0229,-1.3588
496803,0.0688,0.0178,1.1563,-0.6336,2.0840,-1.7252
496813,0.0698,0.0176,1.1448,-0.7023,2.0840,-1.4275
496823,0.0647,0.0146,1.1416,-0.5191,1.9618,-1.1069
496833,0.0684,0.0129,1.1406,-0.3740,2.1756,-1.5191
496843,0.0640,0.0151,1.1418,-0.5496,1.9618,-1.5649
496853,0.0710,0.0154,1.1421,-0.5878,1.9542,-1.0153
496864,0.0706,0.0208,1.1396,-0.7710,1.9695,-1.0305
496873,0.0706,0.0168,1.1455,-0.6489,2.2290,-1.3511
496883,0.0750,0.0173,1.1411,-0.5344,2.1908,-1.2977
496893,0.0715,0.0144,1.1455,-0.4809,2.0076,-1.6489
496903,0.0720,0.0171,1.1377,-0.4504,1.8015,-1.6794
496913,0.0713,0.0159,1.1494,-0.7023,1.9618,-1.4504
2703495,0.0691,0.0132,1.1460,-0.5725,1.9389,-1.2061
2703499,0.0659,0.0125,1.1479,-0.5725,2.2366,-0.9924
2703502,0.0676,0.0122,1.1484,-0.7099,1.8473,-1.3206
2703505,0.0662,0.0139,1.1460,-0.6794,2.0992,-1.2901
2703508,0.0686,0.0137,1.1392,-0.5649,2.1527,-1.2672
2703511,0.0642,0.0156,1.1401,-0.6565,2.0382,-1.1908
2703514,0.0688,0.0156,1.1394,-0.5573,2.1603,-1.3588
2703517,0.0713,0.0151,1.1428,-0.7252,2.1221,-1.3206
2703520,0.0657,0.0093,1.1497,-0.4504,1.9466,-1.3664
2703523,0.0676,0.0125,1.1489,-0.5573,1.7023,-1.5267
2703526,0.0698,0.0149,1.1438,-0.7328,2.1298,-1.5725
2703529,0.0713,0.0095,1.1492,-0.7863,1.9771,-1.2366
2703532,0.0701,0.0171,1.1497,-0.6183,2.0076,-1.2672
2703535,0.0686,0.0173,1.1450,-0.6489,2.1221,-1.3740
2703538,0.0671,0.0120,1.1484,-0.6641,2.2137,-1.1374
2703541,0.0664,0.0176,1.1438,-0.6947,2.0229,-1.3053
2703544,0.0737,0.0132,1.1482,-0.5649,2.2595,-1.3893
2703547,0.0706,0.0151,1.1426,-0.4885,2.1221,-1.4809
2703550,0.0696,0.0144,1.1431,-0.6565,2.0458,-1.1679
2703553,0.0696,0.0132,1.1470,-0.7786,2.0992,-1.4733
2703556,0.0684,0.0137,1.1472,-1.0916,2.0229,-1.2977
2703559,0.0669,0.0115,1.1426,-0.4885,2.1221,-1.2977
2703562,0.0696,0.0164,1.1418,-0.4885,2.0229,-1.5420
2703565,0.0735,0.0146,1.1494,-0.7252,2.0000,-1.4351
2703568,0.0669,0.0164,1.1426,-0.5802,2.2519,-1.3511
2703571,0.0647,0.0156,1.1431,-0.5115,1.8244,-1.1374
2703574,0.0691,0.0159,1.1414,-0.3893,2.2519,-1.2595
2703577,0.0667,0.0100,1.1404,-0.5344,2.0840,-1.2061
2703583,0.0652,0.0127,1.1428,-0.5496,2.0458,-1.2519
2703593,0.0703,0.0149,1.1357,-0.6031,1.8397,-1.4275
2703603,0.0686,0.0176,1.1445,-0.5420,2.0611,-1.3053
2703613,0.0686,0.0132,1.1384,-0.6260,1.9237,-1.2977
2703623,0.0691,0.0164,1.1409,-0.4427,2.0000,-1.3359
2703633,0.0710,0.0100,1.1523,-0.5573,1.8931,-1.1145
2703643,0.0691,0.0159,1.1401,-0.4198,1.9771,-1.2443
2703653,0.0696,0.0110,1.1450,-0.6870,2.1145,-1.2824
2703663,0.0652,0.0132,1.1460,-0.6870,2.1145,-1.3282
2703673,0.0703,0.0146,1.1401,-0.7023,2.0611,-1.4504
2703683,0.0642,0.0154,1.1492,-0.3588,1.7863,-1.4198
2703693,0.0659,0.0132,1.1418,-0.4656,2.3740,-1.3893
2703703,0.0684,0.0139,1.1470,-0.4351,2.0076,-0.9695
2703713,0.0669,0.0168,1.1375,-0.5649,2.0000,-1.4962
2703723,0.0686,0.0098,1.1409,-0.7481,2.0458,-1.3053
2703733,0.0667,0.0146,1.1467,-0.6718,1.8550,-1.5115
2703743,0.0691,0.0156,1.1445,-0.7099,2.3435,-1.4504
2703753,0.0662,0.0110,1.1423,-0.6412,1.8626,-1.1374
2703763,0.0684,0.0171,1.1353,-0.7710,1.9160,-1.4580
2703773,0.0662,0.0139,1.1492,-0.3893,2.2137,-1.2519
2703783,0.0667,0.0095,1.1392,-0.4580,1.8855,-1.1756
2703793,0.0632,0.0149,1.1431,-0.4656,2.0840,-1.4351
2703803,0.0664,0.0134,1.1418,-0.5344,2.0992,-1.3664
2703815,0.0691,0.0151,1.1536,-0.6107,1.9924,-1.1832
2703823,0.0686,0.0146,1.1555,-0.6718,2.2595,-1.3282
2703837,0.0642,0.0127,1.1477,-0.7176,2.1527,-1.5344
2703843,0.0664,0.0132,1.1450,-0.6947,1.7863,-1.2748
2703853,0.0693,0.0134,1.1465,-0.4809,2.0916,-1.3740
2703863,0.0649,0.0171,1.1443,-0.6183,2.0229,-1.5954
2703873,0.0708,0.0127,1.1409,-0.5954,2.0611,-1.0687
2703883,0.0684,0.0159,1.1475,-0.6794,2.2824,-1.0611
2703893,0.0652,0.0105,1.1519,-0.2672,1.9389,-1.2672
2703903,0.0698,0.0134,1.1379,-0.4122,2.0763,-1.5267
2703913,0.0659,0.0142,1.1528,-0.6107,2.1298,-1.2366
2703925,0.0713,0.0200,1.1467,-0.7252,2.0305,-1.3740
2703933,0.0684,0.0110,1.1401,-0.4046,2.2519,-1.3588
2703943,0.0659,0.0168,1.1431,-0.4275,2.0763,-1.0992
2703952,0.0691,0.0173,1.1443,-0.5267,1.9466,-1.5038
2703962,0.0669,0.0154,1.1440,-0.8015,2.2595,-1.6870
2703972,0.0691,0.0151,1.1477,-0.5802,2.0763,-1.2443
2703982,0.0645,0.0164,1.1455,-0.6107,2.1679,-1.1069
2703992,0.0664,0.0112,1.1382,-0.4275,2.1603,-1.5954
2704002,0.0688,0.0134,1.1384,-0.4122,1.9771,-1.2443
2704012,0.0667,0.0120,1.1433,-0.1603,2.1450,-1.3817
2704022,0.0708,0.0125,1.1421,-0.6260,2.0229,-1.3359
2704032,0.0674,0.0112,1.1384,-0.3130,2.0763,-1.1908
2704042,0.0664,0.0144,1.1492,-0.6107,2.0611,-1.0840
2704052,0.0662,0.0168,1.1331,-0.5191,1.9847,-1.4656
2704062,0.0667,0.0159,1.1479,-0.7328,2.0840,-1.3588
2704072,0.0654,0.0134,1.1343,-0.5038,2.4733,-1.4656
2704082,0.0662,0.0125,1.1438,-0.4427,2.0076,-1.5802
2704093,0.0669,0.0120,1.1489,-0.6031,1.9466,-1.1756
2704103,0.0701,0.0120,1.1479,-0.6336,2.3588,-1.6489
2704113,0.0652,0.0127,1.1487,-0.5878,2.0916,-1.3817
2704123,0.0693,0.0168,1.1467,-0.6641,1.9008,-1.3130
2704133,0.0684,0.0144,1.1414,-0.6031,2.0458,-1.5649
2704143,0.0659,0.0188,1.1492,-0.5725,2.0992,-1.3130
2704153,0.0667,0.0164,1.1414,-0.5420,2.1527,-1.2672
2704163,0.0664,0.0129,1.1545,-0.3359,2.0687,-1.4504
2704173,0.0679,0.0156,1.1431,-0.5649,2.1832,-1.1832
2704183,0.0684,0.0120,1.1504,-0.3435,2.0534,-1.2137
2704193,0.0676,0.0090,1.1387,-0.3740,2.0611,-1.2748
2704203,0.0679,0.0181,1.1443,-0.6641,2.0000,-1.4351
2704213,0.0686,0.0149,1.1531,-0.5649,1.8855,-1.4427
2704223,0.0703,0.0149,1.1409,-0.2977,2.2595,-1.4580
2704233,0.0720,0.0171,1.1484,-0.5954,1.9542,-1.4351
2704243,0.0659,0.0142,1.1431,-0.7557,2.2595,-1.4656
2704253,0.0667,0.0125,1.1372,-0.4809,2.0840,-1.3282
2704265,0.0654,0.0122,1.1472,-0.6565,2.2061,-1.1756
2704273,0.0703,0.0176,1.1433,-0.7099,1.9084,-1.2748
2704283,0.0664,0.0164,1.1450,-0.8931,1.9466,-1.5649
2704293,0.0662,0.0142,1.1516,-0.4656,2.0076,-1.2214
2704303,0.0691,0.0127,1.1450,-0.6107,1.7557,-1.1679
2704313,0.0698,0.0120,1.1472,-0.6336,2.0229,-1.5191
2704324,0.0688,0.0117,1.1414,-0.5954,2.1832,-1.2290
2704333,0.0684,0.0139,1.1428,-0.5496,2.1145,-1.2748
2704343,0.0635,0.0129,1.1499,-0.7405,1.8168,-1.1527
2704353,0.0679,0.0159,1.1411,-0.5878,2.3664,-1.5802
2704363,0.0662,0.0127,1.1445,-0.3435,1.9847,-1.4046
2704373,0.0691,0.0166,1.1516,-0.3435,2.0000,-1.4962
2704383,0.0720,0.0151,1.1384,-0.7481,1.9389,-1.0992
2704393,0.0735,0.0142,1.1440,-0.7405,2.0840,-1.5191
2704403,0.0659,0.0161,1.1389,-0.4885,2.0840,-1.4733
2704413,0.0681,0.0144,1.1509,-0.2290,2.2061,-1.3740
2704423,0.0708,0.0122,1.1458,-0.6947,2.1603,-1.3511
2704433,0.0713,0.0107,1.1475,-0.9313,2.2214,-1.4733
2704443,0.0659,0.0154,1.1460,-0.4809,2.0076,-1.2519
2704453,0.0701,0.0112,1.1355,-0.7176,2.1985,-1.4198
2704463,0.0654,0.0151,1.1426,-0.7557,1.7481,-1.2290
2704473,0.0676,0.0127,1.1470,-0.6260,1.8244,-1.2824
2704483,0.0735,0.0132,1.1421,-0.5649,1.9695,-1.5420
2704493,0.0667,0.0186,1.1411,-0.7634,1.8626,-1.3435
2704503,0.0679,0.0093,1.1443,-0.6794,1.9542,-1.3206
2704513,0.0647,0.0127,1.1436,-0.7328,2.0534,-1.2214
2704523,0.0728,0.0151,1.1489,-0.4885,1.9466,-1.4656
2704533,0.0698,0.0117,1.1445,-0.6565,2.3435,-1.2061
2704543,0.0657,0.0168,1.1414,-0.5802,1.9389,-1.2061
2704553,0.0664,0.0129,1.1509,-0.4885,1.9542,-1.3588
2704563,0.0688,0.0132,1.1475,-0.5878,1.9924,-1.3130
2704573,0.0664,0.0168,1.1470,-0.5496,2.1756,-1.5344
2704583,0.0706,0.0137,1.1411,-0.7939,2.2977,-1.0458
2704593,0.0679,0.0190,1.1416,-0.5954,2.2519,-1.4351
2704603,0.0735,0.0142,1.1396,-0.2901,2.1908,-1.2061
2704613,0.0691,0.0151,1.1492,-1.0458,2.0229,-1.4580
2704623,0.0696,0.0139,1.1487,-0.7099,1.9313,-1.4198
2704633,0.0696,0.0159,1.1509,-0.4427,2.0763,-1.2061
2704643,0.0662,0.0168,1.1499,-0.5267,2.0458,-1.2977
2704653,0.0688,0.0132,1.1433,-0.3511,2.1527,-1.1145
2704663,0.0625,0.0156,1.1443,-0.4962,1.9695,-1.4275
2704673,0.0662,0.0151,1.1411,-0.5573,2.0763,-1.4580
2704683,0.0652,0.0156,1.1436,-0.7023,2.1069,-1.6183
2704693,0.0659,0.0159,1.1450,-0.7176,1.8855,-1.2748
2704703,0.0642,0.0159,1.1445,-0.4580,2.2137,-1.1908
2704713,0.0649,0.0164,1.1370,-0.5496,2.1221,-1.1832
2704723,0.0647,0.0156,1.1460,-0.8550,2.1298,-1.5725
2704733,0.0662,0.0105,1.1470,-0.4962,2.1756,-1.5802
2704743,0.0679,0.0134,1.1460,-0.5038,2.0534,-1.1527
2704753,0.0728,0.0156,1.1619,-0.5267,1.9618,-1.3130
2704763,0.0671,0.0122,1.1440,-0.7405,1.9466,-1.4885
2704773,0.0703,0.0139,1.1406,-0.6031,2.1679,-1.5115
2704783,0.0686,0.0103,1.1482,-0.5267,2.2137,-1.2672
2704793,0.0649,0.0146,1.1399,-0.7328,2.1298,-1.1985
2704803,0.0713,0.0173,1.1479,-0.5344,2.0611,-1.4427
2704813,0.0703,0.0149,1.1414,-0.5191,2.0763,-1.2748
2704823,0.0688,0.0156,1.1431,-0.5267,1.9237,-1.4122
2704833,0.0659,0.0173,1.1499,-0.7023,1.8779,-1.1679
2704843,0.0676,0.0186,1.1436,-0.8702,2.1679,-1.2214
2704853,0.0698,0.0168,1.1423,-0.5267,2.0840,-1.2443
2704863,0.0671,0.0129,1.1458,-0.9008,2.2290,-1.3282
2704873,0.0740,0.0125,1.1445,-0.7176,2.0611,-1.2977
2704883,0.0728,0.0125,1.1494,-0.4809,2.0840,-1.2366
2704893,0.0725,0.0017,1.1404,-0.4962,1.8779,-1.2443
2704903,0.0679,0.0029,1.1384,-0.5649,1.9695,-1.3206
2704913,0.0691,0.0073,1.1448,-0.8397,2.1298,-1.2061
2704923,0.0686,0.0110,1.1431,-0.6794,1.9542,-1.2748
2704933,0.0698,0.0120,1.1362,-0.8626,2.1985,-1.2290
2704943,0.0669,0.0188,1.1511,-0.5038,2.0076,-0.9313
2704953,0.0671,0.0227,1.1543,-0.6947,2.1298,-1.7939
2704963,0.0647,0.0188,1.1389,-0.4733,2.0305,-1.2443
2704973,0.0627,0.0225,1.1497,-0.5191,2.0076,-1.5420
2704983,0.0659,0.0225,1.1475,-0.5878,2.0611,-1.0916
2704993,0.0703,0.0195,1.1453,-0.4504,2.3130,-1.5191
2705003,0.0671,0.0181,1.1467,-0.8550,2.0611,-1.4122
2705013,0.0664,0.0144,1.1470,-0.5954,2.2061,-1.3435
2705023,0.0679,0.0112,1.1470,-0.5878,1.9237,-1.2824
2705033,0.0671,0.0127,1.1414,-0.7328,2.1527,-1.3053
2705043,0.0662,0.0139,1.1479,-0.5878,2.1603,-1.4962
2705053,0.0698,0.0085,1.1492,-0.4351,1.8855,-1.0687
2705063,0.0684,0.0093,1.1450,-0.7252,2.0763,-1.3511
2705073,0.0713,0.0103,1.1504,-0.7710,2.0916,-1.3817
2705083,0.0669,0.0093,1.1453,-0.4733,2.0840,-1.4580
2705093,0.0647,0.0166,1.1411,-0.4885,2.1221,-1.4733
2705103,0.0703,0.0237,1.1455,-0.5344,1.9084,-1.3130
2705113,0.0679,0.0154,1.1492,-0.7481,1.8168,-1.6489
2705123,0.0652,0.0217,1.1428,-0.4427,2.1069,-1.6260
2705133,0.0654,0.0166,1.1450,-0.7099,1.7099,-1.3740
2705143,0.0659,0.0229,1.1367,-0.4733,2.0382,-1.1832
2705153,0.0652,0.0161,1.1394,-0.3206,2.1298,-1.6260
2705163,0.0667,0.0139,1.1431,-0.7328,1.8626,-1.2824
2705173,0.0688,0.0146,1.1460,-0.5802,1.9389,-1.3511
2705183,0.0713,0.0095,1.1409,-0.5191,2.0763,-1.2748
2705193,0.0728,0.0105,1.1479,-0.4504,1.9466,-1.3664
2705203,0.0708,0.0127,1.1445,-0.7252,2.0458,-1.1069
2705213,0.0713,0.0110,1.1379,-0.3511,2.0534,-1.3511
2705223,0.0659,0.0122,1.1458,-0.5267,2.1298,-1.3969
2705233,0.0696,0.0122,1.1428,-0.6183,1.9695,-1.4198
2705243,0.0676,0.0220,1.1458,-0.6794,2.3588,-1.3435
2705253,0.0667,0.0183,1.1494,-0.8550,2.1679,-1.0687
2705263,0.0728,0.0181,1.1348,-0.5267,1.7176,-1.2824
2705273,0.0686,0.0173,1.1479,-0.3435,1.8244,-1.5878
2705283,0.0703,0.0142,1.1440,-0.5038,2.0687,-1.3435
2705293,0.0669,0.0151,1.1426,-0.6870,1.8855,-1.3740
2705303,0.0681,0.0125,1.1409,-0.6870,2.0534,-1.5191
2705313,0.0669,0.0164,1.1475,-0.5802,1.8550,-1.3359
2705323,0.0703,0.0117,1.1438,-0.3664,1.9695,-1.0229
2705333,0.0691,0.0176,1.1436,-0.3359,1.9618,-1.4351
2705343,0.0671,0.0100,1.1487,-0.6183,1.9618,-1.0763
2705353,0.0693,0.0154,1.1523,-0.6794,2.0611,-1.3893
2705363,0.0691,0.0078,1.1399,-0.6794,2.0840,-1.3435
2705373,0.0652,0.0132,1.1453,-0.8855,2.0000,-1.1832
2705383,0.0662,0.0134,1.1360,-0.5725,2.0534,-1.5420
2705393,0.0706,0.0146,1.1497,-0.5878,1.9160,-1.2443
2705403,0.0667,0.0151,1.1470,-0.3359,2.0534,-1.3664
2705413,0.0664,0.0144,1.1426,-0.3206,2.2137,-1.1069
2705423,0.0657,0.0120,1.1519,-0.6260,2.1603,-1.2595
2705433,0.0669,0.0127,1.1443,-0.6260,2.0916,-1.3511
2705443,0.0669,0.0166,1.1470,-0.4046,1.8702,-1.4656
2705453,0.0674,0.0137,1.1460,-0.5878,2.1374,-1.7099
2705463,0.0669,0.0110,1.1438,-0.6641,2.0153,-1.4351
2705473,0.0669,0.0161,1.1477,-0.7557,2.1145,-1.4046
2705483,0.0693,0.0142,1.1450,-0.5038,1.9618,-1.4275
2705493,0.0737,0.0171,1.1416,-0.3664,1.8550,-1.3053
2705503,0.0750,0.0093,1.1360,-0.6489,2.0687,-1.7405
2705513,0.0713,0.0144,1.1438,-0.8397,2.2137,-1.1985
2705523,0.0691,0.0173,1.1436,-0.6870,2.3206,-1.2443
2705533,0.0706,0.0137,1.1389,-0.5802,1.9389,-1.5038
2705543,0.0706,0.0151,1.1462,-0.3817,2.3893,-1.0840
2705553,0.0708,0.0132,1.1399,-0.6260,2.0916,-1.2290
2705563,0.0710,0.0120,1.1497,-0.5344,2.1603,-1.3282
2705573,0.0654,0.0154,1.1462,-0.6260,1.9237,-1.5344
2705583,0.0686,0.0144,1.1399,-0.9237,1.9695,-1.3893
2705593,0.0708,0.0146,1.1401,-0.3893,1.9084,-1.3359
2705603,0.0725,0.0103,1.1445,-1.0687,2.5496,-1.4351
2705613,0.0596,0.0171,1.1467,-0.7786,2.4046,-1.5115
2705623,0.0715,0.0046,1.1328,-0.4427,1.9771,-1.1756
2705633,0.0642,0.0220,1.1541,-0.8244,2.0916,-1.2672
2705643,0.0647,0.0154,1.1523,-0.4046,2.2214,-1.2672
2705653,0.0620,0.0137,1.1394,0.1756,2.0687,-1.3893
2705663,0.1472,0.0327,1.1423,0.8779,5.8397,-2.6336
2705673,0.0173,0.0349,1.0010,-0.2901,-0.8855,-2.2137
2705683,0.1379,0.0742,1.1890,-1.0458,3.2977,-6.3282
2705693,0.0874,0.0393,1.1201,-1.1527,1.9695,-10.3969
2705703,0.0996,-0.0066,1.1372,-1.5344,3.0305,-9.4275
2705713,0.0325,-0.0505,1.1563,-0.5649,6.9313,-5.8092
2705723,0.0266,-0.0208,1.1252,-0.0229,5.3893,-1.0840
2705733,0.0728,0.0154,1.1504,0.1221,2.9847,-1.6336
2705743,0.0510,0.0337,1.1489,-0.4885,4.0458,-3.1069
2705753,0.0142,0.0422,1.1604,0.0611,4.2519,-3.6336
2705763,0.0642,0.0376,1.1472,-0.7023,3.9008,-3.7176
2705773,0.0691,0.0396,1.1575,-1.0458,4.0153,-4.4580
2705783,0.1365,0.0085,1.1475,-0.5344,5.4962,-4.1908
2705793,0.1079,-0.0142,1.1426,-0.3206,6.9466,-2.5496
2705803,0.0332,0.0017,1.1511,-0.2137,7.7863,-3.3511
2705815,0.0527,0.0107,1.1870,0.1908,12.4885,-0.6183
2705823,0.0361,0.0498,1.1367,0.6107,12.5191,1.2366
2705833,0.0210,0.0542,1.1431,-0.5878,9.5267,2.6794
2705843,0.0469,0.0425,1.1563,-0.7023,13.0076,2.8015
2705853,0.0642,0.0244,1.1648,-0.3282,15.4351,1.0229
2705863,0.0886,-0.0298,1.1643,-0.2748,19.2443,-4.0763
2705877,0.0884,-0.0242,1.1650,0.2748,31.0534,-6.8168
2705883,0.0603,0.0386,1.1482,-0.3893,31.2595,-8.4962
2705893,0.0261,0.0247,1.1167,-1.1298,29.2901,-11.4733
2705904,0.0195,-0.0061,1.0957,-0.2290,16.5496,-11.9924
2705913,0.0127,-0.0002,1.1326,-1.4809,14.5496,-8.3053
2705923,-0.0239,0.0183,1.1487,-0.8855,11.9847,-5.9313
2705933,0.0239,0.0190,1.1689,-0.1603,17.0458,-5.1069
2705943,0.0022,0.0229,1.1797,0.7252,19.6412,-6.1679
2705953,0.0322,0.0266,1.1375,1.9466,21.1374,-11.3053
2705963,-0.0999,0.0020,1.1304,7.4962,10.2519,-19.9695
2705973,-0.1594,-0.0449,1.0815,26.7176,-13.6794,-31.5267
2705983,0.0000,0.0315,1.3091,32.0992,-12.1069,-34.3130
2705993,0.0884,0.1125,1.1609,30.3664,-9.5115,-35.6260
2706003,0.1191,0.0925,1.1563,27.5344,-10.2824,-30.5802
2706013,0.1218,0.0422,1.1741,29.6947,-9.2137,-22.4886
2706023,0.0950,0.0261,1.2664,29.3359,-4.2137,-18.5038
2706033,-0.0386,0.0437,1.3723,22.4962,6.8550,-26.7252
2706042,0.0066,0.0657,1.4165,9.8473,20.2672,-35.2748
2706054,0.0039,0.0937,1.3455,-12.1298,28.6336,-35.4962
2706063,0.0381,0.1155,1.2554,-24.5725,26.3740,-33.6489
2706073,0.0752,0.0632,1.1843,-29.1756,22.3130,-31.5954
2706083,0.0659,-0.0054,1.1187,-18.3664,23.3588,-27.7557
2706093,-0.0095,0.0137,1.0454,0.5267,22.0611,-24.1221
2706103,-0.0044,0.0425,1.0398,14.5420,17.4733,-24.7481
2706113,0.0437,0.0085,1.0002,23.4427,9.1298,-22.0076
2706123,0.0610,-0.0117,1.0029,32.8244,2.5344,-13.9084
2706133,-0.0371,0.0317,1.0293,42.9389,0.7557,-12.6718
2706143,-0.0366,0.0474,1.1763,43.3969,-0.7252,-16.5420
2706153,0.0103,0.0879,1.3386,27.9695,-1.5954,-17.9618
2706163,0.0303,0.1318,1.3948,8.5038,5.1298,-18.2214
2706173,-0.0083,0.1538,1.4075,-8.2061,11.3893,-22.7328
2706183,0.0273,0.1445,1.3618,-22.9237,18.3435,-26.2824
2706193,0.0222,0.1292,1.4275,-48.2290,15.1832,-26.4809
2706203,0.0422,0.0940,1.2896,-69.5649,13.1069,-20.2137
2706213,-0.0366,0.0391,1.1191,-59.8779,14.2824,-18.3282
2706223,-0.0391,-0.0310,1.0405,-33.4733,11.3664,-19.0611
2706233,0.0181,-0.0234,1.0342,-9.4275,6.2901,-16.8626
2706243,0.0034,0.0146,1.1086,5.8015,2.7939,-17.7328
2706253,-0.0015,0.0320,1.2107,11.3206,1.6641,-19.9008
2706263,-0.0186,0.0439,1.2607,14.5496,5.4351,-20.0000
2706273,-0.0354,0.0632,1.2656,18.0763,12.5267,-21.9008
2706283,-0.0283,0.0994,1.2180,25.8931,20.0229,-27.2824
2706293,-0.0281,0.0845,1.1804,32.9237,26.1145,-33.0229
2706303,-0.0120,0.0398,1.1936,34.5954,28.9466,-32.2748
2706313,-0.0586,0.0764,1.1743,30.5496,27.1069,-28.4046
2706323,-0.0493,0.0632,1.1802,26.0763,22.0992,-23.9924
2706333,-0.0142,0.0830,1.2036,18.0534,13.9389,-22.3053
2706343,-0.0293,0.0906,1.2104,9.2214,5.9771,-22.6336
2706353,-0.0508,0.0710,1.2437,-0.6489,2.8702,-25.5496
2706363,-0.0510,0.0886,1.2539,-12.4656,2.5649,-22.2061
2706373,-0.0581,0.1177,1.2424,-23.2824,0.5573,-18.1679
2706383,-0.0269,0.1035,1.2065,-26.9084,-0.2443,-16.9618
2706393,-0.0242,0.0759,1.1516,-21.3206,0.3511,-19.1374
2706403,-0.0374,0.0449,1.0952,-5.4656,2.4046,-23.2672
2706413,-0.0259,0.0325,1.0981,11.1221,3.5802,-23.5802
2706423,-0.0325,0.0681,1.1440,22.2824,1.3053,-23.3969
2706433,-0.0334,0.0520,1.1785,26.9847,-0.4427,-25.2061
2706443,-0.0242,0.0388,1.2085,25.8397,1.6031,-25.5725
2706453,-0.0361,0.0691,1.1733,22.3435,3.3664,-26.4046
2706464,-0.0229,0.0835,1.1301,17.7405,-1.0840,-26.8092
2706473,-0.0027,0.0686,1.1423,17.3969,-4.2824,-27.6107
2706483,-0.0010,0.0796,1.1560,20.0534,-6.1832,-28.4733
2706493,-0.0134,0.1011,1.1663,25.7786,-6.5954,-30.6718
2706503,-0.0193,0.0896,1.1641,28.0840,-6.8855,-32.0611
2706513,-0.0430,0.0876,1.1665,28.8550,-8.9466,-31.4427
2706523,-0.0767,0.0486,1.1543,32.9008,-8.9618,-27.9924
2706533,-0.1094,0.1091,1.1587,30.3053,-7.5191,-24.7557
2706543,-0.0828,0.1416,1.2012,26.2137,-1.2214,-26.1908
2706553,-0.0610,0.1011,1.1240,25.2061,2.5573,-26.9084
2706563,-0.0339,0.1519,1.1328,28.5725,4.7634,-30.8397
2706573,-0.0259,0.1504,1.1277,35.9237,6.5267,-34.3969
2706583,-0.0244,0.1643,1.1113,42.8015,4.5038,-36.7405
2706596,0.0107,0.1628,1.0955,49.9237,-3.7557,-40.3817
2706603,0.0122,0.1348,1.1038,51.7710,-8.7634,-42.1221
2706613,-0.0237,0.1028,1.1313,50.6489,-14.2519,-42.6794
2706623,-0.0620,0.0786,1.1172,47.5191,-14.0840,-39.2901
2706633,-0.1116,0.1392,1.0833,40.3130,-9.8015,-34.2214
2706643,-0.0925,0.1504,1.0627,28.3053,-0.7634,-32.6641
2706653,-0.0745,0.1592,1.0208,17.2519,8.5038,-32.0000
2706663,-0.0847,0.1685,0.9946,13.7023,12.1603,-29.1679
2706673,-0.0720,0.1848,1.0322,17.2214,9.2977,-23.0840
2706683,-0.0547,0.1902,1.0232,36.6031,3.6107,-20.2061
2706693,-0.0312,0.2620,1.0671,59.2672,3.8550,-25.3511
2706703,-0.0315,0.2754,1.4304,20.7252,7.2901,-32.2290
2706713,-0.0325,0.1223,0.9397,22.3588,9.7252,-28.4351
2706723,-0.0957,0.1682,0.9521,34.4427,8.2366,-27.3130
2706733,-0.0974,0.1606,0.9932,34.9542,3.9924,-19.3282
2706743,-0.0901,0.2190,1.0383,26.7710,3.1908,-14.3282
2706753,-0.0625,0.2249,1.0486,18.8397,5.4427,-10.7863
2706763,-0.0581,0.2388,1.0310,15.6412,4.0840,-9.5573
2706773,-0.0496,0.2229,1.0264,19.9389,3.7939,-9.0458
2706783,-0.0505,0.2390,1.0261,25.9771,2.0611,-8.1603
2706793,-0.0447,0.2578,1.0676,29.8550,-0.2977,-8.0458
2706803,-0.0432,0.2449,1.0955,31.4962,-1.3817,-7.6641
2706813,-0.0281,0.2349,1.1189,27.4733,-0.5954,-9.2901
2706823,-0.0376,0.2439,1.0786,19.5649,-1.0000,-9.3588
2706833,-0.0566,0.2395,1.0256,14.4733,-3.2977,-7.0916
2706843,-0.0559,0.2227,0.9988,10.7863,-6.4198,-4.0458
2706853,-0.0544,0.2261,0.9910,7.7099,-8.2443,-0.2824
2706863,-0.0549,0.2410,0.9651,3.6870,-11.3053,3.5725
2706873,-0.0525,0.2290,0.9612,2.2672,-14.7176,4.8931
2706885,-0.0364,0.2437,1.0078,3.6336,-16.4656,5.8321
2706893,-0.0261,0.2546,1.0400,3.9542,-16.4733,5.3893
2706903,-0.0286,0.2419,1.0579,5.4885,-15.1374,3.6794
2706913,-0.0137,0.2380,1.0757,5.5725,-11.1985,1.0229
2706923,-0.0107,0.2593,1.0698,5.4275,-8.3893,-0.8015
2706933,-0.0073,0.2661,1.0728,6.3053,-5.0229,-3.0076
2706943,0.0078,0.2700,1.0703,8.5267,-1.5725,-5.5573
2706953,0.0190,0.2629,1.0735,10.4809,0.9008,-7.6947
2706963,0.0085,0.2546,1.0476,10.3359,2.0611,-8.0992
2706973,-0.0049,0.2341,1.0200,8.1603,0.6870,-6.9542
2706983,-0.0178,0.2368,1.0129,5.6947,-2.3282,-4.1298
2706993,-0.0266,0.2368,1.0364,5.8473,-4.1374,-2.4656
2707003,-0.0283,0.2490,1.0613,4.6794,-4.3893,-1.0992
2707013,-0.0330,0.2683,1.0735,2.6489,-4.9008,-0.0534
2707023,-0.0222,0.2576,1.0820,2.7099,-3.6794,-0.0305
2707034,-0.0232,0.2734,1.0752,4.8779,-1.5267,-1.4580
2707043,-0.0120,0.2625,1.0654,5.8168,0.3893,-3.0992
2707053,-0.0259,0.2700,1.0610,4.9466,0.5496,-3.2672
2707065,-0.0227,0.2695,1.0674,3.6718,0.0000,-4.3282
2707073,-0.0242,0.2693,1.0542,3.6947,0.0763,-5.0916
2707083,-0.0325,0.2559,1.0332,2.3130,-1.4046,-4.1756
2707093,-0.0535,0.2542,1.0261,1.2290,-2.8855,-2.8397
2707103,-0.0627,0.2625,1.0039,-0.6947,-2.6336,-2.3740
2707113,-0.0605,0.2605,1.0034,-3.2748,-0.4122,-3.7710
2707123,-0.0583,0.2612,1.0007,-7.6565,2.9084,-5.1527
2707133,-0.0642,0.2598,0.9973,-10.0763,4.5496,-4.4733
2707143,-0.0571,0.2646,1.0071,-9.2290,5.3893,-2.5649
2707153,-0.0461,0.2744,1.0310,-7.6260,6.6107,-2.4962
2707163,-0.0305,0.2690,1.0496,-6.7481,9.2977,-2.6870
2707173,-0.0417,0.2703,1.0330,-6.3053,10.7710,-3.5038
2707183,-0.0415,0.2666,1.0291,-5.4427,10.5344,-2.4504
2707193,-0.0415,0.2622,1.0139,-3.7023,9.8092,-2.8321
2707203,-0.0273,0.2507,1.0386,-3.5802,9.8931,-3.5954
2707213,-0.0476,0.2554,1.0481,-6.5802,11.2977,-4.0763
2707223,-0.0525,0.2595,1.0432,-11.5191,12.6641,-4.1145
2707233,-0.0537,0.2529,1.0435,-13.5649,12.4427,-3.1374
2707243,-0.0312,0.2566,1.0583,-12.2519,10.2366,-2.1374
2707253,-0.0176,0.2612,1.0854,-9.1832,8.9695,-3.1756
2707263,-0.0142,0.2622,1.1177,-7.0611,9.2748,-5.0458
2707273,-0.0264,0.2668,1.1006,-7.0687,9.6412,-7.1069
2707283,-0.0391,0.2559,1.0813,-7.2595,9.1450,-8.0458
2707293,-0.0415,0.2336,1.0737,-7.3511,8.7252,-7.4504
2707303,-0.0461,0.2349,1.0952,-8.7863,8.0458,-6.0382
2707313,-0.0457,0.2449,1.1216,-12.0000,8.2061,-6.0382
2707323,-0.0349,0.2424,1.1392,-13.0763,9.1756,-6.2366
2707333,-0.0281,0.2544,1.1411,-12.7786,10.8702,-7.3053
2707343,-0.0303,0.2686,1.1443,-11.0534,11.9695,-8.1908
2707353,-0.0381,0.2671,1.1392,-7.3053,13.3282,-9.6031
2707363,-0.0483,0.2678,1.1262,-2.1527,15.2061,-10.5496
2707373,-0.0625,0.2727,1.1101,2.4198,17.2901,-11.6870
2707383,-0.0730,0.2527,1.0881,3.5878,18.7099,-12.7710
2707393,-0.0808,0.2314,1.0654,1.1985,18.8321,-12.5878
2707403,-0.0847,0.2300,1.0671,-4.1527,17.2061,-11.4198
2707413,-0.0813,0.2356,1.0537,-9.6412,14.0382,-9.4504
2707423,-0.0828,0.2417,1.0652,-13.7710,10.1298,-7.6565
2707433,-0.0928,0.2507,1.0732,-15.0763,7.8397,-7.1450
2707443,-0.1013,0.2549,1.0947,-13.9160,8.3511,-6.5725
2707453,-0.1101,0.2517,1.0894,-11.3053,9.2748,-5.3969
2707463,-0.1013,0.2449,1.0984,-9.5496,10.4198,-5.0382
2707473,-0.0935,0.2429,1.1135,-8.5878,12.7710,-6.8321
2707483,-0.0850,0.2380,1.1047,-8.7863,13.4656,-8.4962
2707494,-0.0881,0.2290,1.0967,-9.9924,14.4656,-9.1527
2707503,-0.0894,0.2297,1.0972,-9.7099,14.8092,-9.0534
2707513,-0.1023,0.2395,1.1042,-10.2443,15.1069,-8.5496
2707523,-0.1038,0.2349,1.1045,-9.7405,16.1985,-8.1221
2707533,-0.1123,0.2234,1.1047,-8.9237,16.6565,-7.3664
2707543,-0.1143,0.2283,1.1045,-9.2672,16.7481,-6.5725
2707555,-0.1111,0.2285,1.1204,-9.7634,16.7786,-5.9695
2707563,-0.0962,0.2229,1.1416,-9.8626,17.5496,-6.8015
2707573,-0.0955,0.2229,1.1458,-9.3893,18.9008,-8.9313
2707583,-0.1018,0.2292,1.1333,-10.1298,18.6565,-10.6870
2707593,-0.1096,0.2222,1.1167,-9.7786,17.4962,-10.9542
2707603,-0.1157,0.2126,1.0940,-8.1069,16.5038,-10.6336
2707613,-0.1169,0.1997,1.0947,-6.1832,16.4886,-9.8168
2707626,-0.1194,0.2083,1.1167,-7.6412,16.2824,-8.9237
2707633,-0.1165,0.2153,1.1289,-9.3664,16.6031,-9.8397
2707643,-0.1145,0.2195,1.1406,-10.8015,17.5802,-11.0000
2707653,-0.1333,0.2144,1.1394,-10.5802,18.3435,-11.6031
2707663,-0.1465,0.2080,1.1313,-9.1221,18.4198,-10.3053
2707673,-0.1536,0.2185,1.1267,-7.7099,18.2366,-10.5038
2707683,-0.1528,0.2053,1.1355,-7.8473,18.5802,-10.5954
2707693,-0.1553,0.2083,1.1416,-9.2901,18.4580,-10.1985
2707703,-0.1440,0.2085,1.1487,-11.0382,17.9389,-10.1145
2707713,-0.1414,0.2068,1.1465,-12.0840,16.5267,-9.2672
2707723,-0.1484,0.2097,1.1323,-11.7710,15.0153,-8.4580
2707733,-0.1575,0.2065,1.1145,-11.5649,13.0840,-7.0763
2707746,-0.1685,0.2046,1.1064,-9.3359,10.8931,-6.1450
2707753,-0.1719,0.1934,1.1133,-7.7176,9.7252,-5.4275
2707763,-0.1455,0.2024,1.1455,-8.8397,8.4580,-5.2137
2707773,-0.1191,0.1963,1.1760,-11.7405,6.5496,-4.8321
2707783,-0.1196,0.1987,1.1624,-15.1221,3.7557,-5.2061
2707793,-0.1182,0.1924,1.1621,-17.1832,0.4809,-6.0763
2707803,-0.1084,0.1853,1.1606,-16.0687,-2.4580,-6.6031
2707813,-0.1201,0.1702,1.1448,-11.8931,-4.0840,-6.6718
2707823,-0.1294,0.1743,1.1492,-8.8168,-5.5573,-5.9771
2707837,-0.1389,0.1790,1.1992,-7.2519,-4.8168,-4.6870
2707843,-0.1479,0.1873,1.2095,-7.2366,-2.9084,-4.9237
2707853,-0.1526,0.1892,1.2148,-7.9084,0.8092,-6.5649
2707863,-0.1436,0.1902,1.2197,-7.8702,5.6260,-7.9695
2707873,-0.1479,0.1956,1.2048,-7.0687,9.2061,-8.8168
2707883,-0.1455,0.1936,1.1885,-4.9924,11.2595,-9.0000
2707893,-0.1479,0.1838,1.1711,-1.5191,10.5496,-9.4275
2707903,-0.1431,0.1804,1.1565,0.1832,7.1145,-8.5496
2707913,-0.1360,0.1677,1.1472,0.3206,2.4275,-7.2519
2707922,-0.1467,0.1621,1.1357,0.6489,-2.9542,-7.3893
2707932,-0.1580,0.1680,1.1267,-1.3511,-6.9466,-6.3359
2707943,-0.1650,0.1638,1.1479,-4.6565,-8.8855,-4.8931
2707953,-0.1750,0.1802,1.1543,-7.0382,-7.9313,-3.9237
2707963,-0.1780,0.1819,1.1670,-8.5115,-5.8550,-4.0000
2707973,-0.1809,0.1833,1.1802,-7.3969,-2.8626,-3.7634
2707983,-0.1814,0.1892,1.1785,-5.1221,0.1450,-3.4046
2707993,-0.1704,0.1907,1.1719,-1.7634,1.6031,-3.5496
2708003,-0.1616,0.1787,1.1711,2.0000,2.2366,-4.2214
2708013,-0.1602,0.1807,1.1670,3.7634,2.4885,-3.9847
2708023,-0.1580,0.1743,1.1626,2.0534,2.1603,-3.7328
2708033,-0.1660,0.1677,1.1416,-0.6489,1.1527,-3.0611
2708042,-0.1646,0.1677,1.1333,-1.8626,-0.3130,-2.4351
2708052,-0.1604,0.1648,1.1235,-2.2214,-1.1145,-2.3359
2708063,-0.1482,0.1660,1.1316,-0.8626,-1.3359,-2.1298
2708073,-0.1558,0.1770,1.1416,0.1603,-1.4733,-1.4046
2708083,-0.1392,0.1758,1.1460,0.9084,-1.1832,-1.0229
2708093,-0.1411,0.1741,1.1409,0.9160,-0.3817,-1.2901
2708103,-0.1301,0.1743,1.1343,0.9389,-0.2443,-1.2901
2708113,-0.1326,0.1680,1.1348,1.3435,-0.6031,-1.3664
2708123,-0.1392,0.1680,1.1279,2.1985,-0.2290,-2.1069
2708133,-0.1387,0.1699,1.1245,1.8321,-0.2901,-3.4504
2708144,-0.1313,0.1699,1.1091,0.4733,-1.2977,-4.1603
2708153,-0.1414,0.1606,1.1050,-0.7099,-3.0916,-3.5115
2708166,-0.1619,0.1526,1.0955,-2.5344,-5.1985,-1.3969
2708173,-0.1609,0.1665,1.0935,-2.6794,-5.6107,-0.0916
2708183,-0.1558,0.1677,1.1111,-1.1221,-4.6718,-0.6412
2708193,-0.1489,0.1687,1.1548,1.4733,-1.8550,-1.8626
2708203,-0.1470,0.1836,1.1731,2.8168,1.1069,-2.1603
2708213,-0.1541,0.1877,1.1626,3.6412,3.6947,-2.2214
2708223,-0.1504,0.1680,1.1460,5.0076,4.1374,-2.4351
2708233,-0.1277,0.1626,1.1353,5.0229,4.2443,-2.8626
2708243,-0.1333,0.1592,1.1113,4.1603,3.0382,-2.3969
2708256,-0.1382,0.1560,1.1016,0.6183,1.1832,-2.4427
2708263,-0.1340,0.1550,1.1072,-0.8244,-0.0229,-1.8168
2708273,-0.1355,0.1758,1.1360,-1.2672,-2.1679,-1.1145
2708285,-0.1396,0.1716,1.1482,0.4046,-2.5496,-0.7023
2708293,-0.1377,0.1777,1.1638,1.5573,-2.6107,-0.2977
2708303,-0.1379,0.1799,1.1536,1.5191,-0.8092,-0.7328
2708316,-0.1392,0.1748,1.1311,1.4962,0.0153,-0.5802
2708323,-0.1431,0.1758,1.1230,2.4656,-0.9847,-0.0840
2708333,-0.1360,0.1633,1.1189,4.7252,-3.3130,0.8550
2708343,-0.1338,0.1670,1.1204,5.7557,-4.6565,0.9389
2708353,-0.1313,0.1660,1.1221,4.2443,-4.9542,-0.6412
2708362,-0.1296,0.1650,1.1226,1.7557,-3.6107,-2.3359
2708372,-0.1304,0.1621,1.1284,0.1832,-2.7252,-3.6489
2708383,-0.1248,0.1719,1.1309,0.1069,-2.3206,-3.9771
2708393,-0.1304,0.1721,1.1223,1.2977,-2.6641,-3.7481
2708404,-0.1292,0.1809,1.1326,3.5038,-3.3435,-3.1527
2708413,-0.1228,0.1833,1.1362,4.8473,-3.4198,-3.4580
2708423,-0.1252,0.1680,1.1321,5.1450,-3.7328,-3.4046
2708433,-0.1333,0.1699,1.1177,5.2672,-3.5267,-3.4733
2708443,-0.1233,0.1636,1.1101,4.6794,-2.8855,-4.5649
2708457,-0.1289,0.1729,1.1294,2.0687,-1.5725,-4.8550
2708463,-0.1252,0.1760,1.1306,0.6107,-1.0382,-4.0687
2708473,-0.1350,0.1809,1.1223,-1.2366,0.0458,-3.2366
2708483,-0.1294,0.1824,1.1213,-0.6489,0.6412,-3.5725
2708493,-0.1287,0.1833,1.1121,1.0534,0.5496,-4.0076
2708503,-0.1270,0.1750,1.1086,3.5725,-1.6718,-3.0534
2708513,-0.1353,0.1816,1.1191,4.8779,-3.3664,-1.6031
2708523,-0.1289,0.1885,1.1284,4.2214,-4.5573,-1.0611
2708533,-0.1255,0.1814,1.1282,3.9389,-4.7939,-1.7023
2708544,-0.1360,0.1890,1.1160,4.3817,-4.3969,-2.8473
2708553,-0.1396,0.1836,1.1240,4.3206,-3.1374,-2.9695
2708563,-0.1348,0.1812,1.1116,3.3053,-0.5878,-3.2519
2708573,-0.1353,0.1885,1.1113,1.4962,1.8244,-3.3053
2708583,-0.1333,0.1809,1.0955,-0.0458,3.5649,-3.8779
2708593,-0.1255,0.1836,1.0952,-0.4962,3.4504,-2.7023
2708603,-0.1199,0.1909,1.0945,0.7099,2.1450,-2.5725
2708613,-0.1133,0.1895,1.1013,1.4733,0.6947,-3.2061
2708622,-0.1216,0.1863,1.0952,1.6565,-0.7176,-2.9084
2708632,-0.1206,0.1802,1.0925,1.7405,-2.3053,-2.1908
2708643,-0.1204,0.1790,1.1045,1.4656,-3.4122,-1.6641
2708653,-0.1243,0.1877,1.1133,1.7252,-3.2443,-2.7176
2708663,-0.1221,0.1819,1.1128,1.6947,-1.2443,-4.0382
2708673,-0.1335,0.1860,1.1052,0.6870,-0.3893,-3.7328
2708683,-0.1418,0.1858,1.0984,-0.6336,1.3664,-2.7786
2708693,-0.1287,0.1873,1.0979,-1.4504,2.4122,-2.9466
2708703,-0.1111,0.1790,1.1028,-2.1908,3.1145,-3.4580
2708713,-0.1172,0.1860,1.0847,-2.3435,1.9695,-3.6183
2708723,-0.1174,0.1812,1.0879,-1.3969,-0.2595,-2.8702
2708737,-0.1187,0.1875,1.0950,1.3893,-2.3893,-3.0000
2708743,-0.1191,0.1912,1.1116,1.3893,-2.5420,-3.1298
2708753,-0.1199,0.1931,1.1289,2.0000,-1.4656,-4.0611
2708763,-0.1138,0.1921,1.1372,2.8473,1.3206,-5.0534
2708773,-0.1226,0.1924,1.1311,4.0534,4.2366,-5.3359
2708783,-0.1299,0.1833,1.1216,3.5267,6.5420,-4.9160
2708793,-0.1355,0.1921,1.1311,2.7252,8.1145,-4.6412
2708803,-0.1218,0.1938,1.1150,0.9924,8.4427,-3.9084
2708816,-0.1196,0.1963,1.0981,-0.2748,6.3130,-4.2061
2708823,-0.1223,0.1921,1.0896,-0.2366,3.7023,-3.9847
2708832,-0.1218,0.1909,1.0979,-0.1069,0.3130,-4.0840
2708842,-0.1133,0.1917,1.1035,-0.2061,-2.6412,-3.8092
2708852,-0.1289,0.1917,1.1143,0.3435,-3.6794,-3.4580
2708863,-0.1438,0.1914,1.1213,0.8397,-2.1374,-3.7023
2708873,-0.1421,0.1987,1.1326,-0.0153,1.6260,-3.2672
2708883,-0.1365,0.2039,1.1348,-0.7863,5.6718,-4.0992
2708893,-0.1316,0.1960,1.1133,-0.6947,8.1832,-4.6947
2708902,-0.1284,0.1970,1.1047,0.8550,8.6947,-5.0000
2708912,-0.1326,0.1951,1.1226,1.8321,7.4351,-4.5573
2708922,-0.1345,0.2029,1.1155,1.9542,5.3817,-4.0916
2708933,-0.1360,0.1958,1.1113,1.9008,3.6870,-3.7252
2708943,-0.1428,0.1970,1.1189,1.8702,2.5573,-3.7939
2708952,-0.1448,0.1882,1.0999,1.3053,1.8626,-2.6107
2708963,-0.1545,0.1836,1.1060,0.6641,2.7328,-2.0687
2708973,-0.1514,0.1938,1.1177,-0.6107,4.2137,-1.8779
2708983,-0.1431,0.1907,1.1279,-1.5878,5.6489,-1.8702
2708993,-0.1453,0.1938,1.1240,-1.8321,7.7557,-2.4656
2709003,-0.1421,0.1953,1.1211,-1.8168,8.5649,-3.0840
2709013,-0.1414,0.1973,1.1140,-0.9466,8.4427,-4.4656
2709023,-0.1438,0.1829,1.1118,0.2443,7.9771,-4.9466
2709033,-0.1509,0.1904,1.1077,0.8779,7.4656,-5.1221
2709043,-0.1660,0.1855,1.1033,0.6718,7.6489,-4.2214
2709056,-0.1582,0.1870,1.0972,1.5649,6.5344,-3.3130
2709063,-0.1536,0.1887,1.1069,2.2290,7.0840,-3.7939
2709073,-0.1584,0.1851,1.1211,2.4046,7.8931,-4.8931
2709083,-0.1619,0.1963,1.1387,2.0382,10.0153,-6.8473
2709093,-0.1914,0.1899,1.1208,2.2214,11.2137,-7.3359
2709103,-0.2095,0.2014,1.1038,3.7481,11.8702,-6.1298
2709113,-0.2214,0.2036,1.0967,6.1298,12.6489,-5.8244
2709123,-0.2256,0.1819,1.0781,7.7328,14.2595,-5.3359
2709133,-0.2227,0.1917,1.0610,6.7405,15.0840,-3.8626
2709143,-0.2041,0.1831,1.0725,3.7328,15.3359,-2.1985
2709153,-0.1880,0.1907,1.0815,0.4885,13.9771,-1.4275
2709163,-0.1741,0.1912,1.0767,-1.7634,12.5954,-2.5267
2709173,-0.1680,0.1804,1.0840,-1.5649,11.2290,-4.0305
2709183,-0.1938,0.1982,1.0872,0.2214,10.9466,-4.2595
2709193,-0.2083,0.2014,1.1079,1.0840,12.8779,-3.3740
2709203,-0.2195,0.2053,1.1016,2.1450,15.4962,-2.5267
2709213,-0.2214,0.2090,1.1077,2.7023,18.2824,-2.5725
2709223,-0.2285,0.2104,1.1116,2.4733,19.6641,-3.0611
2709233,-0.2302,0.2085,1.1030,1.9695,19.1221,-1.7634
2709242,-0.2317,0.2051,1.0942,1.7099,18.1450,0.2672
2709252,-0.2249,0.2107,1.0918,0.6870,16.4656,2.0763
2709263,-0.2114,0.2158,1.0920,-1.8092,15.1985,0.7328
2709273,-0.2009,0.2141,1.1006,-2.3359,13.9160,-0.9847
2709283,-0.2310,0.2163,1.0906,-0.7481,13.9466,-1.4275
2709293,-0.2483,0.2200,1.0920,0.6718,14.4275,1.0840
2709303,-0.2600,0.2156,1.0984,0.5344,16.0534,2.6565
2709313,-0.2573,0.2227,1.0955,-0.0992,17.7099,4.0076
2709323,-0.2493,0.2285,1.1091,0.3740,18.6794,4.7405
2709333,-0.2351,0.2317,1.1040,0.7863,19.6489,3.0534
2709344,-0.2222,0.2295,1.0879,1.1756,19.8244,0.7786
2709353,-0.2327,0.2217,1.0662,2.7023,18.9695,0.4962
2709363,-0.2397,0.2373,1.0691,3.4962,18.0840,1.8550
2709373,-0.2581,0.2192,1.0496,4.4427,17.6336,3.4351
2709383,-0.2559,0.2153,1.0469,4.8855,17.9771,5.5573
2709393,-0.2542,0.2009,1.0295,5.4198,18.1450,8.7863
2709403,-0.2268,0.2073,1.0747,2.8931,17.6260,11.9237
2709413,-0.1978,0.2124,1.1189,-0.7405,18.7786,12.7481
2709423,-0.1562,0.2236,1.1311,-1.9542,19.4580,11.6641
2709436,-0.1172,0.2219,1.1411,-3.3435,20.4275,8.8168
2709443,-0.1006,0.2373,1.1179,-3.8855,19.3588,4.5802
2709452,-0.1040,0.1807,1.0762,1.3588,16.4046,3.9542
2709462,-0.0940,0.2180,1.1177,4.9389,13.5344,5.0153
2709473,-0.0769,0.1973,1.1675,3.3053,10.5191,5.4122
2709483,-0.0586,0.1990,1.1763,0.9695,8.8779,4.6794
2709493,-0.0547,0.2026,1.1714,-4.1603,7.3893,4.3969
2709503,-0.0371,0.1946,1.1777,-4.0076,6.3435,3.3359
2709513,-0.0186,0.2000,1.1833,-4.7481,5.3588,2.0687
2709524,0.0173,0.2063,1.1953,-4.8473,3.9160,-0.8550
2709533,0.0269,0.2061,1.2278,-2.1985,2.8321,-3.7939
2709543,0.0332,0.1938,1.2244,1.5267,1.1527,-6.0687
2709553,0.0264,0.1978,1.2271,5.5344,-1.1603,-7.6947
2709563,0.0144,0.2012,1.2329,5.7557,-3.8244,-10.0382
2709576,-0.0037,0.1958,1.2148,5.6641,-7.8397,-12.9313
2709583,-0.0188,0.1948,1.2039,6.3359,-9.5496,-13.7481
2709593,-0.0312,0.2058,1.2009,6.2443,-11.4351,-14.5802
2709603,-0.0486,0.2002,1.1904,5.4580,-13.0687,-15.6107
2709613,-0.0774,0.2029,1.1809,4.7176,-15.9771,-16.6641
2709623,-0.0984,0.2129,1.1765,3.4580,-19.3053,-16.8855
2709633,-0.1140,0.2136,1.1843,2.5878,-23.6489,-17.4275
2709643,-0.1292,0.2078,1.1907,-0.6031,-26.3282,-18.9618
2709653,-0.1458,0.2056,1.1621,0.6870,-28.4580,-19.6031
2709663,-0.1655,0.2153,1.1655,3.0992,-30.5420,-18.9847
2709673,-0.1746,0.2158,1.1902,5.5802,-30.0687,-19.1374
2709683,-0.1714,0.2297,1.1978,7.5878,-28.4733,-19.2137
2709693,-0.1611,0.2268,1.1848,9.3206,-26.4351,-20.2901
2709707,-0.1501,0.2207,1.1467,11.0229,-25.0840,-21.1679
2709713,-0.1523,0.2285,1.1289,11.6183,-25.3053,-21.1679
2709723,-0.1414,0.2158,1.1277,11.3053,-26.0458,-21.5191
2709733,-0.1313,0.2217,1.1211,10.4504,-28.2443,-22.5802
2709743,-0.1143,0.2148,1.0964,9.4198,-30.8015,-23.1374
2709753,-0.1157,0.2056,1.0742,8.1603,-32.9695,-23.4504
2709763,-0.1274,0.2141,1.0708,6.3282,-35.1985,-22.7328
2709777,-0.1145,0.2134,1.0911,4.8244,-35.4962,-22.8779
2709783,-0.1133,0.2195,1.0767,4.9618,-35.2214,-23.2977
2709793,-0.1243,0.2134,1.0818,5.5344,-35.0305,-24.6183
2709803,-0.1174,0.2107,1.0862,5.1908,-33.9695,-25.1145
2709813,-0.1309,0.2104,1.0789,4.6870,-34.0153,-24.9847
2709823,-0.1345,0.2117,1.0706,4.6565,-35.3664,-23.1679
2709833,-0.1187,0.2080,1.0623,4.8473,-36.4275,-22.8321
2709843,-0.1335,0.1973,1.0515,3.3435,-37.0305,-23.6718
2709855,-0.1462,0.2070,1.0601,-0.8244,-37.5038,-23.4504
2709863,-0.1443,0.2102,1.0791,-1.6641,-35.6718,-24.1069
2709876,-0.1313,0.2283,1.0945,3.8473,-29.8321,-25.9924
2709883,-0.1240,0.2048,1.1331,1.8473,-27.5420,-27.0000
2709893,-0.1272,0.2275,1.0549,-1.9924,-24.8779,-26.8321
2709902,-0.1265,0.1841,1.0300,-2.4733,-23.2748,-27.6641
2709913,-0.1514,0.1865,1.0227,-1.9618,-22.8321,-27.5725
2709923,-0.1780,0.1855,1.0364,-4.1298,-23.4122,-26.0763
2709933,-0.2039,0.1929,1.0481,-6.1450,-23.9160,-22.8931
2709944,-0.2251,0.1975,1.0579,-5.8244,-24.6870,-18.7710
2709953,-0.2334,0.1997,1.0474,-4.3969,-24.2137,-15.6412
2709963,-0.2341,0.2043,1.0786,-3.0000,-21.0840,-14.2290
2709973,-0.2439,0.2085,1.0525,-2.8931,-15.4351,-13.5878
2709983,-0.2664,0.1895,1.0127,-3.6107,-10.5878,-12.3588
2709993,-0.2898,0.1885,1.0083,-4.6412,-4.5725,-11.0992
2710003,-0.2952,0.1892,1.0054,-5.2519,1.7710,-10.5573
2710013,-0.3176,0.1924,0.9834,-6.2290,7.3130,-8.7634
2710023,-0.3132,0.1904,0.9736,-7.6260,10.8092,-6.2901
2710033,-0.3062,0.1975,0.9568,-9.6794,11.9847,-2.0687
2710043,-0.2947,0.1863,0.9592,-11.2519,11.6718,2.0611
2710053,-0.2800,0.1819,0.9697,-13.9237,11.6718,6.0840
2710063,-0.2637,0.1934,1.0000,-18.1756,11.2901,9.6336
2710073,-0.2412,0.1973,1.0376,-21.1985,11.3130,13.6489
2710083,-0.2087,0.2119,1.0862,-22.5496,12.1450,16.4275
2710093,-0.1580,0.2178,1.1326,-24.5344,13.2290,17.5802
2710103,-0.1289,0.2168,1.1667,-25.5573,12.7786,17.9008
2710113,-0.1045,0.2214,1.2312,-26.9542,10.6489,18.8779
2710123,-0.0652,0.2317,1.2969,-28.0840,8.2061,20.9313
2710133,-0.0283,0.2295,1.3489,-26.7710,5.0992,21.3130
2710143,0.0054,0.2334,1.4224,-24.1985,3.1527,20.2137
2710153,0.0386,0.2449,1.4758,-20.7328,1.2061,18.1908
2710163,0.0674,0.2471,1.5205,-18.0534,-0.9618,16.0229
2710173,0.0818,0.2542,1.5295,-13.1221,-3.0992,13.7863
2710183,0.0872,0.2495,1.5144,-6.1527,-5.5802,11.4275
2710193,0.0977,0.2517,1.5227,0.9389,-6.8626,8.1450
2710203,0.0859,0.2478,1.4871,7.7481,-9.5115,5.7939
2710213,0.0732,0.2466,1.4810,14.8931,-11.5573,2.9847
2710223,0.0596,0.2375,1.4573,20.8015,-11.1221,-1.0534
2710233,0.0222,0.2249,1.4226,24.6870,-10.2595,-5.0687
2710243,0.0037,0.2285,1.4126,27.3511,-8.1679,-7.5954
2710253,-0.0208,0.2241,1.3682,31.8626,-7.4351,-7.8473
2710263,-0.0315,0.2222,1.3289,38.9618,-7.0687,-8.7481
2710273,-0.0347,0.2227,1.3113,43.6489,-7.6641,-11.0687
2710283,-0.0410,0.2134,1.2310,49.6565,-9.4351,-12.8092
2710293,-0.0459,0.2029,1.1846,52.0153,-12.9160,-11.1908
2710303,-0.0542,0.1934,1.1548,51.7634,-16.4733,-9.6565
2710313,-0.0542,0.1809,1.1089,51.1603,-19.1298,-10.7634
2710323,-0.0564,0.1921,1.0654,51.2061,-20.5954,-12.9084
2710333,-0.0728,0.1909,1.0439,49.7099,-19.9389,-15.6412
2710343,-0.1047,0.1802,1.0129,47.2977,-18.0763,-16.3053
2710353,-0.1157,0.1863,0.9651,45.6107,-15.5344,-14.8550
2710363,-0.1130,0.1775,0.9277,46.0840,-12.4580,-14.8779
2710373,-0.1213,0.1721,0.8718,47.4733,-7.9466,-14.5191
2710383,-0.1467,0.1599,0.8149,48.5191,-3.3206,-13.6489
2710393,-0.1587,0.1487,0.7708,49.0229,0.6565,-12.9237
2710403,-0.1621,0.1345,0.7141,46.1298,3.3664,-12.9542
2710413,-0.1528,0.1296,0.6807,38.2443,4.7939,-12.8626
2710423,-0.1560,0.1355,0.6477,28.8092,6.9542,-13.3664
2710433,-0.1501,0.1445,0.6284,19.0000,10.9695,-15.9924
2710443,-0.1411,0.1575,0.6138,11.2366,16.6183,-17.9618
2710453,-0.1514,0.1562,0.6045,6.6794,21.9389,-18.6107
2710463,-0.1436,0.1694,0.5857,2.9618,27.8015,-17.9695
2710473,-0.1450,0.1707,0.5850,-2.5878,33.6718,-18.2595
2710483,-0.1116,0.1663,0.6091,-9.9313,39.2824,-18.6336
2710493,-0.0747,0.1936,0.6479,-18.3588,43.7634,-18.9313
2710503,-0.0405,0.1985,0.6904,-23.6947,46.9084,-19.5420
2710513,-0.0112,0.2065,0.7402,-27.5878,49.1450,-21.7252
2710523,0.0186,0.2256,0.7996,-32.7023,50.2519,-26.0687
2710533,0.0325,0.2178,0.8279,-36.8092,50.2290,-31.0153
2710543,0.0061,0.2180,0.8623,-40.7023,47.4198,-31.8168
2710553,-0.0396,0.2166,0.9355,-43.9466,44.0382,-30.4046
2710563,-0.0701,0.2251,1.0134,-47.1527,41.4351,-30.9771
2710573,-0.1099,0.2273,1.0771,-50.1527,39.6718,-32.8550
2710583,-0.1631,0.2302,1.1174,-51.7939,38.4198,-34.1985
2710593,-0.2043,0.2322,1.1372,-51.0382,38.0000,-33.9237
2710603,-0.2327,0.2463,1.1392,-51.0000,36.6336,-31.7863
2710613,-0.2500,0.2346,1.1250,-49.8931,34.0534,-27.7634
2710623,-0.2561,0.2292,1.1492,-49.8244,29.7023,-22.2748
2710633,-0.2349,0.2351,1.2043,-51.7939,25.7176,-18.1145
2710643,-0.2131,0.2334,1.2241,-50.2061,24.2443,-17.6794
2710653,-0.1775,0.2280,1.2341,-45.3817,25.6107,-19.6641
2710663,-0.1777,0.2319,1.2097,-42.4504,27.7939,-23.5344
2710673,-0.1973,0.2356,1.1765,-40.7328,27.0382,-24.4656
2710683,-0.1809,0.2168,1.1196,-36.3435,22.6947,-22.5802
2710693,-0.1770,0.2175,1.1777,-32.5344,16.5573,-20.8931
2710703,-0.1309,0.2339,1.2832,-35.0763,12.4885,-21.1756
2710713,-0.0974,0.2207,1.3623,-40.4275,10.5878,-18.2519
2710723,-0.1311,0.2341,1.3462,-40.7405,8.1908,-19.0916
2710733,-0.1721,0.2234,1.3435,-35.3206,4.6641,-18.2901
2710743,-0.2039,0.2297,1.3914,-30.2977,0.3664,-17.5878
2710753,-0.1738,0.2429,1.4548,-29.9466,-0.7786,-16.7252
2710763,-0.1382,0.2534,1.5017,-33.3740,-1.1527,-15.3282
2710773,-0.1555,0.2559,1.5093,-30.9160,0.0992,-15.5725
2710783,-0.1499,0.2478,1.5291,-25.1527,1.8397,-17.0916
2710793,-0.1555,0.2305,1.5195,-18.9313,2.5573,-15.1450
2710803,-0.1677,0.2229,1.5122,-12.7405,0.9466,-14.7481
2710813,-0.1523,0.1985,1.5137,-8.0611,-2.9847,-12.0916
2710823,-0.1956,0.1836,1.5408,-6.3435,-8.7863,-8.8168
2710833,-0.2083,0.1873,1.5669,-6.5420,-16.0687,-5.9008
2710843,-0.2090,0.1968,1.5686,-3.5115,-23.0763,-2.7710
2710853,-0.2117,0.1870,1.5532,5.8092,-27.4580,-0.9771
2710863,-0.2068,0.1960,1.5520,12.1603,-29.9618,-0.3511
2710873,-0.2192,0.1960,1.5229,17.2443,-29.1527,-1.3740
2710883,-0.2058,0.1763,1.4492,24.6412,-28.9389,-2.3817
2710893,-0.2061,0.1714,1.4163,32.0916,-28.5649,-3.5267
2710903,-0.1943,0.1584,1.3857,35.0458,-29.9313,-3.4122
2710913,-0.1968,0.1436,1.3230,36.1985,-31.2748,-3.7252
2710923,-0.2000,0.1311,1.2698,38.7634,-33.2214,-4.5954
2710933,-0.1841,0.1152,1.2368,40.4962,-35.4580,-3.6412
2710943,-0.1997,0.1326,1.1978,40.8321,-37.2595,-2.7557
2710953,-0.2070,0.1216,1.1621,40.6565,-37.7557,-2.3893
2710963,-0.2046,0.1306,1.1516,41.4962,-36.2748,-1.8015
2710973,-0.2119,0.1294,1.1121,44.4427,-34.2366,-0.8779
2710983,-0.1987,0.1138,1.0869,46.1985,-31.5344,-0.6641
2710993,-0.1970,0.1216,1.0222,45.9084,-28.7481,-2.0611
2711003,-0.1836,0.1084,0.9480,47.7023,-26.0992,-1.9847
2711013,-0.1841,0.1074,0.9160,45.8092,-23.4733,-1.1908
2711023,-0.1648,0.1191,0.8862,42.5038,-22.5038,0.3359
2711033,-0.1394,0.1184,0.8860,37.0992,-21.1145,2.1450
2711043,-0.1475,0.1086,0.8577,33.6107,-19.6870,1.8092
2711053,-0.1331,0.1169,0.8401,29.8244,-18.1298,0.1985
2711072,-0.1265,0.1270,0.8208,20.4122,-15.2824,-0.6260
2711075,-0.1240,0.1316,0.8208,19.4046,-14.6336,-0.6107
2711083,-0.1177,0.1335,0.7954,16.8550,-13.2824,0.5267
2711093,-0.1130,0.1414,0.7971,14.0840,-10.7557,2.4198
2711103,-0.0977,0.1433,0.8005,11.7328,-6.3893,2.2061
2711113,-0.0745,0.1379,0.7820,11.1527,-0.6641,-0.3282
2711125,-0.0752,0.1379,0.7642,6.9771,4.2214,-1.5725
2711133,-0.0701,0.1394,0.7644,3.5954,5.4046,-1.8550
2711143,-0.0510,0.1521,0.7571,0.0382,6.3588,-2.1908
2711157,-0.0483,0.1548,0.7607,-3.0534,6.8168,-2.0992
2711163,-0.0481,0.1545,0.7617,-4.0076,8.0305,-2.3740
2711173,-0.0508,0.1565,0.7480,-5.3740,10.3053,-4.2366
2711183,-0.0464,0.1484,0.7290,-8.2519,12.4427,-5.4351
2711193,-0.0483,0.1384,0.7334,-13.7481,14.7710,-5.7481
2711203,-0.0447,0.1440,0.7495,-20.0076,16.3511,-5.2061
2711213,-0.0366,0.1360,0.7893,-26.7939,18.8321,-7.7023
2711223,-0.0339,0.1125,0.8323,-32.1221,20.8550,-11.5802
2711233,-0.0649,0.1008,0.8799,-36.6260,22.4504,-16.4733
2711243,-0.0989,0.1167,0.9309,-42.0916,22.8397,-18.4656
2711253,-0.1226,0.1284,0.9578,-43.3893,21.7786,-17.6947
2711263,-0.1277,0.1453,0.9980,-41.1221,21.3130,-16.8931
2711273,-0.1199,0.1511,1.0203,-36.2595,23.1069,-17.6565
2711283,-0.1099,0.1450,1.0273,-33.6107,25.8321,-20.2672
2711293,-0.0950,0.1167,1.0400,-36.1221,26.9542,-21.8626
2711303,-0.0925,0.1221,1.0439,-41.7481,26.5267,-24.0076
2711313,-0.1155,0.1299,1.0942,-46.9008,24.6107,-24.7634
2711323,-0.1304,0.1418,1.1353,-47.6260,22.3969,-24.2061
2711333,-0.1423,0.1616,1.1714,-44.0305,20.4809,-24.1069
2711343,-0.1394,0.1614,1.1870,-38.5725,21.1298,-24.2061
2711353,-0.1509,0.1616,1.1702,-34.1679,21.1221,-22.9389
2711363,-0.1453,0.1643,1.1892,-33.3664,20.8244,-22.3206
2711373,-0.1372,0.1604,1.2144,-32.7328,20.9313,-23.1679
2711383,-0.1450,0.1357,1.2261,-30.7176,20.3740,-24.9618
2711393,-0.1543,0.1616,1.2629,-32.2672,19.2977,-24.8092
2711403,-0.1631,0.1697,1.2534,-34.2443,16.3664,-22.7481
2711413,-0.1772,0.1755,1.2627,-33.9237,13.2977,-19.6794
2711423,-0.1714,0.1741,1.2776,-29.8397,11.7099,-16.5267
2711433,-0.1750,0.1770,1.3035,-27.0611,10.8779,-14.3664
2711443,-0.1638,0.1660,1.3357,-25.6947,11.1527,-13.2519
2711453,-0.1541,0.1536,1.3552,-25.1908,9.6947,-12.6107
2711463,-0.1689,0.1611,1.4053,-26.1221,6.1908,-11.2214
2711473,-0.1504,0.1636,1.4016,-23.0916,3.0305,-10.4275
2711483,-0.1743,0.1621,1.4478,-18.9618,-0.0611,-10.0000
2711493,-0.1780,0.1719,1.4832,-18.9237,-2.0611,-10.0153
2711503,-0.1804,0.1606,1.4788,-14.4656,-4.5267,-7.5954
2711513,-0.1965,0.1392,1.5222,-8.8397,-6.7481,-6.1298
2711523,-0.2070,0.1458,1.5439,-4.2595,-8.2901,-5.0534
2711533,-0.2207,0.1414,1.5776,-2.7099,-9.7863,-3.7481
2711543,-0.2212,0.1455,1.5791,0.3359,-11.2443,-1.9542
2711553,-0.2288,0.1511,1.5515,5.6870,-12.4198,-0.6183
2711563,-0.2236,0.1489,1.5342,12.3282,-13.3359,0.7023
2711573,-0.2158,0.1489,1.5017,18.9771,-13.0687,2.3893
2711583,-0.2063,0.1577,1.4578,25.5191,-11.7176,3.5344
2711593,-0.1926,0.1514,1.4199,31.2214,-9.0534,3.6031
2711603,-0.1787,0.1438,1.3640,35.0687,-7.7023,3.8473
2711613,-0.1768,0.1304,1.2961,37.2672,-7.1908,3.4427
2711623,-0.1628,0.1221,1.2751,38.4962,-8.0840,2.7557
2711633,-0.1528,0.1155,1.2334,38.5420,-11.8626,3.9389
2711643,-0.1643,0.1135,1.2322,37.2672,-16.6107,6.2214
2711653,-0.1577,0.1194,1.2273,35.8168,-19.9618,7.7939
2711668,-0.1743,0.1106,1.2097,36.7634,-20.2366,8.0000
2711673,-0.1716,0.1094,1.2139,37.6565,-19.1908,7.3435
2711683,-0.1758,0.1160,1.1777,40.0763,-17.4656,6.8626
2711692,-0.1750,0.1079,1.1372,42.5725,-16.0076,6.9924
2711707,-0.1606,0.0942,1.0994,43.0000,-14.0992,5.0000
2711713,-0.1626,0.1028,1.0825,42.4962,-14.0153,4.3206
2711723,-0.1638,0.0996,1.0598,41.5267,-14.2061,4.5878
2711736,-0.1548,0.1035,1.0330,41.8626,-12.4275,4.6031
2711743,-0.1541,0.1106,1.0308,41.3893,-11.4198,4.7176
2711753,-0.1501,0.0984,1.0176,39.7939,-8.3130,4.9847
2711763,-0.1392,0.0933,0.9971,37.8931,-4.4580,4.5496
2711772,-0.1226,0.1055,0.9685,34.3130,-3.2214,4.6718
2711782,-0.1089,0.1133,0.9504,30.7939,-4.0305,4.3206
2711792,-0.0930,0.1216,0.9302,29.5878,-5.5802,4.3664
2711802,-0.0806,0.1270,0.9163,29.9542,-6.2595,4.2443
2711812,-0.0710,0.1311,0.9089,30.0534,-6.1756,2.5954
2711822,-0.0759,0.1194,0.8853,28.7176,-5.6947,1.2214
2711832,-0.0779,0.1348,0.8833,25.1298,-4.7023,0.1450
2711842,-0.0774,0.1328,0.8882,22.2366,-3.0382,0.0916
2711852,-0.0881,0.1335,0.8843,21.3130,0.2901,0.2214
2711862,-0.0903,0.1467,0.8735,20.3817,4.2443,0.1527
2711872,-0.0786,0.1438,0.8684,18.9695,7.7939,0.4885
2711882,-0.0627,0.1499,0.8450,16.7252,8.7786,1.1450
2711892,-0.0520,0.1565,0.8137,13.7634,7.4351,0.8244
2711902,-0.0344,0.1582,0.7964,10.9695,6.1679,-1.2748
2711912,-0.0339,0.1436,0.7712,7.8702,4.7557,-4.4504
2711922,-0.0598,0.1477,0.7544,1.9008,4.1450,-7.0840
2711932,-0.0823,0.1418,0.7476,-4.9389,6.3893,-8.6794
2711942,-0.0957,0.1426,0.7566,-12.2137,9.8550,-7.5267
2711952,-0.0906,0.1531,0.7947,-18.4809,15.8779,-8.3817
2711962,-0.0815,0.1497,0.8083,-22.2824,21.7023,-9.7252
2711972,-0.0757,0.1431,0.8181,-26.3206,25.1221,-11.9237
2711982,-0.0901,0.1335,0.8413,-32.1832,24.2443,-13.2366
2711992,-0.1125,0.1301,0.8628,-38.8779,19.1603,-13.5649
2712002,-0.1326,0.1409,0.8994,-42.4656,13.2748,-13.5267
2712012,-0.1675,0.1438,0.9268,-42.9924,9.0992,-14.1679
2712022,-0.1997,0.1311,0.9478,-41.0534,7.8168,-13.5725
2712032,-0.2241,0.1235,0.9783,-40.4351,11.6947,-12.9695
2712042,-0.2390,0.1133,1.0134,-42.4504,18.2595,-13.5573
2712052,-0.2441,0.1255,1.0249,-45.4046,26.1985,-15.1832
2712062,-0.2437,0.1360,1.0051,-46.9008,31.0458,-15.2977
2712072,-0.2583,0.1252,0.9724,-47.8702,30.4656,-15.0229
2712082,-0.2805,0.1111,0.9624,-50.4733,26.8092,-14.2901
2712092,-0.2756,0.0901,0.9585,-53.6412,21.0992,-10.1985
2712102,-0.2578,0.0828,1.0483,-58.7786,16.3359,-6.2214
2712112,-0.2249,0.0950,1.1238,-64.8550,15.4809,-4.3969
2712125,-0.1836,0.1191,1.2471,-67.2519,19.2443,-6.2061
2712133,-0.1528,0.1326,1.3076,-63.1527,23.1603,-8.3740
2712143,-0.1272,0.1462,1.3477,-53.7023,27.0840,-10.0000
2712153,-0.1069,0.1575,1.3391,-43.3282,27.0763,-11.2290
2712162,-0.0872,0.1521,1.3098,-36.5649,23.5725,-11.8397
2712173,-0.0771,0.1367,1.3135,-34.5802,17.1527,-11.4962
2712183,-0.0537,0.1279,1.3557,-36.1908,11.4275,-12.0687
2712193,-0.0720,0.1426,1.3933,-33.8092,5.5573,-12.3893
2712203,-0.0901,0.1565,1.4441,-27.7786,3.0534,-13.6260
2712213,-0.0930,0.1704,1.4714,-22.6870,2.5573,-14.5344
2712223,-0.0986,0.1821,1.4326,-14.0076,1.8702,-13.5344
2712232,-0.1079,0.1367,1.4419,-5.4198,2.5878,-14.8244
2712243,-0.0918,0.1716,1.4763,-1.9389,3.0687,-14.6260
2712253,-0.1187,0.1506,1.4780,-1.7786,3.2672,-14.8168
2712263,-0.1067,0.1338,1.4717,-1.5115,1.8626,-15.8092
2712278,-0.1550,0.1392,1.4558,2.8550,-6.6870,-12.9771
2712283,-0.1746,0.1357,1.4851,3.7405,-9.2824,-10.8855
2712293,-0.1953,0.1194,1.5024,4.0076,-11.9924,-8.8779
2712303,-0.2068,0.1077,1.4634,4.5115,-13.9313,-7.7939
2712313,-0.2239,0.1121,1.4900,5.8244,-14.4656,-5.7557
2712326,-0.2271,0.1143,1.5134,8.8855,-14.4656,-2.7710
2712333,-0.2368,0.1201,1.5205,12.3588,-14.6870,-1.3206
2712343,-0.2302,0.1094,1.5071,19.1756,-14.0153,0.0611
2712353,-0.2437,0.1084,1.4575,26.9924,-13.7328,1.5802
2712363,-0.2310,0.1096,1.4250,30.4427,-14.4351,3.7176
2712373,-0.2156,0.1028,1.3865,32.3130,-15.2290,5.6489
2712383,-0.2085,0.0930,1.3613,34.4198,-16.2519,6.3206
2712393,-0.2068,0.1047,1.3267,34.5038,-17.9084,7.1527
2712403,-0.1951,0.0918,1.2886,34.7405,-21.8855,8.7328
2712413,-0.1982,0.0981,1.2695,37.2443,-26.2443,10.5191
2712423,-0.1897,0.1042,1.2510,38.8092,-29.2443,11.2824
2712435,-0.1802,0.1060,1.2378,38.6336,-29.4046,12.0763
2712443,-0.1868,0.1172,1.2356,38.3740,-27.5954,12.3206
2712454,-0.1597,0.1025,1.2275,40.9542,-24.1679,13.1221
2712463,-0.1414,0.1084,1.2410,43.4122,-22.7176,12.9847
2712473,-0.1321,0.1157,1.2019,45.4580,-22.5878,11.3435
2712483,-0.1267,0.1079,1.1609,47.3740,-24.4809,9.8321
2712495,-0.1213,0.1072,1.1311,47.4885,-27.8168,8.6870
2712503,-0.1313,0.1091,1.1162,45.8092,-30.4198,8.8702
2712513,-0.1370,0.1226,1.1047,43.4580,-32.4580,10.2595
2712523,-0.1362,0.1362,1.1216,45.7099,-32.0763,11.7252
2712533,-0.1292,0.1401,1.1240,49.6718,-29.5420,11.2977
2712544,-0.1130,0.1375,1.0625,54.2137,-26.4275,10.7634
2712553,-0.1130,0.1387,1.0403,54.3588,-25.0000,9.7710
2712563,-0.0974,0.1550,0.9944,52.5420,-23.8855,9.3359
2712573,-0.0942,0.1484,0.9583,52.6412,-22.3969,7.6565
2712583,-0.0881,0.1560,0.9609,51.0763,-19.2824,7.0000
2712593,-0.0720,0.1716,0.9407,50.2519,-16.3969,5.6107
2712603,-0.0686,0.1602,0.8958,48.6947,-14.4427,5.2901
2712613,-0.0581,0.1550,0.8884,44.1756,-14.0076,6.0229
2712625,-0.0537,0.1787,0.8601,36.7634,-13.2137,5.5496
2712633,-0.0469,0.1790,0.8489,34.3206,-13.3053,5.3664
2712643,-0.0420,0.1941,0.8298,31.2061,-12.2748,5.0687
2712653,-0.0522,0.1958,0.8030,27.9695,-9.4427,4.5267
2712665,-0.0652,0.1995,0.7817,26.6336,-3.0611,4.1985
2712673,-0.0564,0.1965,0.7571,25.7252,1.2366,4.0687
2712683,-0.0525,0.2070,0.7456,22.2595,6.2137,4.3359
2712693,-0.0464,0.1941,0.7209,16.2061,10.4198,4.5954
2712703,-0.0181,0.2075,0.6978,11.7252,11.9847,4.4656
2712713,-0.0010,0.1987,0.6851,6.5725,12.0687,3.6947
2712723,0.0012,0.2053,0.6750,0.9389,12.1832,2.0305
2712733,-0.0051,0.2126,0.6792,-5.6641,13.2137,0.9847
2712743,-0.0049,0.2134,0.6729,-11.0763,15.1832,0.9618
2712753,0.0117,0.2183,0.6948,-15.2595,19.0534,-1.0458
2712763,0.0276,0.2007,0.7083,-18.9008,21.5267,-4.4885
2712773,0.0305,0.1836,0.7451,-26.8168,21.2366,-7.7786
2712783,0.0144,0.1631,0.7764,-36.5954,20.2366,-11.5115
2712792,-0.0107,0.1501,0.8604,-46.2137,19.7710,-14.8015
2712803,-0.0405,0.1726,0.9163,-53.6794,18.8855,-16.0611
2712813,-0.0645,0.1892,0.9739,-54.6031,18.0916,-15.8855
2712824,-0.0955,0.1809,1.0247,-51.7710,19.2137,-16.3588
2712833,-0.1113,0.1960,1.0513,-48.8550,20.9924,-17.3511
2712847,-0.1338,0.1917,1.0439,-43.9389,22.6336,-15.5802
2712853,-0.1301,0.1865,1.0571,-43.4122,23.6412,-14.6718
2712863,-0.1204,0.1975,1.0391,-42.5725,25.0000,-15.4122
2712873,-0.1125,0.1890,1.0229,-42.1756,25.6641,-16.1298
2712883,-0.1379,0.1514,1.0410,-45.3053,26.2595,-17.7023
2712892,-0.1482,0.1428,1.0688,-53.0916,25.9618,-17.5725
2712903,-0.1697,0.1372,1.0869,-60.5344,23.9466,-14.1908
2712913,-0.1665,0.1465,1.1826,-65.7481,23.5344,-11.6260
2712923,-0.1545,0.1721,1.2354,-65.6641,26.0534,-12.2137
2712933,-0.1558,0.1738,1.2598,-59.0534,29.6947,-12.4885
2712943,-0.1475,0.1897,1.2671,-52.8092,32.7939,-12.9542
2712953,-0.1372,0.1753,1.2405,-45.8855,33.3664,-12.8931
2712963,-0.1357,0.1714,1.2253,-41.0458,30.4046,-11.0229
2712973,-0.1182,0.1599,1.2434,-41.9008,24.7481,-9.2519
2712983,-0.1006,0.1650,1.2437,-44.8397,18.3359,-6.8855
2712993,-0.0901,0.1475,1.2839,-48.3130,13.6947,-7.2214
2713003,-0.0881,0.1587,1.3152,-50.8168,11.7939,-7.6794
2713013,-0.0945,0.1680,1.3374,-47.9466,10.9237,-7.4580
2713023,-0.0771,0.1702,1.3345,-43.5191,10.4733,-6.9542
2713033,-0.0857,0.1829,1.3721,-36.6794,10.7634,-7.2366
2713043,-0.0854,0.1519,1.3657,-31.2366,9.5954,-6.5344
2713053,-0.0859,0.1545,1.3943,-28.3893,6.7328,-6.4198
2713063,-0.0903,0.1331,1.4172,-26.8550,3.3893,-6.7863
2713073,-0.0979,0.1221,1.4521,-24.3435,-0.6107,-7.3969
2713083,-0.1147,0.1282,1.4749,-21.9695,-3.5573,-6.9160
2713097,-0.1497,0.1191,1.5015,-18.0611,-7.8626,-5.7405
2713103,-0.1589,0.1143,1.5322,-15.2672,-8.7634,-5.5878
2713113,-0.1550,0.1340,1.5569,-11.4122,-10.1756,-4.2748
2713123,-0.1880,0.1321,1.5571,-4.6183,-12.0305,-2.1832
2713133,-0.1863,0.1204,1.5737,1.8321,-12.7023,-1.5191
2713143,-0.1660,0.1104,1.5537,10.0229,-12.5725,-1.5573
2713153,-0.1790,0.1072,1.5200,18.1298,-11.6260,-2.9313
2713163,-0.1860,0.0979,1.5054,22.8626,-10.6031,-3.3359
2713173,-0.1833,0.1018,1.4500,25.7710,-10.3359,-2.7863
2713183,-0.1760,0.1050,1.4294,29.4427,-9.9160,-1.3130
2713193,-0.1650,0.1243,1.3740,33.3511,-9.8168,1.1679
2713203,-0.1594,0.1033,1.3354,36.2214,-10.8015,4.0458
2713215,-0.1384,0.0913,1.3145,36.8779,-12.8321,4.7481
2713223,-0.1321,0.0862,1.2751,37.0916,-15.7176,4.2443
2713236,-0.1379,0.0903,1.2583,38.1374,-21.2061,4.5115
2713243,-0.1414,0.0945,1.2744,37.7634,-21.8702,4.5191
2713253,-0.1426,0.0969,1.2485,40.1832,-21.0000,5.2366
2713265,-0.1475,0.0955,1.2559,44.0611,-19.0229,6.0916
2713273,-0.1230,0.0984,1.2261,45.7405,-17.8321,6.7557
2713283,-0.1321,0.0886,1.1799,48.8855,-17.9389,6.8473
2713293,-0.1362,0.0852,1.1792,48.8779,-19.2214,7.0229
2713303,-0.1204,0.0967,1.1489,49.8931,-20.2137,7.2214
2713313,-0.1240,0.0925,1.1367,50.6107,-20.8855,7.0687
2713324,-0.1099,0.1064,1.1016,51.6718,-21.0305,6.8931
2713333,-0.1106,0.0859,1.0938,52.3740,-20.5038,6.0458
2713343,-0.1082,0.1150,1.0786,51.3435,-19.0992,5.0076
2713353,-0.1067,0.1179,1.0220,52.4962,-19.0916,5.4198
2713362,-0.1057,0.1218,0.9905,54.6870,-18.1908,5.7710
2713372,-0.0979,0.1279,0.9548,53.6718,-15.5496,6.1298
2713382,-0.1006,0.1187,0.9431,51.7939,-11.4122,5.5496
2713392,-0.0828,0.1233,0.9177,47.2672,-7.9847,4.3664
2713403,-0.0820,0.1292,0.8984,43.3435,-5.9924,3.3206
2713413,-0.0735,0.1338,0.8823,37.7557,-6.5573,3.7939
2713422,-0.0637,0.1594,0.8696,34.4733,-7.8473,3.3969
2713435,-0.0676,0.1646,0.8364,32.7634,-8.1374,3.3664
2713443,-0.0708,0.1748,0.8115,31.7176,-7.5420,2.9084
2713454,-0.0784,0.1775,0.7729,28.8092,-3.9389,1.9771
2713463,-0.0864,0.1677,0.7419,25.9847,-0.0153,1.9389
2713472,-0.0906,0.1672,0.7190,22.2366,5.3893,1.9237
2713482,-0.0837,0.1851,0.7012,16.2748,10.3130,3.2137
2713492,-0.0493,0.1912,0.6833,12.3359,14.6260,3.5420
2713503,-0.0269,0.2070,0.6833,8.3817,18.0076,1.9618
2713513,-0.0017,0.1968,0.6497,4.6870,19.3817,-0.3359
2713523,-0.0017,0.1953,0.6433,-1.8473,17.8244,-0.4046
2713533,0.0083,0.2019,0.6506,-10.6412,16.6489,0.0458
2713543,0.0251,0.2068,0.6755,-16.1450,17.0763,-1.6641
2713552,0.0205,0.2021,0.7102,-21.3206,18.7634,-5.0992
2713563,0.0046,0.1692,0.7493,-28.6565,22.9542,-9.1527
2713573,-0.0137,0.1516,0.8025,-39.1603,25.7786,-12.4351
2713583,-0.0278,0.1699,0.8687,-49.2214,27.8931,-13.4427
2713593,-0.0459,0.1726,0.9436,-54.0229,28.2214,-14.4580
2713603,-0.0479,0.1941,0.9897,-52.4122,26.3359,-16.7634
2713613,-0.0564,0.1873,1.0244,-47.9618,22.9847,-16.5802
2713625,-0.0762,0.1848,1.0710,-46.5344,18.3817,-16.7710
2713633,-0.0823,0.1812,1.0754,-44.5420,17.4046,-17.5496
2713643,-0.1145,0.1624,1.0791,-42.1832,17.8092,-19.3740
2713653,-0.1401,0.1611,1.0869,-41.8168,20.3740,-20.5802
2713663,-0.1694,0.1365,1.0989,-41.7481,22.4886,-19.7786
2713673,-0.2124,0.1399,1.0857,-44.5038,22.6641,-18.6565
2713683,-0.2310,0.1360,1.0823,-48.3817,20.0000,-15.8321
2713693,-0.2302,0.1345,1.0989,-50.4122,15.3893,-11.2672
2713702,-0.2136,0.1531,1.1345,-51.2748,10.6641,-7.6183
2713712,-0.1768,0.1604,1.1731,-50.0840,7.4427,-4.0840
2713723,-0.1604,0.1565,1.2087,-47.6947,5.9466,-2.8855
2713733,-0.1416,0.1621,1.2273,-44.9847,6.6641,-3.6870
2713742,-0.1309,0.1460,1.2175,-41.5038,8.9008,-4.2366
2713752,-0.1326,0.1370,1.2429,-40.2290,10.9160,-3.9618
2713762,-0.1160,0.1270,1.2803,-44.0153,12.3511,-4.4122
2713773,-0.1091,0.1304,1.2866,-45.3282,11.3740,-3.5038
2713783,-0.1060,0.1384,1.3430,-46.1145,8.5802,-2.6794
2713793,-0.0876,0.1572,1.3904,-46.6794,6.1603,-3.1221
2713803,-0.0693,0.1797,1.3638,-38.3740,3.0229,-1.7863
2713813,-0.0696,0.1760,1.4255,-31.4122,1.8779,-1.4275
2713823,-0.0554,0.1509,1.4219,-26.1221,2.0382,-2.6336
2713833,-0.0637,0.1577,1.4048,-21.8397,0.8397,-3.2214
2713843,-0.0649,0.1418,1.4019,-18.7863,-0.3053,-5.1756
2713853,-0.0962,0.1401,1.4839,-14.6870,-1.7634,-4.7252
2713863,-0.0876,0.1655,1.5208,-10.7634,-1.1603,-6.1145
2713873,-0.0952,0.1594,1.5342,-7.9618,-1.0153,-5.2061
2713883,-0.0979,0.1521,1.5342,-5.2137,-3.0153,-5.1145
2713893,-0.1067,0.1575,1.5149,-1.7328,-7.2595,-4.1679
2713903,-0.1206,0.1489,1.5222,1.3206,-10.7099,-3.4580
2713913,-0.1118,0.1543,1.5403,6.3206,-11.9542,-3.0000
2713923,-0.1165,0.1543,1.5483,12.5878,-12.0763,-3.1221
2713933,-0.1179,0.1472,1.5330,19.1603,-12.1527,-2.7634
2713943,-0.1230,0.1416,1.5137,24.3282,-12.9542,-1.5191
2713956,-0.1306,0.1348,1.4812,32.2137,-13.7557,-1.0687
2713963,-0.1370,0.1277,1.4536,35.2901,-13.7405,-0.8168
2713973,-0.1338,0.1265,1.4094,38.9847,-13.8855,-0.3588
2713983,-0.1348,0.1265,1.3708,40.5649,-14.1298,0.8168
2713993,-0.1406,0.1213,1.3159,41.8321,-14.2672,1.5344
2714007,-0.1321,0.1218,1.2891,41.8321,-14.1527,3.4198
2714013,-0.1321,0.1130,1.2793,42.8702,-14.0153,4.0305
2714023,-0.1218,0.1204,1.2886,46.1298,-14.6031,4.5115
2714037,-0.1160,0.1201,1.2336,54.1756,-17.8397,3.9389
2714043,-0.1123,0.1204,1.2278,56.2672,-19.2748,3.9924
2714052,-0.1270,0.1145,1.1934,56.4275,-20.9847,4.5267
2714063,-0.1238,0.1094,1.1763,55.3740,-21.2137,5.1756
2714073,-0.1169,0.1204,1.1589,55.3740,-19.4427,4.9924
2714083,-0.0942,0.1072,1.1404,57.5344,-17.6794,4.8321
2714093,-0.0977,0.1196,1.1021,57.4656,-17.6565,5.6107
2714103,-0.0999,0.1172,1.0886,55.2977,-19.2290,5.3435
2714113,-0.0857,0.1243,1.0798,56.2519,-20.1603,5.6260
2714125,-0.0686,0.1379,1.0815,56.9695,-19.0840,3.2366
2714133,-0.0693,0.1484,1.0630,59.5496,-17.9771,1.8168
2714143,-0.0771,0.1348,1.0581,60.2443,-17.1069,1.1832
2714153,-0.0850,0.1460,1.0200,61.0000,-16.1298,0.7405
2714163,-0.0984,0.1470,0.9934,60.0153,-15.2824,0.6489
2714173,-0.0935,0.1606,0.9531,59.9084,-14.1679,0.8550
2714183,-0.1008,0.1726,0.9197,58.3359,-11.9695,1.9847
2714193,-0.1045,0.1626,0.8950,56.9695,-8.6489,2.6641
2714203,-0.0879,0.1838,0.8528,54.1985,-3.7939,2.1450
2714213,-0.0823,0.1790,0.8157,50.0153,0.3817,1.7634
2714223,-0.0679,0.1836,0.7737,46.2137,3.6870,1.4580
2714233,-0.0762,0.1833,0.7476,38.5420,5.3817,0.9542
2714243,-0.0708,0.1943,0.7190,31.4656,5.5725,0.5725
2714257,-0.0820,0.2129,0.6841,22.9389,4.7252,-0.2061
2714263,-0.0874,0.1992,0.6682,20.0153,5.6718,-0.0687
2714273,-0.0994,0.2141,0.6362,13.6641,8.8931,0.6565
2714283,-0.0974,0.2168,0.6223,6.6107,13.9008,2.0840
2714293,-0.0828,0.2266,0.6204,-0.0458,18.8015,2.4275
2714306,-0.0474,0.2402,0.6133,-7.8931,25.4351,2.1603
2714313,-0.0317,0.2332,0.6138,-11.6183,28.5573,1.4580
2714323,-0.0049,0.2368,0.6255,-17.9695,31.4962,-0.0458
2714333,0.0217,0.2380,0.6201,-24.7328,32.3511,-1.4122
2714343,0.0327,0.2122,0.6438,-32.6794,31.4351,-4.3130
2714353,0.0298,0.1960,0.6848,-42.1450,30.5267,-8.3740
2714363,-0.0002,0.1785,0.7427,-52.8397,29.6947,-11.2748
2714373,-0.0188,0.1831,0.8386,-63.3053,27.6565,-12.0763
2714385,-0.0208,0.2004,0.9302,-67.9771,24.9237,-14.3053
2714393,-0.0312,0.2024,0.9795,-66.9389,23.1603,-15.2137
2714403,-0.0554,0.2070,1.0449,-64.6870,21.8626,-16.5954
2714413,-0.0691,0.2239,1.0596,-59.6489,21.5496,-17.3359
2714423,-0.1030,0.2087,1.0608,-53.3206,21.9008,-18.1450
2714432,-0.1331,0.2117,1.0618,-49.8015,23.0458,-19.0992
2714443,-0.1492,0.1873,1.0613,-50.7634,24.2443,-17.7786
2714453,-0.1655,0.1743,1.0984,-57.6336,25.1756,-16.1603
2714464,-0.1558,0.1685,1.1401,-65.2977,25.1679,-15.1374
2714473,-0.1536,0.1819,1.2046,-69.1527,23.9389,-14.4122
2714483,-0.1506,0.2100,1.2224,-68.3130,20.9618,-12.6947
2714493,-0.1560,0.2021,1.2813,-64.9084,17.7481,-11.7481
2714503,-0.1777,0.2139,1.3118,-57.8931,16.0992,-11.9389
2714513,-0.2026,0.2017,1.3074,-51.4962,14.9313,-9.8168
2714523,-0.2144,0.1904,1.3049,-46.9618,15.0000,-6.8626
2714535,-0.1814,0.1829,1.3066,-45.1527,16.6031,-4.9008
2714543,-0.1753,0.1716,1.3015,-46.6489,16.1527,-3.9618
2714553,-0.1433,0.1909,1.3132,-49.4427,15.3206,-3.0611
2714562,-0.1289,0.1868,1.3188,-48.6794,13.7786,-1.9771
2714572,-0.1157,0.1887,1.3442,-47.8550,11.0687,-0.5496
2714583,-0.1011,0.1833,1.3467,-48.1450,6.4427,0.5420
2714593,-0.1106,0.1926,1.3840,-41.5802,0.7863,3.2977
2714605,-0.1021,0.1785,1.4526,-38.6183,-3.4275,5.7252
2714613,-0.0945,0.1814,1.4695,-35.1374,-5.2595,6.5573
2714623,-0.0920,0.1726,1.5168,-30.6412,-6.6260,7.0534
2714633,-0.0937,0.2097,1.5000,-24.6412,-5.9160,5.9542
2714643,-0.0840,0.1948,1.6008,-17.2595,-6.0076,7.2672
2714653,-0.0679,0.2026,1.6123,-11.8321,-5.5420,7.6412
2714663,-0.0569,0.1941,1.6089,-6.8244,-8.2214,8.1679
2714673,-0.0513,0.1853,1.5601,-1.2519,-14.5878,8.5573
2714683,-0.0657,0.1931,1.5540,3.7023,-21.7710,9.2977
2714693,-0.0833,0.1772,1.5620,7.6412,-26.4580,10.6031
2714703,-0.0894,0.1826,1.5608,13.5344,-27.6718,10.8931
2714713,-0.0916,0.1912,1.5566,21.0153,-27.1450,11.3740
2714725,-0.0935,0.1677,1.5178,31.1221,-26.6412,10.8626
2714733,-0.0977,0.1719,1.4873,36.5191,-26.8168,9.8626
2714743,-0.0989,0.1560,1.4653,39.8397,-27.5878,9.3664
2714753,-0.1016,0.1411,1.4185,42.4427,-28.8244,9.2137
2714763,-0.1047,0.1536,1.3806,45.6641,-30.5038,10.3511
2714773,-0.1101,0.1458,1.3560,49.5420,-32.4656,11.0992
2714783,-0.1028,0.1426,1.3215,55.5191,-32.7328,11.3817
2714793,-0.1187,0.1235,1.3127,58.7863,-32.5954,10.0305
2714803,-0.1125,0.1226,1.2666,60.3511,-31.8626,8.3740
2714813,-0.1157,0.1221,1.2246,63.9160,-32.1679,9.2977
2714823,-0.1274,0.1282,1.2170,65.4275,-31.7863,9.3206
2714833,-0.1135,0.1204,1.1746,68.6183,-30.0840,8.0840
2714843,-0.1086,0.1211,1.1289,71.9389,-26.3664,7.2290
2714852,-0.1050,0.1187,1.0947,73.3206,-24.1832,7.1756
2714862,-0.0994,0.1147,1.0505,72.7939,-22.4275,7.6489
2714873,-0.0869,0.1187,1.0120,71.8855,-22.2443,7.7252
2714883,-0.0879,0.1187,0.9670,68.9313,-23.0305,8.0534
2714894,-0.0857,0.1287,0.9377,66.0992,-24.1527,8.2519
2714903,-0.0881,0.1355,0.9250,65.8092,-23.3740,8.4580
2714917,-0.0925,0.1392,0.9014,66.3511,-17.0458,7.5725
2714923,-0.0916,0.1348,0.8843,66.3130,-13.8321,6.7328
2714933,-0.0703,0.1394,0.8469,65.4046,-6.9618,4.2214
2714944,-0.0566,0.1421,0.7981,61.1450,-1.6412,2.9847
2714953,-0.0457,0.1409,0.7710,57.2214,-0.5420,1.7481
2714963,-0.0312,0.1572,0.7312,51.9084,-0.8550,1.4351
2714973,-0.0322,0.1602,0.7034,46.8092,-2.5496,1.2595
2714983,-0.0366,0.1628,0.6692,41.2824,-2.1527,0.7176
2714992,-0.0549,0.1753,0.6440,34.9160,0.2748,-0.2595
2715003,-0.0747,0.1809,0.6091,28.6794,6.1985,-0.9389
2715013,-0.0774,0.1836,0.5815,23.7176,14.7557,-2.6489
2715022,-0.0752,0.1880,0.5537,16.4962,24.1603,-3.7405
2715032,-0.0715,0.1978,0.5293,6.4656,32.2824,-4.2443
2715043,-0.0525,0.1936,0.5195,-4.4198,39.4198,-6.0305
2715053,-0.0425,0.2017,0.5068,-14.1298,44.6489,-8.0763
2715063,-0.0249,0.2104,0.5110,-24.8779,45.1527,-8.2748
2715074,-0.0081,0.2139,0.5317,-35.9542,40.0153,-7.3664
2715083,-0.0076,0.2180,0.5779,-43.8626,35.1145,-8.0382
2715093,-0.0317,0.1917,0.6189,-52.3969,30.9695,-10.9542
2715103,-0.0486,0.1768,0.6995,-62.0916,28.7634,-10.6947
2715113,-0.0735,0.1895,0.7954,-73.1985,30.1221,-10.4351
2715123,-0.0547,0.1807,0.8708,-77.8473,33.5496,-11.4580
2715133,-0.0610,0.1973,0.9470,-79.5496,37.0382,-13.1069
2715143,-0.0652,0.1946,0.9824,-79.7252,37.9237,-14.5420
2715153,-0.0825,0.1904,1.0220,-79.1985,36.3588,-14.3435
2715163,-0.0986,0.1760,1.0728,-79.0076,32.4427,-13.0534
2715173,-0.1079,0.1707,1.1086,-79.6565,27.3359,-10.7786
2715183,-0.1079,0.1787,1.1694,-79.6489,23.2519,-10.5954
2715196,-0.1296,0.1782,1.2510,-78.6565,20.5191,-11.3511
2715203,-0.1426,0.1873,1.2886,-77.9466,21.1603,-11.6565
2715213,-0.1582,0.1819,1.3086,-75.4122,22.8626,-11.3664
2715223,-0.1697,0.1860,1.3335,-73.8168,23.1756,-9.1832
2715233,-0.1660,0.2007,1.3501,-69.4809,23.6947,-6.8779
2715243,-0.1523,0.1995,1.3679,-62.8931,24.5420,-5.3130
2715253,-0.1335,0.1963,1.3784,-57.2824,25.3588,-4.2977
2715263,-0.1072,0.2007,1.3716,-52.0229,25.2824,-5.1145
2715274,-0.0916,0.1812,1.3711,-49.6412,22.9847,-6.0763
2715283,-0.1042,0.1868,1.3801,-52.0382,18.9618,-5.4504
2715297,-0.0962,0.1707,1.3618,-50.5725,10.2901,-2.9237
2715303,-0.1030,0.1702,1.3931,-47.7252,7.4885,-1.4275
2715313,-0.1133,0.1750,1.4553,-45.8779,3.9847,1.4351
2715323,-0.0957,0.1721,1.4878,-42.6947,2.6565,3.4122
2715333,-0.0894,0.1626,1.5051,-36.5115,1.2443,3.6794
2715343,-0.1089,0.1638,1.4624,-25.7405,-0.4275,3.5802
2715354,-0.0542,0.1482,1.5535,-18.1298,-0.2519,2.1985
2715363,-0.0635,0.1716,1.5493,-16.5420,-1.7786,2.4733
2715374,-0.0693,0.1399,1.5515,-15.7023,-6.0229,5.4656
2715383,-0.0562,0.1594,1.5679,-12.4885,-7.5954,5.8626
2715393,-0.0435,0.1580,1.5906,-7.0992,-8.8092,5.6565
2715403,-0.0356,0.1577,1.6101,-2.0229,-10.5420,4.6489
2715413,-0.0408,0.1602,1.5918,3.3893,-13.8092,4.6183
2715423,-0.0552,0.1497,1.5977,5.8931,-18.2443,3.8321
2715432,-0.0640,0.1565,1.5813,11.9008,-22.2824,3.3588
2715443,-0.0742,0.1631,1.5999,21.0992,-24.0000,2.8015
2715453,-0.0791,0.1580,1.5918,30.2366,-23.8015,3.3206
2715462,-0.0862,0.1685,1.5659,39.9389,-22.8397,2.2977
2715472,-0.0833,0.1536,1.5044,47.1221,-23.2748,1.3282
2715482,-0.0964,0.1426,1.4507,52.0153,-24.9313,1.2366
2715494,-0.1025,0.1360,1.4143,55.7557,-27.0763,0.3206
2715503,-0.1204,0.1360,1.3984,56.0000,-28.2824,0.5954
2715513,-0.1270,0.1235,1.3755,55.8702,-29.2443,1.5115
2715523,-0.1233,0.1470,1.3511,61.4275,-27.9466,1.6336
2715533,-0.1245,0.1438,1.3330,67.5649,-26.2137,1.3282
2715544,-0.1167,0.1445,1.2766,73.0916,-25.0534,0.6870
2715553,-0.1174,0.1467,1.2415,76.7557,-25.0763,1.1527
2715563,-0.1311,0.1311,1.2185,77.4046,-26.6870,2.5649
2715575,-0.1191,0.1321,1.1875,79.0076,-27.7099,3.0840
2715583,-0.1184,0.1335,1.1458,81.0153,-27.7252,2.9466
2715593,-0.1321,0.1475,1.1121,82.4351,-26.8626,1.9847
2715602,-0.1260,0.1462,1.0510,82.5267,-26.3893,2.8626
2715613,-0.1174,0.1426,1.0098,80.4504,-25.9313,3.9847
2715623,-0.1284,0.1357,0.9753,75.0305,-24.9695,4.2595
2715632,-0.1248,0.1543,0.9531,71.5420,-24.7481,5.7786
2715643,-0.1223,0.1763,0.9453,72.2214,-22.5191,7.0840
2715653,-0.1357,0.1707,0.9346,73.5725,-20.6489,8.6565
2715663,-0.1072,0.1726,0.8757,75.2366,-17.2366,6.9847
2715673,-0.1025,0.1846,0.8030,75.9695,-14.0763,6.7863
2715683,-0.0950,0.1636,0.7563,71.8550,-10.4275,7.6565
2715693,-0.0935,0.1797,0.6877,64.9847,-5.8015,7.4809
2715703,-0.0762,0.1887,0.6599,58.8550,-0.7023,7.3206
2715713,-0.0679,0.1887,0.6143,52.1221,4.6565,6.8015
2715723,-0.0613,0.1909,0.5715,43.7176,10.4427,5.9618
2715733,-0.0427,0.1892,0.5432,33.1221,14.5954,5.0229
2715743,-0.0408,0.1951,0.5120,22.3359,17.0916,3.6489
2715753,-0.0413,0.1985,0.5088,12.5496,18.2977,2.8702
2715763,-0.0369,0.2100,0.4961,5.3893,18.8550,2.3817
2715773,-0.0356,0.2070,0.4890,-1.3893,19.4733,3.1603
2715783,-0.0298,0.2241,0.5105,-9.6641,22.6412,3.6260
2715793,-0.0249,0.2173,0.5278,-15.3206,29.3435,2.6565
2715803,-0.0076,0.2151,0.5601,-20.9084,37.2214,0.4122
2715813,0.0112,0.2251,0.5828,-27.0611,45.3969,-2.2595
2715822,0.0356,0.1934,0.6030,-33.3359,51.6870,-6.2519
2715832,0.0381,0.1833,0.6445,-44.2977,52.6107,-10.1985
2715843,0.0330,0.1804,0.6929,-58.7023,45.4275,-13.6260
2715853,0.0144,0.1733,0.7866,-69.3893,34.8779,-15.1145
2715866,-0.0298,0.2090,0.9226,-77.7405,21.8550,-15.1450
2715873,-0.0530,0.2178,0.9631,-78.0382,18.5725,-14.6565
2715883,-0.0867,0.2214,1.0479,-72.8321,19.6336,-15.5496
2715892,-0.1179,0.2432,1.0874,-65.6260,25.5725,-17.5114
2715904,-0.1431,0.2249,1.0620,-55.6870,33.9313,-20.2595
2715913,-0.1433,0.2146,1.0466,-53.0382,38.3053,-20.3969
2715922,-0.1577,0.1912,1.0364,-57.3206,39.0992,-20.5114
2715932,-0.1628,0.1672,1.0493,-66.1603,36.0534,-18.8244
2715942,-0.1609,0.1707,1.0984,-74.5343,31.7023,-17.6947
2715952,-0.1362,0.1919,1.1436,-77.4351,26.7710,-18.1832
2715963,-0.1355,0.2043,1.1458,-71.1221,21.2137,-19.6260
2715973,-0.1541,0.2053,1.1431,-63.3130,16.3893,-20.9313
2715983,-0.1946,0.1765,1.1248,-58.1832,11.9542,-19.5573
2715993,-0.2136,0.1482,1.1475,-60.1221,10.3817,-15.7634
2716003,-0.1787,0.1594,1.2048,-65.6107,13.5649,-12.8168
2716013,-0.1396,0.1628,1.2920,-70.4733,19.8168,-13.8626
2716023,-0.1172,0.1899,1.3450,-71.2595,26.3511,-17.9695
2716033,-0.1055,0.2061,1.3892,-66.9008,28.9618,-19.6336
2716044,-0.1060,0.2244,1.3867,-61.2443,28.3130,-18.4351
2716053,-0.1208,0.2244,1.3721,-57.0992,23.6107,-16.8168
2716067,-0.1179,0.1895,1.3521,-51.2748,13.6565,-10.5878
2716073,-0.1262,0.1960,1.4092,-49.4962,8.9008,-7.9924
2716082,-0.1211,0.1797,1.4817,-48.8855,3.4504,-5.4122
2716092,-0.0972,0.1873,1.5129,-42.8550,1.2137,-6.4809
2716102,-0.0596,0.2703,1.5652,-33.4351,-0.1298,-5.6412
2716113,-0.0737,0.1912,1.5903,-23.7786,1.0076,-5.3511
2716123,-0.0430,0.2415,1.5735,-18.2061,2.1603,-5.8931
2716133,-0.0493,0.2205,1.5735,-15.5649,0.7863,-4.1374
2716143,-0.0469,0.2317,1.5969,-13.7023,-1.3969,-3.6183
2716154,-0.0447,0.2144,1.5654,-6.4885,-4.5496,-4.9847
2716163,-0.0396,0.2175,1.5679,-2.2748,-7.1298,-5.3053
2716173,-0.0684,0.2095,1.5747,-0.1908,-9.7099,-4.5802
2716183,-0.0779,0.2048,1.5769,4.2595,-11.9084,-3.1374
2716193,-0.0847,0.2036,1.5859,9.1985,-13.0763,-2.3893
2716203,-0.1089,0.1931,1.5864,15.6870,-14.8702,-3.2366
2716213,-0.1372,0.1870,1.5906,22.9695,-15.7252,-3.0458
2716223,-0.1528,0.1750,1.5601,29.9008,-16.4504,-2.1832
2716233,-0.1572,0.1750,1.5242,37.5878,-17.8550,-0.5954
2716246,-0.1550,0.1760,1.5054,46.5573,-20.2824,1.9389
2716253,-0.1594,0.1614,1.4468,50.0534,-21.7939,2.2672
2716263,-0.1460,0.1592,1.4163,54.5344,-24.8702,3.0229
2716273,-0.1541,0.1562,1.3938,56.0076,-27.3969,2.2290
2716283,-0.1584,0.1516,1.3406,58.2137,-28.8550,1.9542
2716293,-0.1658,0.1570,1.3040,61.8626,-29.8015,3.0000
2716303,-0.1655,0.1516,1.2805,66.0916,-29.3282,5.1603
2716313,-0.1577,0.1533,1.2595,70.1374,-27.2977,5.6260
2716323,-0.1367,0.1555,1.2153,74.0534,-24.9313,4.9542
2716334,-0.1301,0.1602,1.1465,77.5115,-23.7863,4.4504
2716343,-0.1389,0.1433,1.1138,77.5496,-24.0611,4.8473
2716353,-0.1506,0.1284,1.0750,74.4351,-24.2595,5.4656
2716363,-0.1536,0.1440,1.0442,70.9313,-24.0000,7.1985
2716373,-0.1587,0.1396,1.0508,65.5878,-23.6489,9.0611
2716383,-0.1389,0.1519,1.0391,66.1374,-22.2061,8.7634
2716393,-0.1414,0.1621,1.0076,67.7634,-20.7557,7.6412
2716403,-0.1538,0.1531,0.9592,67.7176,-19.2443,7.3282
2716417,-0.1653,0.1455,0.8950,65.5573,-16.7863,8.3435
2716423,-0.1648,0.1516,0.8716,64.9695,-15.9771,8.8168
2716433,-0.1633,0.1565,0.8162,63.8473,-13.0840,9.4275
2716443,-0.1704,0.1562,0.7793,60.7481,-9.5649,10.9542
2716453,-0.1636,0.1467,0.7244,56.4046,-5.2366,11.4733
2716463,-0.1448,0.1465,0.6860,50.2595,0.4427,11.9847
2716473,-0.1318,0.1372,0.6506,42.7099,5.2366,11.4122
2716483,-0.1155,0.1333,0.6240,33.7481,8.4275,10.2061
2716493,-0.1038,0.1387,0.6069,25.3893,9.5191,9.7710
2716503,-0.1050,0.1382,0.5967,17.5954,10.1985,10.2137
2716513,-0.1057,0.1509,0.5967,11.2672,11.6107,10.0458
2716525,-0.1008,0.1599,0.5986,6.6489,16.1908,9.0534
2716533,-0.0889,0.1575,0.5850,5.4962,19.5878,8.7176
2716543,-0.0862,0.1597,0.5640,1.3893,24.6183,7.2137
2716553,-0.0723,0.1562,0.5669,-7.0076,30.5878,6.0687
2716563,-0.0425,0.1472,0.5872,-16.2366,37.2443,4.5725
2716573,-0.0059,0.1621,0.6106,-24.8168,43.5573,1.3893
2716583,0.0198,0.1677,0.6511,-34.2901,48.0229,-3.4809
2716593,0.0178,0.1599,0.6960,-45.0000,49.5802,-7.0153
2716603,0.0034,0.1777,0.7483,-55.6489,48.3511,-10.1603
2716613,-0.0308,0.1821,0.8342,-62.6031,46.5573,-14.3664
2716623,-0.0779,0.1841,0.8811,-64.4580,45.1527,-18.1069
2716635,-0.1182,0.1960,0.9360,-62.5649,43.3435,-18.6031
2716643,-0.1313,0.2024,0.9897,-63.2672,43.5038,-17.3893
2716652,-0.1338,0.2161,1.0171,-62.4504,43.4733,-18.1450
2716662,-0.1187,0.2295,1.0525,-59.1221,44.6565,-19.7328
2716672,-0.1174,0.2214,1.0720,-59.1756,43.1603,-21.6870
2716683,-0.1191,0.2449,1.0757,-59.7786,39.4122,-23.2748
2716693,-0.1152,0.2400,1.0940,-61.8931,33.3435,-21.2214
2716703,-0.1501,0.2292,1.1487,-67.9237,26.8931,-18.5420
2716712,-0.1516,0.2446,1.2100,-72.8855,22.9847,-17.4656
2716723,-0.1494,0.2666,1.2661,-74.2977,19.7023,-15.8702
2716733,-0.1589,0.2598,1.3191,-73.3282,16.4809,-13.6260
2716743,-0.1633,0.2673,1.3799,-70.6183,13.7023,-12.6489
2716752,-0.1541,0.2761,1.3933,-65.0840,11.6183,-10.8168
2716766,-0.1572,0.3088,1.4065,-52.8015,8.8015,-8.9084
2716773,-0.1235,0.2913,1.3828,-46.8397,8.4275,-8.0229
2716783,-0.1167,0.2820,1.3606,-36.5725,5.4351,-4.9618
2716793,-0.1177,0.2620,1.3982,-33.6107,2.1603,-2.4046
2716803,-0.0764,0.2642,1.4019,-34.8931,0.9847,-2.0305
2716815,-0.0811,0.2334,1.4194,-38.7557,-4.0687,-2.8168
2716823,-0.0886,0.2358,1.4602,-44.5038,-7.4962,-2.7710
2716835,-0.1023,0.2441,1.4885,-44.6412,-12.3053,-0.1908
2716843,-0.1116,0.2454,1.5173,-39.0382,-14.2214,1.7481
2716853,-0.0977,0.2488,1.5950,-29.7176,-13.3740,1.5115
2716863,-0.0632,0.2578,1.6084,-17.9466,-12.6718,2.7863
2716873,-0.0854,0.2119,1.6670,-6.2137,-12.8855,1.0153
2716883,-0.0586,0.2500,1.6819,-1.2672,-13.4275,0.5878
2716893,-0.0657,0.2280,1.6948,5.9618,-14.6336,-1.0076
2716903,-0.0728,0.2080,1.6890,12.3588,-15.9542,-4.0916
2716912,-0.0972,0.2190,1.6584,21.0305,-17.9618,-6.5420
2716925,-0.1101,0.2266,1.6169,33.2290,-20.0458,-6.2290
2716933,-0.1211,0.2297,1.5830,40.0000,-20.0458,-5.8855
2716943,-0.1345,0.2112,1.5154,51.2672,-19.0763,-5.3282
2716953,-0.1375,0.1951,1.4895,54.2977,-18.1985,-5.2443
2716963,-0.1414,0.1833,1.4512,58.9084,-19.5267,-6.2290
2716973,-0.1333,0.1809,1.4067,60.9237,-21.9160,-6.2901
2716983,-0.1472,0.1765,1.3772,64.1069,-25.7939,-6.2519
2716993,-0.1765,0.1731,1.3547,66.9847,-29.0458,-5.4809
2717003,-0.1926,0.1814,1.3071,71.8779,-29.5878,-5.3664
2717013,-0.2131,0.1748,1.2756,76.9466,-28.5344,-4.7634
2717022,-0.2268,0.1682,1.2239,81.0229,-26.1374,-2.6718
2717032,-0.2417,0.1570,1.1741,81.0840,-24.0840,0.5496
2717043,-0.2234,0.1443,1.1538,78.9160,-22.5878,2.5573
2717053,-0.2158,0.1572,1.0935,80.0992,-22.0840,3.6641
2717063,-0.2192,0.1655,1.0906,79.5038,-22.5802,5.3511
2717076,-0.2136,0.1504,1.0195,80.9618,-23.4427,7.8321
2717083,-0.2134,0.1570,1.0168,80.3740,-23.4275,8.8015
2717093,-0.2097,0.1492,0.9863,77.4427,-22.3435,9.5878
2717103,-0.2024,0.1648,0.9565,74.8931,-20.5344,11.1908
2717113,-0.1946,0.1738,0.9568,71.8626,-18.5878,12.6947
2717123,-0.1633,0.1855,0.9141,72.3817,-16.0763,13.4504
2717133,-0.1572,0.1846,0.9026,70.2214,-13.6183,13.5573
2717144,-0.1355,0.2021,0.8450,69.0611,-10.7481,13.6412
2717153,-0.1243,0.1960,0.8103,67.6718,-9.3282,13.9389
2717165,-0.1013,0.2136,0.7676,64.3740,-4.4351,12.5496
2717173,-0.0911,0.2246,0.7253,63.2519,-1.1450,11.3511
2717183,-0.0825,0.2166,0.6843,59.0763,4.0916,9.7176
2717193,-0.0806,0.2224,0.6421,51.9695,9.2824,7.3053
2717203,-0.0896,0.2302,0.5708,43.0916,13.4733,6.4275
2717213,-0.0894,0.2251,0.5425,32.7786,16.9389,5.4427
2717223,-0.0796,0.2319,0.5005,22.4580,20.5725,5.2137
2717233,-0.0945,0.2444,0.5061,12.9542,23.7023,4.2977
2717243,-0.0911,0.2446,0.4895,1.6183,27.5649,3.9084
2717253,-0.0793,0.2561,0.4956,-7.4046,31.5267,4.0229
2717263,-0.0681,0.2695,0.5127,-14.6412,36.4733,3.7939
2717277,-0.0435,0.2747,0.5576,-21.8626,44.7023,0.9695
2717283,-0.0215,0.2732,0.5559,-24.6183,47.2824,-0.5954
2717293,-0.0005,0.2783,0.5920,-30.3893,49.8244,-1.8931
2717303,0.0251,0.2698,0.6292,-37.6794,50.0840,-6.5649
2717313,0.0259,0.2659,0.6604,-46.0763,45.7863,-11.4656
2717323,-0.0161,0.2407,0.6902,-56.4351,37.5420,-16.2977
2717333,-0.0918,0.2510,0.7603,-67.4275,29.1221,-17.1908
2717343,-0.1672,0.2417,0.8232,-73.5725,24.1069,-14.9542
2717353,-0.2148,0.2498,0.8948,-76.4046,23.3817,-11.6183
2717363,-0.2317,0.2588,0.9927,-79.3740,25.8931,-9.3740
2717373,-0.2190,0.2732,1.0571,-78.2214,31.1374,-8.1145
2717383,-0.1841,0.2908,1.1343,-73.7176,35.9695,-9.1374
2717392,-0.1487,0.3032,1.1523,-67.9160,38.5115,-11.4046
2717404,-0.1421,0.3020,1.1133,-59.9084,37.3435,-13.6412
2717413,-0.1506,0.2783,1.0869,-58.4885,33.0229,-13.8855
2717423,-0.1770,0.2805,1.0369,-61.2901,25.8550,-12.6489
2717433,-0.2114,0.2490,1.0486,-67.4733,18.4809,-7.7481
2717442,-0.2058,0.2698,1.1604,-77.3511,14.1985,-2.5038
2717453,-0.1719,0.2798,1.2537,-81.0458,14.5038,-0.8626
2717463,-0.1606,0.2881,1.3269,-79.3511,16.7634,-1.1985
2717473,-0.1284,0.3018,1.3911,-73.7176,19.6641,-3.5649
2717483,-0.1174,0.3215,1.3701,-64.1527,19.3206,-4.8702
2717493,-0.1174,0.3223,1.3374,-55.8321,16.0458,-2.8015
2717503,-0.0789,0.3296,1.3425,-52.3893,11.1298,1.0840
2717513,-0.0244,0.3218,1.3801,-56.3740,6.5267,2.9160
2717523,0.0046,0.3413,1.4194,-54.4351,1.8779,3.3740
2717532,0.0295,0.3477,1.5073,-53.3130,-1.7328,4.0534
2717542,0.0378,0.3611,1.5503,-53.4733,-6.8321,2.7328
2717553,0.0422,0.3555,1.5935,-49.4198,-14.6336,3.2519
2717563,0.0325,0.3687,1.6416,-41.0992,-21.2137,2.7634
2717575,0.0127,0.3699,1.6929,-26.1908,-27.1374,1.5115
2717583,-0.0044,0.3582,1.7241,-17.0076,-28.1221,0.1985
2717593,-0.0281,0.3357,1.7207,-6.5725,-29.0840,-1.6183
2717603,-0.0657,0.3171,1.6997,0.9160,-30.9847,-3.1832
2717612,-0.1077,0.3035,1.7070,6.8779,-33.4504,-2.6260
2717623,-0.1316,0.2876,1.7041,13.2595,-34.6336,-2.7939
2717633,-0.1572,0.2808,1.6694,21.6718,-36.2061,-3.3282
2717643,-0.2019,0.2944,1.6621,28.6183,-37.2290,-2.3893
2717653,-0.2166,0.2578,1.5903,36.3130,-37.9924,0.3053
2717663,-0.2207,0.2668,1.5557,45.1679,-38.5649,3.7939
2717672,-0.2173,0.2532,1.5374,52.7405,-38.5038,6.0382
2717682,-0.2070,0.2397,1.4834,60.9542,-36.9389,6.3740
2717693,-0.1860,0.2200,1.4209,68.2824,-35.0534,5.9389
2717703,-0.1641,0.2051,1.3672,73.8015,-33.5420,5.5878
2717713,-0.1731,0.1965,1.3076,77.2519,-32.2061,4.0687
2717722,-0.1714,0.1855,1.2388,80.2748,-31.6565,2.5115
2717734,-0.1650,0.1794,1.1785,80.0916,-33.2290,2.8168
2717743,-0.1650,0.1731,1.1272,78.0153,-35.2595,4.4809
2717753,-0.1702,0.1621,1.1082,73.2290,-36.0382,5.4504
2717762,-0.1719,0.1553,1.0959,69.3893,-35.4885,5.0687
2717773,-0.1912,0.1638,1.0825,67.7863,-34.0687,5.9313
2717783,-0.1853,0.1653,1.0791,68.3817,-32.1450,7.9313
2717793,-0.1880,0.1650,1.0513,72.0305,-29.0076,7.8931
2717803,-0.1680,0.1655,1.0122,76.9237,-25.0458,7.3053
2717813,-0.1475,0.1528,0.9407,79.7786,-21.4580,7.2901
2717823,-0.1423,0.1543,0.9102,75.0458,-19.3511,7.4656
2717832,-0.1216,0.1572,0.8718,70.4885,-18.4122,7.7099
2717847,-0.1138,0.1672,0.8257,60.7634,-18.7252,7.5725
2717853,-0.1033,0.1699,0.8235,57.9084,-18.8931,7.9466
2717863,-0.0952,0.1912,0.7861,56.0000,-17.8779,8.7252
2717873,-0.0813,0.2058,0.7524,55.3282,-13.7099,8.2824
2717882,-0.0635,0.2092,0.7251,53.9466,-7.5344,7.6489
2717894,-0.0537,0.2114,0.6829,50.2061,-0.6412,6.0916
2717903,-0.0308,0.2273,0.6243,45.3359,3.3817,5.5267
2717913,-0.0115,0.2236,0.6050,39.2443,6.3359,3.8473
2717923,-0.0156,0.2273,0.5825,29.4275,9.0458,2.1298
2717933,-0.0127,0.2327,0.5422,20.2290,12.3588,1.2672
2717942,-0.0178,0.2490,0.5220,12.2137,16.1069,0.2290
2717953,-0.0291,0.2493,0.5217,4.5954,20.8550,-0.8779
2717963,-0.0276,0.2664,0.4978,-3.6107,24.7405,-1.2290
2717973,-0.0234,0.2705,0.5029,-8.4580,27.8321,-0.8092
2717982,-0.0098,0.2754,0.4990,-12.9618,30.3206,-0.7099
2717992,0.0125,0.2612,0.5037,-18.5725,32.6412,-0.6183
2718002,0.0193,0.2576,0.5408,-28.3969,35.5878,-1.9008
2718013,0.0430,0.2505,0.5732,-39.1450,38.6489,-5.2901
2718023,0.0542,0.2493,0.6292,-48.6489,39.2214,-9.6870
2718033,0.0247,0.2280,0.6743,-59.9008,38.6412,-14.3817
2718042,-0.0032,0.2185,0.7327,-70.6794,36.4275,-17.8397
2718052,-0.0430,0.2280,0.7903,-79.3511,31.9466,-18.8855
2718063,-0.1055,0.2429,0.8572,-81.9771,27.9542,-17.8321
2718073,-0.1328,0.2397,0.9045,-79.1985,26.9466,-15.0534
2718083,-0.1453,0.2444,0.9866,-76.7557,28.3664,-11.5420
2718093,-0.1121,0.2537,1.0269,-75.2748,31.9924,-11.8626
2718103,-0.0737,0.2612,1.0457,-70.4885,35.1985,-13.9084
2718113,-0.0562,0.2666,1.0686,-70.5954,36.6794,-16.1908
2718123,-0.0483,0.2566,1.0449,-73.4122,35.1756,-18.5573
2718133,-0.0579,0.2358,1.0442,-78.3282,31.4198,-20.7328
2718145,-0.1274,0.2202,1.0918,-85.4504,23.0992,-17.9847
2718153,-0.1562,0.2351,1.1604,-89.3893,19.6107,-14.9084
2718163,-0.1560,0.2354,1.2363,-88.9542,18.0076,-12.0611
2718176,-0.1614,0.2407,1.3384,-84.2824,19.5954,-10.0992
2718183,-0.1489,0.2493,1.3713,-81.9695,21.1374,-9.7405
2718193,-0.1270,0.2649,1.3740,-76.5649,21.9008,-9.1756
2718203,-0.1187,0.2659,1.3821,-71.9924,19.9695,-7.2824
2718213,-0.0952,0.2771,1.3916,-67.5115,15.0916,-4.8168
2718223,-0.0693,0.2766,1.4124,-64.2443,9.7863,-3.1908
2718233,-0.0444,0.2668,1.4536,-64.3130,5.3588,-3.6794
2718243,-0.0378,0.2788,1.4661,-61.2137,0.4504,-3.3053
2718253,-0.0437,0.2688,1.5552,-60.9695,-3.2748,-1.6107
2718263,-0.0286,0.2729,1.5938,-59.0229,-5.9924,0.9466
2718274,-0.0247,0.2917,1.6736,-52.2061,-7.2519,0.8855
2718283,-0.0154,0.2915,1.7202,-44.6260,-7.3588,-0.3435
2718293,-0.0154,0.2932,1.7649,-34.9160,-7.3130,-1.4504
2718303,-0.0229,0.2949,1.7747,-22.4275,-7.6412,-2.8702
2718313,-0.0210,0.2883,1.7878,-10.2366,-9.3053,-3.4733
2718325,-0.0352,0.2754,1.7903,5.5344,-13.3588,-5.4046
2718333,-0.0408,0.2786,1.7444,13.4046,-16.3893,-6.6718
2718345,-0.0669,0.2708,1.7007,25.4962,-22.3359,-6.9542
2718353,-0.0869,0.2632,1.6653,31.5725,-25.2901,-6.6183
2718364,-0.1042,0.2654,1.6069,38.6260,-27.2290,-5.7405
2718373,-0.1121,0.2542,1.5796,44.9847,-26.0153,-4.9618
2718383,-0.1301,0.2375,1.5415,51.7710,-23.2061,-3.8779
2718393,-0.1399,0.2239,1.5117,53.9771,-19.0076,-3.7710
2718403,-0.1462,0.2134,1.4497,60.4122,-17.7939,-3.7481
2718413,-0.1355,0.2009,1.4004,63.9618,-18.6489,-4.2672
2718426,-0.1509,0.1917,1.3435,65.7939,-24.4504,-1.7939
2718433,-0.1538,0.1748,1.3171,66.3740,-27.8092,-1.3893
2718443,-0.1509,0.1787,1.3044,67.3893,-31.9771,0.3282
2718457,-0.1541,0.1926,1.2935,71.5115,-33.0305,2.5878
2718463,-0.1494,0.1904,1.2712,74.8550,-32.3511,3.2137
2718473,-0.1580,0.1780,1.2476,77.5878,-30.5420,3.7405
2718482,-0.1328,0.1851,1.1836,79.7710,-28.8015,4.1527
2718494,-0.1228,0.1765,1.1199,83.7786,-26.5496,4.4351
2718503,-0.1145,0.1765,1.0759,82.7252,-24.5649,5.1145
2718513,-0.0972,0.1917,1.0210,82.1374,-22.2748,4.9160
2718523,-0.0835,0.1858,0.9587,82.3053,-20.1069,5.5802
2718533,-0.0818,0.1790,0.9209,76.7252,-19.4427,6.3817
2718542,-0.0596,0.1841,0.8726,73.4962,-19.1679,6.0229
2718553,-0.0576,0.2041,0.8428,70.7252,-18.7176,6.3740
2718563,-0.0471,0.1997,0.7878,67.5343,-17.5802,5.8244
2718573,-0.0588,0.2036,0.7556,63.7710,-15.4122,5.0305
2718583,-0.0718,0.1985,0.7234,57.7252,-12.0763,5.1527
2718593,-0.0708,0.2051,0.6968,51.0534,-8.0611,5.8702
2718603,-0.0659,0.1990,0.6741,45.0763,-4.9084,5.5878
2718613,-0.0508,0.1995,0.6440,39.1908,-2.3664,4.7786
2718623,-0.0425,0.2078,0.6162,33.8473,-0.5878,3.7863
2718633,-0.0405,0.2200,0.5923,27.3817,1.3130,3.2366
2718643,-0.0415,0.2214,0.5579,21.3359,3.8550,2.3893
2718653,-0.0544,0.2261,0.5361,14.3664,7.3664,1.6412
2718666,-0.0510,0.2278,0.4858,4.5115,12.6031,1.8626
2718673,-0.0479,0.2229,0.4783,-1.3359,16.0840,1.7481
2718683,-0.0342,0.2263,0.4746,-11.0076,20.6641,0.7328
2718693,-0.0212,0.2288,0.4719,-19.9084,24.5344,-0.3664
2718703,-0.0063,0.2234,0.4954,-27.7557,28.2748,-1.5954
2718713,0.0132,0.2266,0.5322,-35.5191,32.7099,-3.0534
2718723,0.0430,0.2244,0.5652,-43.4122,36.4885,-5.0840
2718733,0.0525,0.2126,0.6130,-53.0305,38.0763,-8.7252
2718743,0.0466,0.1980,0.6797,-63.3282,38.7252,-13.1908
2718753,0.0222,0.1997,0.7622,-73.2595,36.9313,-15.9847
2718763,-0.0203,0.2041,0.8262,-77.4733,33.1679,-17.5573
2718773,-0.0474,0.2166,0.8943,-77.7786,31.0992,-18.4351
2718783,-0.0950,0.2144,0.9407,-77.1527,29.3511,-17.8015
2718792,-0.1360,0.2190,0.9888,-76.5343,30.2061,-16.8092
2718803,-0.1284,0.2183,1.0178,-75.2901,32.1756,-14.1679
2718813,-0.1155,0.2358,1.0615,-74.7252,33.6107,-12.5649
2718823,-0.0911,0.2227,1.0945,-74.2748,34.6107,-13.4656
2718833,-0.0925,0.2075,1.1553,-77.1221,34.2672,-16.1298
2718843,-0.0994,0.2263,1.1604,-80.1298,31.3053,-16.1069
2718853,-0.0981,0.2466,1.1790,-78.9160,26.8397,-12.6183
2718863,-0.0962,0.2502,1.2134,-76.0305,24.2748,-8.4580
2718872,-0.0876,0.2393,1.2529,-74.6947,24.4886,-5.6794
2718882,-0.0598,0.2422,1.3193,-73.2214,26.0000,-6.8244
2718895,-0.0251,0.2390,1.3752,-70.5725,24.6870,-9.0611
2718903,-0.0127,0.2480,1.3953,-67.7634,21.3130,-10.5802
2718913,-0.0344,0.2197,1.4241,-64.3969,13.9008,-12.0076
2718923,-0.0476,0.2415,1.4626,-62.9466,6.3511,-11.3435
2718933,-0.0527,0.2529,1.4917,-59.2901,0.9695,-8.9695
2718943,-0.0613,0.2456,1.5046,-54.5649,-1.3359,-8.0916
2718953,-0.0598,0.2542,1.5527,-47.1221,-2.1679,-6.8015
2718964,-0.0632,0.2446,1.6030,-40.3740,-2.2977,-5.8702
2718973,-0.0549,0.2341,1.6218,-35.8092,-3.8855,-5.2672
2718983,-0.0427,0.2422,1.6301,-29.0382,-7.3053,-5.4046
2718993,-0.0337,0.2373,1.6282,-21.2290,-11.0229,-5.8855
2719003,-0.0576,0.2344,1.6326,-14.4885,-14.3817,-6.4733
2719013,-0.0696,0.2356,1.6572,-8.2214,-15.2595,-6.7863
2719023,-0.0884,0.2324,1.6438,-0.9160,-15.2977,-5.9847
2719033,-0.1125,0.2312,1.6560,6.4580,-15.0382,-4.6107
2719043,-0.1128,0.2253,1.6375,16.3130,-14.4656,-3.4122
2719052,-0.1135,0.2205,1.6179,25.9084,-15.4962,-2.5725
2719063,-0.1230,0.2407,1.6160,32.5115,-18.0000,-1.1374
2719073,-0.1384,0.1985,1.5603,37.6489,-20.8321,0.2290
2719082,-0.1201,0.2107,1.5100,43.8931,-22.5802,0.9542
2719092,-0.1238,0.2126,1.4712,49.8015,-22.6489,1.2824
2719102,-0.1189,0.1921,1.4446,53.8015,-21.9542,1.4580
2719113,-0.1235,0.1831,1.3977,58.8015,-20.9924,1.5649
2719123,-0.1201,0.1868,1.3962,61.0534,-20.2748,2.4427
2719133,-0.1089,0.1836,1.3596,63.0611,-20.2519,3.0229
2719143,-0.1021,0.1909,1.3193,68.5420,-21.3740,2.7939
2719152,-0.0869,0.1909,1.2756,74.0458,-23.1603,3.1145
2719162,-0.1096,0.1887,1.2344,76.6870,-24.2748,2.7023
2719173,-0.1101,0.1870,1.1746,79.4198,-24.6718,3.6260
2719183,-0.1133,0.1807,1.1399,81.1603,-24.1908,5.2672
2719193,-0.1094,0.1824,1.1079,80.5038,-23.5267,5.9160
2719202,-0.1030,0.1841,1.0520,81.2672,-21.3130,6.1298
2719212,-0.0981,0.1843,1.0051,80.7634,-19.8626,5.6107
2719223,-0.0906,0.1892,0.9419,79.7023,-18.4580,5.3359
2719233,-0.0935,0.1882,0.8811,76.2061,-17.2061,6.0382
2719243,-0.0950,0.1838,0.8430,70.0153,-15.9313,6.2824
2719254,-0.1045,0.1899,0.8083,63.5573,-13.6947,6.7786
2719263,-0.0859,0.1990,0.7747,60.9237,-11.1603,8.0000
2719273,-0.0798,0.2061,0.7542,56.6641,-7.9771,7.9924
2719283,-0.0759,0.1982,0.7314,51.9237,-5.2061,7.0153
2719293,-0.0618,0.2004,0.6995,45.8702,-1.9542,6.7252
2719303,-0.0598,0.2131,0.6748,39.1679,0.1221,6.4046
2719316,-0.0518,0.2185,0.6497,31.9924,3.5725,4.0916
2719323,-0.0632,0.2251,0.6345,29.0305,5.0000,3.4962
2719333,-0.0649,0.2393,0.6025,24.7176,7.9695,3.2748
2719347,-0.0654,0.2285,0.5752,17.2748,11.7557,3.7252
2719353,-0.0632,0.2246,0.5378,12.9618,13.1450,4.2366
2719363,-0.0657,0.2244,0.5364,2.7023,14.1374,5.4275
2719373,-0.0583,0.2112,0.5305,-9.2137,17.8931,5.1756
2719383,-0.0337,0.2227,0.5835,-20.6031,21.9924,4.6870
2719393,-0.0173,0.2292,0.6248,-29.8168,26.9237,2.4733
2719403,-0.0068,0.2280,0.6733,-33.8168,30.9924,0.4656
2719413,0.0083,0.2410,0.7178,-38.3893,33.1298,-0.6412
2719423,0.0044,0.2290,0.7715,-42.5649,34.9847,-3.1679
2719433,0.0017,0.2339,0.8188,-47.7405,36.1832,-6.5725
2719443,-0.0056,0.2275,0.8721,-52.1145,34.4580,-9.2290
2719452,-0.0208,0.2319,0.9087,-55.9084,30.1603,-9.5344
2719463,-0.0461,0.2239,0.9636,-60.6489,26.1527,-8.9008
2719473,-0.0586,0.2307,1.0315,-63.5954,24.5496,-9.3359
2719482,-0.0693,0.2410,1.0583,-63.1527,24.0611,-10.0992
2719495,-0.0786,0.2446,1.1213,-58.6641,26.3817,-12.2061
2719503,-0.0879,0.2607,1.1421,-54.2824,28.5267,-13.5573
2719515,-0.1150,0.2646,1.1172,-47.3664,31.2595,-14.3359
2719523,-0.1252,0.2568,1.0801,-45.1527,32.1832,-13.6260
2719533,-0.1333,0.2319,1.0432,-46.6489,31.1298,-11.7863
2719543,-0.1235,0.2283,1.0361,-50.8092,29.0000,-8.6947
2719552,-0.0901,0.2380,1.0691,-58.2137,26.2214,-5.4733
2719563,-0.0449,0.2346,1.1191,-65.0840,23.7099,-5.3511
2719573,-0.0613,0.2275,1.1709,-68.1069,22.7328,-8.0153
2719583,-0.0645,0.2388,1.2375,-69.3053,21.8092,-9.8855
2719593,-0.0671,0.2554,1.2600,-65.1221,18.8550,-8.7634
2719603,-0.0679,0.2654,1.2874,-59.8550,15.7557,-5.8321
2719613,-0.0620,0.2617,1.3101,-54.9542,11.8015,-3.0458
2719623,-0.0466,0.2468,1.3711,-52.5038,9.2595,-2.1221
2719633,-0.0415,0.2407,1.4001,-51.7710,7.4351,-2.1221
2719643,-0.0415,0.2410,1.4536,-51.5802,4.3740,-2.4122
2719653,-0.0298,0.2449,1.5044,-49.0840,1.2748,-2.3130
2719665,-0.0237,0.2661,1.5684,-44.8931,-3.5725,-2.8321
2719673,-0.0186,0.2524,1.5786,-41.0992,-6.2748,-3.2137
2719682,-0.0347,0.2603,1.6133,-32.8473,-10.9389,-3.9160
2719693,-0.0459,0.2585,1.6599,-24.5344,-13.9695,-3.4733
2719703,-0.0457,0.2527,1.6958,-15.4962,-15.0382,-3.4122
2719712,-0.0667,0.2615,1.7173,-5.9695,-14.6412,-4.3053
2719722,-0.0825,0.2520,1.7119,4.5115,-14.3435,-5.4504
2719733,-0.0881,0.2695,1.6714,17.2977,-15.5649,-5.5649
2719743,-0.0918,0.2588,1.6279,26.8702,-17.0534,-5.1832
2719752,-0.0847,0.2520,1.5732,36.0153,-17.9160,-5.5420
2719762,-0.0820,0.2537,1.4980,44.7481,-19.3817,-5.6565
2719776,-0.0925,0.2402,1.4482,50.4275,-19.9771,-5.5191
2719783,-0.0996,0.2307,1.4053,52.1985,-19.6260,-4.7634
2719793,-0.0940,0.2297,1.3945,54.9924,-18.1603,-4.2519
2719802,-0.1021,0.2280,1.3687,58.3511,-16.6641,-4.4427
2719812,-0.1074,0.2236,1.3506,63.4198,-15.7939,-4.0611
2719824,-0.0964,0.2166,1.2837,69.4580,-16.6260,-4.1374
2719833,-0.1206,0.2122,1.2571,73.1679,-17.9160,-4.2366
2719842,-0.1262,0.2078,1.2356,73.9160,-17.9924,-2.6336
2719853,-0.1233,0.2124,1.2273,75.8855,-18.7557,-0.3282
2719863,-0.1104,0.2129,1.1780,80.5725,-19.4351,-0.4580
2719873,-0.1116,0.2158,1.1523,85.0916,-21.3664,1.3282
2719882,-0.1040,0.2148,1.1045,86.6031,-23.4656,3.1908
2719892,-0.0950,0.2180,1.0464,90.3435,-24.0458,3.6031
2719902,-0.1030,0.2083,1.0068,89.4046,-22.6336,3.1527
2719912,-0.0940,0.1929,0.9529,86.1527,-20.1908,1.0229
2719923,-0.1069,0.2021,0.9094,79.6870,-19.7023,0.9160
2719933,-0.1155,0.2173,0.8755,74.7481,-21.1145,2.7023
2719943,-0.1108,0.2170,0.8489,72.4122,-20.4427,3.6794
2719953,-0.1147,0.2461,0.8242,71.1756,-16.1908,4.0076
2719963,-0.1238,0.2493,0.8032,68.5038,-10.7634,5.5725
2719973,-0.1013,0.2532,0.7693,65.6947,-5.1069,5.8931
2719984,-0.0876,0.2461,0.7095,60.4198,-0.1908,5.3740
2719993,-0.0652,0.2332,0.6699,53.7328,2.8931,4.0076
2720003,-0.0498,0.2488,0.6099,43.9008,3.9237,1.3359
2720012,-0.0537,0.2556,0.5964,32.5115,1.6565,2.0611
2720022,-0.0701,0.2605,0.5613,22.5496,0.7863,1.9466
2720033,-0.0884,0.2683,0.5581,12.9542,3.9542,2.3130
2720043,-0.0952,0.2810,0.5615,5.0534,10.1756,3.0840
2720053,-0.0864,0.2898,0.5532,-1.1145,17.6641,4.1756
2720063,-0.0676,0.2844,0.5481,-6.7252,25.4886,3.8092
2720073,-0.0398,0.2793,0.5562,-13.4580,31.5649,2.0000
2720083,-0.0198,0.2712,0.5576,-20.8321,37.2214,0.1756
2720093,-0.0127,0.2556,0.5872,-31.8931,41.2824,-2.1985
2720103,0.0005,0.2598,0.6206,-42.5038,42.2977,-5.2977
2720115,-0.0229,0.2534,0.6711,-56.7786,37.7328,-8.0000
2720123,-0.0457,0.2488,0.7285,-64.9847,33.5038,-8.1908
2720135,-0.0979,0.2549,0.8171,-71.9924,27.8702,-5.9084
2720143,-0.1233,0.2783,0.9016,-73.6641,26.1145,-3.2443
2720153,-0.1282,0.2810,0.9941,-71.9160,27.0534,-1.5573
2720163,-0.1147,0.2910,1.0176,-66.1450,30.3206,-2.3817
2720173,-0.1287,0.2871,1.0139,-60.5267,34.9924,-5.3206
2720183,-0.1394,0.2861,0.9978,-59.0534,37.5115,-6.6336
2720193,-0.1680,0.2686,0.9612,-59.5115,37.0763,-5.1450
2720203,-0.1738,0.2661,0.9480,-63.4198,35.6489,-2.1985
2720213,-0.1721,0.2532,0.9246,-67.7939,34.5649,-0.0992
2720223,-0.1887,0.2432,1.0039,-78.0305,33.7710,1.5267
2720233,-0.1775,0.2402,1.0537,-86.9237,31.1527,4.9466
2720243,-0.1763,0.2378,1.1526,-91.1985,28.4962,8.4580
2720253,-0.1687,0.2644,1.2134,-89.3206,24.8168,10.2366
2720263,-0.1482,0.2620,1.2959,-82.9847,22.0763,11.5878
2720273,-0.1309,0.2578,1.3047,-73.7481,20.1679,13.6641
2720283,-0.1157,0.2603,1.3420,-70.3130,18.8931,17.1908
2720293,-0.0583,0.2329,1.3967,-70.6412,18.5954,16.6794
2720303,-0.0002,0.2827,1.4553,-69.3893,17.5038,14.5267
2720313,0.0408,0.2759,1.5332,-65.4275,15.7634,10.6870
2720323,0.0686,0.2886,1.5720,-58.3588,13.2748,6.4427
2720333,0.0820,0.3147,1.5818,-49.4656,8.9542,4.0916
2720343,0.0696,0.2949,1.5745,-40.4275,4.2519,1.6718
2720353,0.0405,0.2964,1.5723,-32.6260,0.8168,-0.8473
2720363,0.0122,0.2708,1.5825,-29.0229,-2.3664,-2.5496
2720373,-0.0259,0.2747,1.5837,-24.3893,-5.3282,-3.7710
2720382,-0.0361,0.2720,1.6006,-16.8779,-6.2901,-4.8550
2720392,-0.0554,0.2783,1.6118,-9.4275,-6.7634,-6.0840
2720407,-0.0732,0.2720,1.6001,5.1908,-7.1069,-6.5496
2720413,-0.0725,0.2756,1.5952,10.3817,-7.2443,-7.6031
2720423,-0.0701,0.2661,1.5342,18.8168,-9.3740,-7.8015
2720433,-0.0808,0.2480,1.5186,23.7176,-13.4962,-6.4885
2720443,-0.0769,0.2500,1.5095,27.1221,-17.6794,-5.2672
2720453,-0.0793,0.2517,1.5176,31.9008,-22.0458,-4.4962
2720463,-0.0872,0.2407,1.5078,34.6412,-22.9466,-4.3359
2720473,-0.0852,0.2356,1.4683,40.9389,-23.6947,-4.9847
2720483,-0.0764,0.2375,1.4543,45.5420,-23.8550,-6.1450
2720493,-0.0728,0.2285,1.4277,50.7405,-23.8626,-7.5115
2720503,-0.0854,0.2354,1.4165,54.6336,-24.7252,-6.7252
2720513,-0.0879,0.2341,1.4060,59.5267,-24.6565,-5.6565
2720523,-0.0735,0.2319,1.4102,65.9771,-23.6947,-6.7481
2720533,-0.0618,0.2371,1.3706,74.6641,-23.8473,-8.5725
2720543,-0.0693,0.2295,1.3108,80.4657,-25.2977,-10.4962
2720553,-0.0793,0.2227,1.2434,84.3511,-26.6031,-10.6183
2720563,-0.0916,0.2124,1.1890,85.7405,-26.6107,-10.7557
2720573,-0.1064,0.2051,1.1382,82.6794,-26.5114,-10.6336
2720583,-0.1213,0.2002,1.1077,81.6489,-26.1832,-10.1908
2720593,-0.1394,0.2058,1.0894,79.2061,-27.0840,-9.8015
2720603,-0.1453,0.2195,1.0461,78.3817,-28.7252,-9.1603
2720613,-0.1626,0.2151,1.0085,79.0534,-29.2824,-9.1527
2720623,-0.1882,0.2273,0.9827,77.4427,-28.0916,-8.2595
2720633,-0.1934,0.2195,0.9045,77.3282,-25.5267,-6.3206
2720643,-0.1960,0.2402,0.8696,75.0611,-21.7863,-3.2366
2720653,-0.1953,0.2327,0.8345,72.7481,-17.6031,-1.7405
2720663,-0.1699,0.2468,0.7783,69.3588,-13.4198,-1.0611
2720673,-0.1577,0.2385,0.7366,63.9695,-10.4504,0.3282
2720683,-0.1431,0.2427,0.6860,55.0687,-8.9008,1.6489
2720693,-0.1250,0.2517,0.6602,44.9008,-7.8015,3.0992
2720703,-0.1089,0.2524,0.6570,35.9542,-6.1832,3.2748
2720713,-0.0979,0.2722,0.6497,30.8473,-4.2519,2.3282
2720723,-0.1016,0.2749,0.6228,25.6031,-1.6794,1.2977
2720733,-0.1191,0.2654,0.5911,19.6336,2.7939,1.3893
2720743,-0.1472,0.2754,0.5640,13.2214,7.6794,3.3435
2720753,-0.1418,0.2834,0.5701,7.1756,13.5420,6.8244
2720763,-0.1108,0.2805,0.5674,2.0992,20.4733,6.6489
2720773,-0.0906,0.2654,0.5586,-2.8168,27.1145,4.6565
2720783,-0.0715,0.2764,0.5269,-10.2901,30.6107,4.1298
2720793,-0.0647,0.2568,0.5081,-20.3893,31.0229,4.1298
2720803,-0.0479,0.2610,0.5217,-33.2137,29.2901,3.9542
2720813,-0.0337,0.2695,0.5686,-45.7786,27.2290,4.3053
2720823,-0.0225,0.2617,0.6255,-53.3511,25.8244,4.0687
2720833,-0.0312,0.2554,0.7126,-59.6794,26.2290,2.5496
2720843,-0.0437,0.2598,0.7974,-66.0229,28.5267,0.1450
2720853,-0.0505,0.2544,0.8589,-69.3359,31.2824,-2.0305
2720863,-0.0610,0.2595,0.9487,-71.6641,34.2519,-4.2443
2720873,-0.0669,0.2654,0.9626,-70.6870,36.5725,-7.5038
2720883,-0.0869,0.2832,0.9880,-66.8015,37.6565,-9.6565
2720893,-0.1108,0.2722,0.9678,-62.3817,37.5954,-9.9084
2720903,-0.1289,0.2581,0.9817,-63.4809,36.0916,-8.0840
2720913,-0.1147,0.2554,1.0164,-68.8473,34.7557,-6.4198
2720923,-0.0901,0.2620,1.0706,-71.9466,33.3740,-6.0382
2720933,-0.0659,0.2673,1.1414,-74.5649,32.1450,-7.4427
2720943,-0.0508,0.2861,1.1658,-73.7786,32.0305,-9.5802
2720953,-0.0488,0.2937,1.1687,-68.2901,31.5267,-11.6183
2720963,-0.0615,0.2849,1.1672,-63.7405,31.1221,-13.2519
2720973,-0.0937,0.2766,1.1353,-59.9160,29.8397,-12.2824
2720983,-0.0903,0.2634,1.1514,-61.6565,27.1985,-8.6412
2720993,-0.0911,0.2510,1.2234,-68.0840,23.5649,-6.0534
2721003,-0.0630,0.2490,1.3025,-72.5878,20.7710,-7.3206
2721013,-0.0549,0.2649,1.3511,-70.1756,18.4809,-8.4351
2721023,-0.0503,0.2876,1.4080,-66.1603,16.0229,-8.7252
2721033,-0.0413,0.2949,1.3967,-60.7176,13.4809,-8.4275
2721043,-0.0461,0.2852,1.4006,-53.5115,10.2366,-7.1908
2721053,-0.0591,0.2827,1.4255,-50.5344,6.5878,-5.8321
2721063,-0.0583,0.2739,1.4597,-49.4275,2.6718,-3.4427
2721073,-0.0583,0.2654,1.5215,-48.2061,-0.8626,-2.8397
2721083,-0.0410,0.2712,1.5938,-44.7023,-3.7023,-2.6031
2721093,-0.0232,0.2820,1.6143,-39.6794,-6.6947,-2.1603
2721103,-0.0112,0.2878,1.6157,-32.4733,-10.4351,-3.2595
2721113,-0.0186,0.2847,1.6506,-24.6107,-13.6260,-3.8092
2721123,-0.0249,0.2786,1.6821,-19.1450,-16.1603,-3.6947
2721133,-0.0217,0.2661,1.7178,-12.6107,-18.2901,-4.1069
2721143,-0.0134,0.2842,1.7534,-3.2443,-18.5878,-6.4885
2721153,-0.0261,0.2922,1.7678,9.1450,-17.4504,-8.6947
2721163,-0.0205,0.2976,1.7302,22.7405,-15.2901,-9.1832
2721173,-0.0225,0.2942,1.7029,35.6489,-12.0305,-10.3282
2721183,-0.0312,0.3091,1.6609,46.2443,-9.4580,-12.2519
2721193,-0.0403,0.2627,1.5688,55.6718,-7.7023,-14.3130
2721203,-0.0627,0.2534,1.5271,61.1985,-5.0000,-14.1450
2721213,-0.0896,0.2468,1.4983,66.8397,-1.9695,-12.8244
2721223,-0.0952,0.2302,1.4495,74.0763,-0.3893,-15.2748
2721233,-0.1028,0.2187,1.4207,80.3282,-1.8626,-18.5649
2721243,-0.1128,0.2163,1.3408,88.0916,-9.3893,-20.2672
2721253,-0.1379,0.2122,1.2744,93.9542,-20.4427,-18.4427
2721263,-0.1716,0.2034,1.2339,97.9313,-29.2061,-16.3359
2721273,-0.2158,0.1982,1.1895,97.6794,-32.9466,-13.9771
2721283,-0.2534,0.1885,1.1611,96.2443,-31.8321,-12.8702
2721293,-0.2715,0.1899,1.1130,95.7176,-28.3893,-11.6565
2721303,-0.2844,0.1814,1.0654,94.6565,-23.6336,-10.5802
2721313,-0.2747,0.1907,0.9971,92.8779,-20.0229,-8.2061
2721323,-0.2837,0.1899,0.9573,89.6260,-18.2901,-5.8321
2721333,-0.2871,0.1838,0.9138,86.5343,-18.0763,-3.1145
2721343,-0.3010,0.1956,0.9111,81.0229,-20.8397,1.9924
2721353,-0.3049,0.2092,0.8970,78.7405,-21.5802,6.6031
2721363,-0.2834,0.2263,0.9031,78.4198,-19.3206,8.8550
2721373,-0.2739,0.2258,0.8784,80.7939,-15.7863,9.9924
2721383,-0.2742,0.2026,0.8359,81.2672,-12.0305,11.9008
2721393,-0.2412,0.2217,0.7688,77.8855,-9.0305,13.3282
2721403,-0.2031,0.2227,0.7236,72.1832,-6.8473,13.6641
2721413,-0.1877,0.2434,0.6289,66.0305,-4.6031,13.8397
2721423,-0.1616,0.2439,0.5947,58.6565,-1.4198,14.9542
2721433,-0.1389,0.2456,0.5562,49.6794,3.1145,14.2366
2721443,-0.1267,0.2593,0.5349,40.1603,8.2443,13.8779
2721453,-0.1064,0.2507,0.5151,31.7176,12.5802,13.4809
2721463,-0.1008,0.2607,0.4866,22.5496,15.9695,12.1374
2721473,-0.0952,0.2642,0.4502,13.3969,18.2061,10.8092
2721483,-0.0933,0.2522,0.4282,4.1756,21.8244,9.4198
2721493,-0.0942,0.2629,0.4216,-5.5038,27.1908,8.1908
2721503,-0.0588,0.2742,0.4402,-15.2519,34.7939,8.1679
2721513,-0.0068,0.2834,0.4639,-23.1832,43.5191,6.4351
2721523,0.0535,0.2803,0.4719,-31.9847,51.9160,1.2290
2721533,0.0942,0.2876,0.5076,-40.8244,59.1527,-4.2901
2721543,0.1274,0.2935,0.5168,-48.9771,63.4275,-8.6183
2721553,0.1252,0.2871,0.5552,-55.2061,65.0687,-13.2595
2721563,0.1116,0.2795,0.5752,-58.2061,64.5496,-20.0000
2721573,0.0796,0.2581,0.5852,-60.6412,60.3740,-26.5649
2721583,0.0427,0.2603,0.5718,-64.3435,53.3435,-28.9313
2721593,0.0193,0.2180,0.5608,-70.3817,45.7786,-25.7481
2721603,-0.0076,0.1992,0.6875,-87.5649,39.4733,-25.9008
2721620,-0.1047,0.2046,0.9424,-111.2595,33.6183,-34.0153
2721624,-0.1287,0.2104,0.9634,-112.4809,31.7634,-35.0305
2721633,-0.1860,0.2324,1.0925,-110.3817,31.7328,-35.7786
2721643,-0.2288,0.2627,1.1709,-101.5954,30.2748,-33.0382
2721653,-0.2544,0.2810,1.2080,-87.1145,29.7634,-31.2137
2721662,-0.2622,0.2786,1.1775,-74.2061,29.3206,-28.7405
2721673,-0.2480,0.2778,1.2563,-73.0458,27.8321,-26.6641
2721683,-0.2146,0.2817,1.2656,-76.3893,23.2137,-27.4198
2721693,-0.2217,0.2456,1.3599,-83.9618,11.0840,-28.7634
2721703,-0.2207,0.2798,1.4094,-90.2977,-5.5038,-26.7328
2721713,-0.2629,0.2822,1.4854,-91.4809,-23.0153,-18.7176
2721723,-0.2827,0.3252,1.5652,-89.5573,-34.8244,-10.1832
2721733,-0.2710,0.3577,1.6760,-79.4351,-36.0382,-4.8397
2721744,-0.2805,0.3677,1.7429,-64.9847,-27.8321,-4.4046
2721753,-0.2686,0.3530,1.7629,-54.1832,-18.6031,-5.4885
2721763,-0.2407,0.3525,1.7886,-40.2366,-12.0458,-5.8015
2721773,-0.2246,0.3691,1.7893,-32.2595,-12.9389,-3.7328
2721783,-0.1997,0.3635,1.7668,-25.1832,-17.8702,-0.5420
2721793,-0.1758,0.3696,1.7466,-17.7023,-22.9084,2.2595
2721803,-0.1626,0.3665,1.7400,-12.3740,-26.5878,4.6947
2721813,-0.1687,0.3696,1.7300,-7.1527,-26.0382,5.8931
2721825,-0.1624,0.3782,1.7278,3.2137,-20.2214,6.9160
2721833,-0.1602,0.3745,1.7271,11.1298,-15.5496,7.2824
2721843,-0.1387,0.3655,1.7034,21.5420,-9.5344,6.5802
2721855,-0.1064,0.3574,1.6321,36.6870,-7.4809,3.8473
2721863,-0.0940,0.3440,1.5815,44.0000,-10.1221,3.5191
2721873,-0.1003,0.3479,1.5562,48.4656,-15.8702,4.7405
2721883,-0.1101,0.3027,1.4553,53.6031,-22.0076,6.3206
2721895,-0.1262,0.2998,1.4514,57.0229,-26.4351,7.1450
2721903,-0.1428,0.2949,1.4397,58.3664,-26.9008,7.1679
2721913,-0.1658,0.2742,1.4070,60.7176,-25.4046,7.5725
2721923,-0.1609,0.2644,1.3728,65.5573,-23.8779,6.6870
2721933,-0.1648,0.2681,1.3396,71.5802,-25.7557,7.4122
2721943,-0.1619,0.2639,1.3064,76.0763,-29.5496,9.0000
2721953,-0.1843,0.2500,1.2559,81.4046,-33.2137,9.4504
2721963,-0.1709,0.2568,1.2007,86.6641,-33.6718,9.4351
2721973,-0.1777,0.2485,1.1484,90.7634,-30.8855,9.8702
2721983,-0.1821,0.2258,1.0962,90.9160,-27.1450,10.4656
2721993,-0.1785,0.2354,1.0408,88.8092,-24.6565,11.2137
2722003,-0.1755,0.2278,1.0154,85.0840,-24.0916,13.7176
2722013,-0.1821,0.2192,0.9966,81.4885,-24.4809,14.9618
2722023,-0.1543,0.2419,0.9685,80.9847,-25.0611,15.8397
2722033,-0.1477,0.2551,0.9539,80.7023,-25.9847,17.2061
2722043,-0.1292,0.2463,0.9004,83.0153,-26.9695,17.1221
2722053,-0.1248,0.2654,0.8625,84.0305,-27.1527,16.3511
2722063,-0.1318,0.2603,0.8501,80.2061,-26.6260,17.9466
2722072,-0.1196,0.2639,0.8030,78.4885,-23.4962,17.2595
2722082,-0.1128,0.2732,0.7849,76.5802,-17.9542,17.0763
2722092,-0.0959,0.2578,0.7502,71.5954,-11.8931,16.2672
2722103,-0.0818,0.2742,0.6819,66.0153,-7.2977,15.1603
2722113,-0.0742,0.2737,0.6643,58.3664,-3.8015,14.3969
2722123,-0.0540,0.2852,0.6248,51.5649,-0.5573,12.8168
2722133,-0.0459,0.2920,0.5906,44.9695,3.0000,11.9847
2722143,-0.0366,0.2986,0.5640,38.4733,5.6947,11.3130
2722153,-0.0190,0.2969,0.5242,31.8779,8.4656,8.9618
2722163,-0.0144,0.2988,0.4905,24.2595,10.2595,6.1298
2722173,-0.0229,0.2913,0.4470,13.2366,10.5420,5.0992
2722183,-0.0156,0.2920,0.4226,2.5496,12.6412,4.0305
2722193,-0.0042,0.2983,0.4092,-7.0992,17.9542,2.3130
2722203,0.0078,0.3076,0.4131,-15.8855,26.1298,-0.1985
2722213,0.0142,0.3022,0.4155,-25.2214,34.1985,-2.7099
2722223,0.0188,0.3086,0.4390,-32.6031,42.4885,-5.2748
2722233,0.0232,0.2913,0.4709,-38.8473,50.1679,-8.8855
2722243,0.0354,0.2793,0.5020,-47.2061,53.3206,-13.0763
2722253,0.0254,0.2520,0.5371,-58.2061,48.6107,-17.1374
2722266,-0.0054,0.2432,0.6252,-77.9542,33.3435,-17.6565
2722273,-0.0286,0.2517,0.6943,-85.9389,25.4809,-16.5344
2722283,-0.0605,0.2747,0.7957,-91.2519,16.5420,-14.7405
2722293,-0.0815,0.2976,0.8577,-91.3740,14.7099,-14.0840
2722303,-0.1140,0.3032,0.9053,-85.1679,19.3359,-15.5878
2722313,-0.1372,0.2900,0.9160,-76.9237,27.2519,-16.6336
2722323,-0.1379,0.2830,0.9460,-77.7099,34.8321,-14.5802
2722333,-0.1038,0.2727,0.9690,-84.2290,39.2061,-15.1450
2722344,-0.0771,0.2725,1.0071,-90.7328,37.5038,-18.8168
2722353,-0.0857,0.2771,1.0664,-97.0840,33.4504,-20.8473
2722363,-0.1157,0.2654,1.0955,-101.6260,25.8550,-20.4809
2722373,-0.1677,0.2732,1.1633,-102.4733,18.6794,-17.4580
2722384,-0.1904,0.2769,1.1985,-100.2901,12.1450,-12.1832
2722393,-0.1951,0.2844,1.2773,-97.0000,10.0076,-6.8931
2722403,-0.1609,0.3069,1.3621,-95.0611,11.7634,-4.2061
2722413,-0.1125,0.3130,1.4063,-87.9618,17.1145,-5.3435
2722423,-0.0945,0.3098,1.4512,-81.1908,20.8931,-9.4275
2722433,-0.0891,0.3215,1.4805,-77.8168,21.8092,-12.1527
2722443,-0.0825,0.3350,1.4421,-71.2137,16.8702,-11.0382
2722453,-0.0857,0.3154,1.4387,-67.9542,8.3435,-8.1985
2722463,-0.0874,0.3254,1.4480,-67.6412,-0.6565,-5.3664
2722473,-0.0908,0.3264,1.4922,-65.7863,-6.8779,-0.9924
2722483,-0.0862,0.3481,1.5974,-64.1221,-9.1069,2.1298
2722493,-0.0525,0.3459,1.6445,-55.5649,-7.6947,2.9389
2722503,-0.0063,0.3635,1.7012,-44.3740,-3.7939,0.3664
2722513,0.0261,0.3547,1.7188,-36.4122,-2.2901,-2.3893
2722523,0.0308,0.3430,1.7100,-29.8321,-5.1679,-4.3969
2722533,0.0198,0.3379,1.7290,-23.6107,-11.9542,-4.6107
2722543,-0.0054,0.3525,1.7783,-16.6183,-19.2443,-4.4351
2722553,-0.0330,0.3484,1.8098,-5.1298,-25.0611,-5.2290
2722563,-0.0688,0.3533,1.8069,8.8626,-27.2137,-5.2672
2722572,-0.0889,0.3406,1.8020,23.3053,-27.2061,-4.0992
2722582,-0.1038,0.3428,1.7341,38.3664,-25.8626,-3.9389
2722592,-0.1033,0.3291,1.6726,50.8550,-24.0611,-3.5191
2722602,-0.0991,0.2976,1.5781,61.6412,-23.9160,-3.9924
2722612,-0.1018,0.2832,1.5520,64.2748,-25.1756,-4.1832
2722622,-0.1038,0.2769,1.4917,69.1069,-28.4046,-3.5649
2722632,-0.1145,0.2693,1.4702,71.4351,-30.8244,-3.1908
2722642,-0.1147,0.2539,1.4138,72.9618,-33.2214,-3.4962
2722652,-0.1226,0.2437,1.3728,75.4351,-35.8626,-3.2595
2722662,-0.1482,0.2356,1.3606,80.5191,-37.6641,-1.9542
2722672,-0.1689,0.2373,1.3594,84.1069,-37.7176,-0.7786
2722682,-0.1787,0.2266,1.3057,90.6412,-36.8321,-0.0687
2722692,-0.1899,0.2207,1.2395,98.2214,-34.6489,-0.5954
2722702,-0.2046,0.2056,1.1729,101.6412,-30.9160,-0.6794
2722712,-0.2283,0.1929,1.1150,100.5954,-25.8550,-0.1069
2722722,-0.2280,0.1970,1.0574,96.5343,-21.9160,2.3206
2722733,-0.2217,0.1775,0.9885,93.4580,-19.6107,5.9160
2722743,-0.2158,0.1970,0.9973,89.7710,-20.6183,10.6336
2722753,-0.1816,0.1975,0.9434,91.4657,-21.9847,13.3664
2722763,-0.1702,0.2002,0.9014,92.7557,-24.3359,14.3130
2722777,-0.1611,0.1985,0.8440,88.1679,-26.3053,15.3511
2722783,-0.1575,0.1895,0.8115,88.3053,-26.2137,16.4122
2722793,-0.1489,0.2080,0.7864,84.1450,-23.0687,16.1145
2722803,-0.1340,0.1990,0.6885,83.1527,-17.4733,14.3053
2722812,-0.1123,0.1956,0.6541,78.5267,-8.4122,12.9771
2722822,-0.1011,0.2034,0.5779,69.9695,0.1527,11.8550
2722833,-0.0708,0.2107,0.5203,57.8702,7.3053,10.8626
2722843,-0.0347,0.2136,0.4783,47.2061,12.3969,10.2748
2722854,-0.0190,0.2214,0.4036,34.8779,15.4809,8.3206
2722863,-0.0154,0.2288,0.3743,23.9847,15.8092,7.0076
2722873,-0.0222,0.2183,0.3276,12.0305,16.0992,5.2519
2722883,-0.0281,0.2266,0.3181,0.0076,17.2137,4.7252
2722893,-0.0210,0.2283,0.3257,-8.7023,20.3053,4.9466
2722903,0.0076,0.2405,0.3601,-15.5191,27.0229,3.8626
2722913,0.0266,0.2505,0.3843,-23.7863,35.2137,1.7786
2722923,0.0505,0.2312,0.4111,-30.9084,43.7099,-1.7252
2722933,0.0742,0.2432,0.4644,-38.4275,51.5496,-5.8015
2722944,0.0986,0.2424,0.4956,-48.2290,56.5878,-10.6870
2722953,0.1050,0.2373,0.5339,-57.7710,57.4962,-14.7863
2722965,0.0425,0.2190,0.6086,-70.0687,54.9160,-21.6794
2722973,-0.0032,0.2170,0.6470,-76.5802,51.6031,-24.0458
2722983,-0.0764,0.2229,0.6902,-80.1679,46.9008,-24.5954
2722993,-0.1453,0.2141,0.7815,-85.8321,42.9313,-21.7481
2723003,-0.1768,0.2241,0.8381,-88.8931,41.6412,-19.4198
2723013,-0.2041,0.2444,0.9290,-88.7786,45.3511,-18.0305
2723023,-0.2246,0.2502,1.0100,-88.4504,51.0229,-17.4504
2723033,-0.2078,0.2771,1.0479,-86.1145,58.2443,-18.8473
2723045,-0.1799,0.2744,1.0642,-81.2595,60.1985,-19.1145
2723053,-0.1665,0.2817,1.0803,-83.0000,56.5496,-18.7252
2723063,-0.1311,0.2656,1.0811,-85.8931,47.7252,-15.1145
2723073,-0.1335,0.2769,1.2129,-93.7939,36.7328,-14.2061
2723083,-0.1296,0.3118,1.2656,-97.9237,27.0992,-15.4656
2723097,-0.1245,0.3428,1.4285,-93.2214,21.0076,-16.2519
2723103,-0.1343,0.3625,1.4502,-88.7710,20.2748,-17.0382
2723113,-0.1516,0.3589,1.4863,-78.2672,20.0458,-15.6870
2723123,-0.1375,0.3745,1.4868,-64.8244,20.6107,-15.5191
2723133,-0.1077,0.3816,1.5107,-54.4809,21.0382,-14.4504
2723143,-0.0681,0.3889,1.5327,-48.8321,20.4046,-14.5420
2723153,-0.0334,0.3823,1.4856,-43.4733,18.5038,-15.5802
2723163,0.0063,0.3789,1.4312,-39.2824,13.2214,-16.6870
2723173,0.0222,0.3879,1.4277,-34.5420,6.6641,-17.1527
2723183,0.0044,0.3691,1.4011,-35.6870,-1.6947,-16.0763
2723193,-0.0566,0.3323,1.4573,-43.7481,-8.5115,-14.7939
2723203,-0.0911,0.3340,1.5337,-48.4122,-12.0382,-11.2824
2723213,-0.1221,0.3577,1.5723,-42.4046,-14.3130,-8.0534
2723222,-0.1357,0.3511,1.6594,-32.4885,-12.7863,-7.1450
2723232,-0.1514,0.3350,1.6926,-22.9847,-10.3282,-8.3282
2723243,-0.1741,0.3313,1.6814,-13.2901,-11.0458,-7.3969
2723253,-0.1816,0.3215,1.6626,-5.2290,-15.8168,-4.8397
2723263,-0.1785,0.3252,1.6577,3.2290,-22.0153,-2.2137
2723276,-0.2009,0.3171,1.6489,12.3817,-28.8473,0.6565
2723283,-0.2029,0.3118,1.6504,16.8397,-30.0687,2.4885
2723293,-0.2061,0.3147,1.6262,24.1374,-29.2748,3.6489
2723303,-0.1956,0.3093,1.6174,33.3359,-27.0229,5.0458
2723313,-0.1853,0.3081,1.5955,41.5038,-24.5649,6.7786
2723323,-0.1714,0.3281,1.5955,48.4580,-22.6336,7.0000
2723333,-0.1370,0.2798,1.4880,56.4885,-23.0916,6.5115
2723343,-0.1279,0.2822,1.4553,64.9847,-25.3893,5.2214
2723352,-0.1304,0.2761,1.4219,68.4198,-27.1908,5.7176
2723362,-0.1318,0.2578,1.3928,71.8397,-27.4962,6.1221
2723373,-0.1348,0.2529,1.3657,77.0916,-26.7939,5.1985
2723383,-0.1331,0.2493,1.3394,81.6641,-25.9618,4.6565
2723393,-0.1296,0.2515,1.3091,88.7939,-24.6794,3.1069
2723402,-0.1482,0.2429,1.2290,94.6031,-23.9237,2.7023
2723412,-0.1528,0.2356,1.1550,98.3206,-24.0916,2.3359
2723425,-0.1497,0.2046,1.0608,101.0382,-24.9160,4.3130
2723433,-0.1665,0.2061,1.0476,96.2824,-25.5496,4.3588
2723443,-0.1516,0.1970,0.9844,92.1603,-26.2824,4.6718
2723453,-0.1716,0.2024,0.9761,88.3053,-27.4504,5.8168
2723463,-0.1873,0.2068,0.9526,85.4504,-27.6565,7.2824
2723473,-0.1851,0.2200,0.8916,87.1221,-26.4351,8.4733
2723483,-0.1836,0.2261,0.8569,87.8550,-22.9237,10.1679
2723493,-0.1780,0.2136,0.8281,85.5343,-17.1145,10.3130
2723503,-0.1643,0.2139,0.7600,82.1527,-10.5878,9.8168
2723513,-0.1489,0.2056,0.7454,78.6947,-5.0840,10.0611
2723523,-0.1321,0.2021,0.6704,73.3206,-1.3053,8.7023
2723533,-0.1289,0.2283,0.6533,66.2061,0.8092,8.5649
2723543,-0.1257,0.2119,0.6040,57.3664,1.5802,9.2595
2723553,-0.1301,0.2231,0.5640,48.2366,2.3817,9.3893
2723563,-0.1240,0.2366,0.5493,39.1908,4.8473,10.1832
2723573,-0.1199,0.2385,0.5347,31.6336,8.7634,9.9618
2723583,-0.1096,0.2463,0.5178,22.2443,14.5802,7.7634
2723593,-0.0930,0.2446,0.4973,12.9237,19.7099,6.0000
2723603,-0.0796,0.2515,0.4766,4.8168,25.9771,3.3053
2723613,-0.0601,0.2537,0.4380,-3.5115,32.1145,0.0000
2723623,-0.0415,0.2664,0.4260,-13.5420,39.0840,-2.2824
2723633,-0.0254,0.2671,0.4211,-22.5344,46.2672,-4.4580
2723643,-0.0193,0.2766,0.4333,-32.4504,53.8397,-7.0534
2723653,-0.0171,0.2676,0.4412,-42.0534,61.1145,-10.2901
2723663,-0.0081,0.2666,0.4614,-51.8473,67.1603,-13.3740
2723673,-0.0098,0.2583,0.5112,-62.0534,70.7405,-16.3359
2723683,-0.0200,0.2366,0.5603,-72.2061,68.8626,-19.9084
2723693,-0.0479,0.2371,0.6130,-83.7634,61.6641,-22.5420
2723703,-0.0950,0.2351,0.6667,-91.4427,51.2595,-22.6641
2723713,-0.1531,0.2417,0.7107,-94.8779,41.3130,-20.2519
2723723,-0.1960,0.2461,0.7749,-94.6794,34.4656,-15.0153
2723733,-0.2200,0.2251,0.8535,-95.6870,33.2214,-9.8168
2723746,-0.1980,0.2375,0.9805,-104.1908,36.6260,-8.1832
2723753,-0.1792,0.2339,1.0474,-108.5802,39.5878,-9.6947
2723763,-0.1692,0.2485,1.1116,-112.3130,41.9389,-13.7939
2723773,-0.1519,0.2576,1.1836,-112.6031,40.6565,-16.2443
2723783,-0.1509,0.2871,1.1938,-107.7481,35.1679,-15.9389
2723793,-0.1628,0.2842,1.2222,-101.9389,27.0153,-12.1832
2723807,-0.1284,0.2944,1.3311,-99.8931,15.2824,-6.5267
2723813,-0.1270,0.2856,1.3601,-98.1298,10.6183,-6.7634
2723823,-0.1138,0.2971,1.5010,-96.6336,3.9847,-7.1679
2723832,-0.1201,0.3174,1.5898,-92.3893,0.9618,-7.8779
2723847,-0.1316,0.3552,1.6338,-74.4809,2.4962,-10.0687
2723853,-0.1226,0.3611,1.6189,-66.0153,4.2595,-11.2443
2723863,-0.1189,0.3628,1.6094,-55.7939,6.7252,-12.6718
2723876,-0.1418,0.3533,1.5984,-51.5802,6.5496,-11.9542
2723883,-0.1445,0.3489,1.6184,-51.2443,5.4885,-11.0534
2723893,-0.1553,0.3403,1.6489,-50.1069,2.9389,-10.5038
2723903,-0.1670,0.3364,1.6467,-45.3817,-3.2443,-8.6489
2723913,-0.1697,0.3345,1.7000,-39.1145,-9.7786,-6.2748
2723922,-0.1660,0.3401,1.6941,-26.9084,-16.9924,-6.3359
2723932,-0.1794,0.3276,1.7278,-4.9695,-21.5573,-1.9771
2723943,-0.1995,0.3545,1.7886,4.6107,-19.9084,-2.1374
2723953,-0.1980,0.3433,1.6912,10.0687,-16.6794,-1.9237
2723967,-0.1897,0.3054,1.6584,20.9847,-13.3435,0.1679
2723973,-0.1760,0.3137,1.6206,25.0687,-12.6031,0.2290
2723983,-0.1597,0.3018,1.5747,32.2595,-13.4046,-0.1221
2723993,-0.1553,0.2920,1.5413,39.1985,-16.4504,-0.4733
2724003,-0.1614,0.2900,1.4678,46.7252,-20.9618,0.7023
2724013,-0.1721,0.2859,1.4639,51.9160,-26.2977,3.6794
2724023,-0.1755,0.2786,1.4707,52.4046,-27.3282,5.7328
2724033,-0.1873,0.2654,1.4414,60.0000,-28.4504,6.6641
2724043,-0.1753,0.2668,1.4419,67.1298,-28.1603,6.7939
2724053,-0.1821,0.2368,1.3916,74.3511,-28.1527,5.4427
2724063,-0.1665,0.2363,1.3093,80.1603,-28.1450,2.9389
2724073,-0.1792,0.2395,1.2898,81.0153,-27.7176,1.9237
2724083,-0.1794,0.2312,1.2385,81.7786,-25.7557,2.0992
2724093,-0.1941,0.2393,1.2178,83.9389,-24.7099,3.6947
2724103,-0.2014,0.2317,1.1953,89.9389,-23.6947,5.5344
2724113,-0.1973,0.2227,1.1753,95.3053,-22.9008,7.4046
2724123,-0.1926,0.2090,1.1104,98.9771,-23.3740,8.3740
2724133,-0.1885,0.2078,1.0527,100.1679,-26.1679,9.1069
2724142,-0.2041,0.2065,1.0129,96.9466,-28.7023,11.3130
2724152,-0.1951,0.2087,0.9749,94.0076,-29.2977,12.3969
2724163,-0.1882,0.2217,0.9292,93.2748,-27.1908,13.4733
2724173,-0.1858,0.2349,0.9180,91.2519,-23.3588,14.0229
2724182,-0.1895,0.2344,0.9031,93.2137,-17.6641,15.0305
2724194,-0.1716,0.2571,0.8611,98.2061,-12.9237,17.8626
2724203,-0.1543,0.2551,0.8203,103.7099,-9.8092,19.8702
2724213,-0.1311,0.2493,0.7710,103.0153,-8.0840,21.2595
2724223,-0.1309,0.2529,0.6919,100.9008,-7.9008,22.1756
2724233,-0.1365,0.2424,0.6501,95.9084,-7.9924,22.8626
2724242,-0.1211,0.2673,0.6187,87.4427,-7.5878,24.6947
2724258,-0.0728,0.2642,0.5728,75.2977,-3.4809,24.6183
2724263,-0.0679,0.2761,0.5430,70.5496,-1.3053,23.4580
2724273,-0.0571,0.2883,0.5088,57.2366,2.4580,18.9160
2724283,-0.0576,0.2944,0.4661,46.0840,7.0916,14.8092
2724293,-0.0635,0.3044,0.4402,33.1603,11.1985,11.3435
2724307,-0.0664,0.2822,0.3931,21.2290,20.6870,5.6565
2724313,-0.0503,0.2847,0.3894,14.6336,24.9695,3.5878
2724323,-0.0337,0.2957,0.3628,-0.1145,32.1145,-0.6183
2724333,-0.0110,0.2957,0.3774,-13.5954,37.7863,-5.5115
2724343,0.0156,0.2935,0.3999,-27.7710,44.8092,-11.6336
2724354,0.0256,0.3020,0.4055,-45.4962,49.9542,-17.9695
2724363,0.0237,0.2874,0.4412,-59.2824,51.9847,-22.7481
2724373,-0.0227,0.2744,0.4958,-76.5649,51.3740,-28.0763
2724383,-0.0906,0.2922,0.5815,-91.6107,48.8092,-29.3817
2724393,-0.1567,0.2751,0.6577,-98.3435,47.0000,-28.0534
2724403,-0.2087,0.2839,0.7522,-101.7863,46.2901,-23.8855
2724413,-0.2329,0.2998,0.8240,-104.2061,48.1221,-21.3053
2724424,-0.2288,0.3049,0.9048,-103.1603,53.7252,-19.5267
2724433,-0.2151,0.3167,0.9519,-100.4275,60.5267,-21.4122
2724443,-0.1985,0.3066,0.9702,-97.4198,68.7863,-26.3664
2724452,-0.1853,0.2983,0.9954,-99.8015,75.5954,-31.0611
2724463,-0.2126,0.2683,1.0286,-106.0382,78.7252,-34.5954
2724473,-0.2017,0.2915,1.1797,-115.4504,76.3435,-33.0382
2724483,-0.2090,0.3167,1.2329,-117.6870,71.8397,-31.3664
2724493,-0.1897,0.3328,1.2937,-111.6031,62.2137,-29.1985
2724503,-0.1511,0.3643,1.3574,-104.3053,52.4580,-27.6947
2724517,-0.1377,0.3560,1.3110,-91.1298,39.5496,-30.0153
2724523,-0.1616,0.3447,1.2849,-88.1374,33.9313,-31.8092
2724533,-0.1602,0.3403,1.2659,-88.2137,25.0382,-32.0000
2724543,-0.2446,0.3049,1.2786,-92.7405,16.3740,-28.1374
2724553,-0.2698,0.3423,1.4150,-98.2672,10.3511,-21.6870
2724562,-0.2830,0.3481,1.5034,-90.8473,11.0611,-19.6565
2724574,-0.2808,0.3677,1.5596,-78.2595,12.6565,-17.9160
2724583,-0.2749,0.3728,1.5703,-70.6107,15.3282,-18.4351
2724593,-0.2512,0.3516,1.5417,-60.9313,15.7328,-18.5267
2724602,-0.2659,0.3362,1.4929,-57.9618,7.8550,-15.8779
2724613,-0.2773,0.3411,1.5535,-60.4809,-3.7710,-11.7176
2724623,-0.2646,0.3035,1.5100,-50.8779,-15.6718,-8.4580
2724633,-0.2710,0.3101,1.6267,-39.1221,-23.1069,-6.9466
2724643,-0.2593,0.3157,1.5854,-34.4122,-30.8168,-5.2137
2724653,-0.2749,0.2908,1.5684,-29.1908,-37.6718,-3.2061
2724668,-0.2988,0.2856,1.6011,-21.5573,-38.9084,-1.6947
2724673,-0.3003,0.2778,1.6082,-18.8244,-36.4122,-1.1221
2724683,-0.3020,0.2822,1.6094,-12.6947,-29.0534,0.6641
2724693,-0.3118,0.3115,1.6318,-3.3893,-20.2214,4.4351
2724703,-0.2942,0.2837,1.6011,15.2443,-10.6031,4.4351
2724713,-0.2727,0.2805,1.5925,35.1756,-6.5649,4.7786
2724723,-0.2573,0.2585,1.5471,49.0611,-7.8931,6.2443
2724733,-0.2410,0.2363,1.5024,58.4351,-16.1298,10.1679
2724743,-0.2266,0.2334,1.4958,64.9924,-25.6565,13.4504
2724753,-0.2266,0.2249,1.4453,74.9008,-34.8321,14.4809
2724763,-0.2234,0.2249,1.4058,81.3359,-42.2366,16.4351
2724774,-0.2407,0.2317,1.3591,85.2672,-46.0229,18.2977
2724783,-0.2512,0.2119,1.3394,89.7710,-43.8702,19.0000
2724793,-0.2783,0.2144,1.3491,95.6489,-37.7328,20.4351
2724803,-0.2898,0.2122,1.3105,107.4122,-27.5191,20.8702
2724813,-0.3088,0.2371,1.3252,120.4657,-21.3969,24.4809
2724823,-0.2861,0.2109,1.2615,140.9924,-17.1374,27.5496
2724834,-0.2725,0.1819,1.1768,159.3893,-14.2901,28.6107
2724843,-0.2791,0.2117,1.0544,163.6031,-15.0000,26.8397
2724855,-0.2500,0.1831,0.9341,163.0916,-17.7328,26.9313
2724863,-0.2290,0.1975,0.8926,156.0153,-19.8855,27.3817
2724873,-0.2102,0.1990,0.8289,140.3512,-22.4351,28.3511
2724883,-0.2148,0.2109,0.7700,126.8397,-28.7634,31.3435
2724893,-0.1611,0.2192,0.7683,115.6107,-33.9389,34.9771
2724903,-0.1353,0.2393,0.7483,111.2061,-38.9160,35.5267
2724912,-0.1479,0.2849,0.6909,108.8244,-46.7023,37.7023
2724925,-0.1479,0.2683,0.6741,105.8550,-50.9237,39.0382
2724933,-0.2036,0.2754,0.6853,105.2824,-51.7557,40.1908
2724943,-0.1770,0.2063,0.6628,111.3359,-44.1221,37.1374
2724954,-0.1250,0.3193,0.5959,110.5649,-29.5344,32.5802
2724963,-0.1296,0.3210,0.5696,100.7252,-18.5878,31.4504
2724973,-0.1035,0.3027,0.4968,93.4198,-5.4275,28.9695
2724983,-0.0850,0.3308,0.4456,82.0153,5.3817,26.3969
2724993,-0.0159,0.3191,0.3904,68.4046,11.5878,20.5649
2725003,0.0369,0.3203,0.3264,53.5344,12.7786,11.6565
2725015,0.0264,0.3037,0.2913,29.3893,11.5878,3.1985
2725023,0.0129,0.2866,0.2683,12.2214,12.5573,-1.6107
2725033,0.0359,0.3069,0.2515,-13.7023,15.7252,-8.5115
2725043,0.0393,0.3081,0.2390,-46.3435,20.8626,-18.8168
2725053,0.0476,0.3184,0.2664,-79.8473,24.4733,-29.2824
2725062,0.0132,0.3186,0.3374,-107.4198,29.6947,-36.5725
2725077,-0.0598,0.3289,0.5059,-131.8473,40.9847,-41.8321
2725083,-0.0894,0.3384,0.5378,-134.9847,44.4580,-43.4809
2725093,-0.1348,0.3037,0.6655,-136.1450,53.0305,-46.1374
2725103,-0.1587,0.3196,0.7764,-138.1221,60.4046,-47.9237
2725113,-0.1531,0.3484,0.8232,-143.7328,65.5343,-51.6947
2725123,-0.1326,0.2913,0.8828,-148.6336,70.1221,-58.0000
2725133,-0.1770,0.3230,0.9272,-156.2137,72.8626,-62.7405
2725144,-0.2617,0.3013,1.0054,-161.5649,71.5343,-59.6947
2725153,-0.2869,0.3347,1.0947,-160.8168,68.6489,-51.0534
2725163,-0.2959,0.3088,1.1338,-153.7176,64.4962,-41.9771
2725174,-0.2688,0.3367,1.2141,-149.9466,54.6489,-32.4580
2725183,-0.2346,0.3335,1.2534,-144.3359,46.3206,-31.0611
2725193,-0.2039,0.3044,1.3308,-136.1985,35.9542,-29.6336
2725202,-0.1995,0.3357,1.3923,-130.8473,23.5038,-26.2214
2725212,-0.1785,0.3196,1.4124,-119.5802,17.5267,-24.3282
2725223,-0.1670,0.3005,1.4275,-108.2366,17.7405,-25.8321
2725233,-0.1775,0.3040,1.4141,-101.0916,20.7786,-28.9160
2725243,-0.1941,0.2881,1.3938,-98.2290,24.2901,-30.2519
2725253,-0.2566,0.2705,1.4265,-98.5649,24.0458,-28.4198
2725263,-0.2253,0.3306,1.5425,-97.1832,18.0458,-20.3588
2725273,-0.2358,0.2886,1.5559,-80.4275,12.7328,-18.5344
2725283,-0.2158,0.2898,1.5825,-66.4427,5.7634,-19.1679
2725293,-0.2170,0.2537,1.5510,-59.1221,-2.3664,-19.8397
2725303,-0.2078,0.2017,1.4814,-54.6336,-9.1603,-23.0000
2725313,-0.2629,0.1694,1.4775,-61.4580,-14.1221,-25.3435
2725323,-0.3057,0.1863,1.5188,-69.7557,-18.1832,-19.7939
2725333,-0.3267,0.1973,1.5776,-69.2061,-17.7176,-11.5344
2725343,-0.3359,0.2217,1.6223,-57.3435,-13.7252,-4.8168
2725353,-0.3376,0.2324,1.6577,-39.6412,-6.1069,-3.1603
2725363,-0.3152,0.1968,1.6489,-18.7481,0.6718,-4.6870
2725373,-0.3086,0.1968,1.5530,2.1603,3.3206,-4.6947
2725385,-0.2930,0.1414,1.5137,12.6870,-0.3130,-2.8015
2725393,-0.2927,0.1438,1.4519,16.2366,-6.3969,0.2214
2725403,-0.2764,0.1628,1.4548,22.8550,-15.6183,4.3359
2725413,-0.2610,0.1658,1.4800,33.6260,-24.0611,9.3130
2725423,-0.2510,0.1799,1.4761,48.2977,-28.1221,11.9618
2725437,-0.2717,0.1853,1.4524,61.2290,-29.4886,12.0687
2725443,-0.2625,0.1448,1.4087,64.5420,-29.4809,13.3053
2725453,-0.2556,0.1646,1.3997,70.3435,-30.3664,16.6641
2725463,-0.2664,0.1584,1.3958,77.2137,-32.5191,21.0611
2725473,-0.2747,0.1589,1.3899,90.3130,-34.5496,25.0916
2725486,-0.2812,0.1926,1.3977,113.4580,-36.7863,30.6489
2725493,-0.2847,0.1956,1.3552,127.4198,-36.4351,31.3817
2725503,-0.2849,0.1973,1.3196,146.1756,-34.2290,31.7481
2725513,-0.2781,0.1580,1.2517,162.1374,-28.3588,29.2061
2725523,-0.2576,0.1204,1.1003,175.8015,-22.1069,23.5573
2725535,-0.2461,0.2224,1.1030,176.3740,-18.2290,26.1679
2725543,-0.2412,0.2017,1.0454,173.6412,-13.7557,28.9924
2725557,-0.2405,0.2539,0.9595,176.2366,-11.8779,39.0763
2725563,-0.2129,0.2751,0.9583,179.1145,-13.4962,42.8931
2725573,-0.1731,0.2734,0.8879,184.2824,-18.0382,46.9771
2725583,-0.1680,0.2859,0.8279,186.4122,-28.3969,51.9542
2725593,-0.1865,0.3005,0.7910,188.9542,-39.2137,57.6565
2725603,-0.1013,0.1907,0.7959,195.4122,-46.4733,66.2901
2725613,-0.1638,0.1675,0.5947,194.8397,-45.4885,63.2214
2725623,-0.1746,0.2017,0.4888,171.7405,-40.9237,56.3893
2725633,-0.1099,0.3054,0.4280,141.4427,-30.5802,54.1908
2725643,-0.0854,0.3557,0.4607,112.4657,-16.4733,51.9160
2725653,-0.0911,0.3398,0.4841,100.3435,-5.5649,48.7176
2725663,-0.0381,0.4043,0.4856,102.2290,-0.4885,45.7863
2725673,0.0312,0.4160,0.4771,98.0916,0.2214,40.4046
2725683,0.0535,0.3491,0.4043,88.6489,-3.9389,33.7863
2725693,0.0369,0.2063,0.3540,74.9466,-8.5496,24.4733
2725703,-0.0312,0.2983,0.2715,49.9237,-9.4580,12.4962
2725713,-0.0488,0.3342,0.3052,8.3130,-4.7099,3.6565
2725723,-0.0137,0.3784,0.3875,-30.4275,4.5420,-5.8473
2725737,0.0100,0.3750,0.4346,-71.6565,25.5573,-29.1069
2725743,0.0173,0.3960,0.4629,-93.3740,33.1908,-38.9389
2725756,0.0044,0.4292,0.5339,-138.1603,45.8321,-56.9389
2725763,-0.0195,0.4375,0.5945,-154.5038,47.7023,-62.2748
2725775,-0.0745,0.4304,0.7986,-164.4886,47.7176,-55.3740
2725783,-0.1555,0.3728,0.9241,-154.1756,53.2290,-55.2748
2725793,-0.1836,0.3977,0.9673,-127.8473,61.1603,-56.8397
2725806,-0.1897,0.4600,1.0005,-108.6031,78.3206,-66.1298
2725813,-0.1897,0.3660,0.9653,-108.3740,88.2672,-73.6031
2725823,-0.2234,0.3738,0.8774,-114.8168,107.9618,-91.0076
2725834,-0.1370,0.3936,0.8613,-146.0687,141.5573,-114.3206
2725843,-0.1772,0.4053,0.8950,-185.9695,157.1450,-121.4809
2725853,-0.3398,0.3081,1.0005,-214.3512,166.0153,-116.5878
2725863,-0.3313,0.4285,1.1919,-209.2137,168.3817,-96.2748
2725873,-0.3630,0.4016,1.3086,-174.1679,165.8244,-84.7099
2725883,-0.3762,0.3206,1.3232,-125.7786,146.8321,-80.7557
2725893,-0.3181,0.3591,1.2207,-95.6412,112.9695,-75.9695
2725903,-0.3140,0.2878,1.1465,-90.2595,78.5420,-72.8015
2725913,-0.3286,0.1548,1.1138,-97.5115,40.5267,-66.5649
2725927,-0.3960,0.3606,1.2090,-124.3282,-6.0611,-55.7328
2725933,-0.4170,0.3408,1.3096,-131.7099,-18.9618,-48.1069
2725943,-0.4314,0.2834,1.3784,-122.1069,-33.3817,-35.3511
2725953,-0.4185,0.2847,1.4287,-106.1603,-34.9847,-31.3511
2725963,-0.4536,0.3027,1.4141,-98.1374,-31.8092,-30.7786
2725976,-0.4568,0.2568,1.4895,-81.7405,-23.5267,-31.4122
2725983,-0.4541,0.2134,1.4758,-72.6031,-19.0076,-31.9618
2725993,-0.4609,0.2539,1.4744,-57.0000,-16.7939,-25.9695
2726002,-0.4731,0.2427,1.5142,-43.8015,-15.2290,-20.2977
2726013,-0.4626,0.2124,1.5012,-25.5573,-11.8397,-17.8855
2726023,-0.4819,0.2434,1.5264,-17.7863,-9.8244,-16.4427
2726033,-0.4929,0.2275,1.5066,-7.9466,-7.7634,-11.5267
2726043,-0.5076,0.2402,1.5413,4.2443,-4.4427,-3.9695
2726053,-0.5042,0.2610,1.5444,22.3359,-1.9084,4.7328
2726063,-0.4895,0.2366,1.5432,42.6107,1.3053,11.2519
2726073,-0.4785,0.2173,1.4785,59.6336,3.5344,13.3740
2726082,-0.4526,0.2256,1.4448,68.3664,1.3588,15.7099
2726092,-0.4116,0.1897,1.3506,76.3969,-9.2366,18.2137
2726102,-0.4109,0.2190,1.3340,80.5343,-24.4809,23.3359
2726113,-0.4265,0.2224,1.3513,86.1756,-38.1832,31.2672
2726123,-0.4182,0.2319,1.3728,95.4198,-44.2137,36.0534
2726132,-0.4287,0.2646,1.3740,104.9389,-45.2443,38.1527
2726143,-0.4548,0.2854,1.3936,114.5343,-41.4809,40.5267
2726153,-0.4568,0.2673,1.3669,128.8473,-31.9313,39.9924
2726163,-0.4138,0.2781,1.2856,139.2519,-21.1450,37.5878
2726173,-0.4236,0.2324,1.1902,142.9771,-17.6565,34.1832
2726183,-0.3611,0.2451,1.1338,142.3588,-23.0534,34.0229
2726193,-0.3826,0.2698,1.0747,135.0153,-33.4809,37.0382
2726203,-0.3931,0.3315,1.0903,129.2977,-46.3359,45.8092
2726213,-0.3601,0.2812,1.0476,136.4809,-55.0763,51.7252
2726223,-0.3457,0.3445,1.0281,138.8702,-62.5038,52.2137
2726233,-0.3196,0.3328,0.9685,134.1374,-68.9542,55.6565
2726242,-0.3215,0.3369,0.9133,128.4351,-71.6947,58.4122
2726257,-0.2881,0.3748,0.9019,114.9847,-71.9771,64.6870
2726263,-0.2732,0.3716,0.8438,113.2214,-70.9771,64.3511
2726273,-0.2544,0.3787,0.7844,110.5267,-69.4504,59.9924
2726282,-0.2478,0.3796,0.7405,107.9924,-65.8473,54.7099
2726292,-0.2332,0.4099,0.7417,99.2519,-59.9237,51.2061
2726302,-0.2314,0.4993,0.7407,89.5878,-54.3588,50.1298
2726313,-0.1846,0.4480,0.7449,88.2290,-47.6947,51.4427
2726323,-0.1409,0.4189,0.7866,94.6718,-38.0611,49.0534
2726334,-0.0586,0.3496,0.7097,100.9389,-23.2672,47.0229
2726343,-0.0920,0.4429,0.5862,96.2443,-15.6718,42.6565
2726353,-0.0698,0.4185,0.5142,79.7481,-9.0840,37.7786
2726363,-0.0535,0.3972,0.4507,63.8855,-2.1069,30.2748
2726373,-0.0413,0.4006,0.4053,49.1985,4.4580,21.4733
2726382,-0.0471,0.4260,0.4133,30.0840,13.8321,13.4733
2726392,-0.0393,0.4351,0.4065,13.9237,27.4656,6.7481
2726403,-0.0295,0.4395,0.4226,2.4198,45.5725,-2.0840
2726413,0.0085,0.4363,0.3857,-8.6489,61.7557,-11.9160
2726423,0.0034,0.4382,0.3970,-21.2137,76.4580,-21.0611
2726432,-0.0164,0.4583,0.4399,-31.3435,90.0840,-26.9008
2726444,-0.0293,0.4470,0.5249,-34.9466,108.9618,-31.0763
2726453,-0.0427,0.4517,0.5723,-34.7634,124.8321,-35.2366
2726463,-0.0566,0.4624,0.6467,-36.1756,139.4198,-41.5878
2726473,-0.1121,0.4531,0.6538,-37.0229,148.2137,-50.3588
2726483,-0.1538,0.4663,0.7236,-41.5802,156.6794,-59.2519
2726493,-0.1807,0.4915,0.7927,-46.3053,169.2595,-67.4580
2726503,-0.2346,0.5298,0.8293,-48.1908,186.2443,-74.3893
2726513,-0.3093,0.5610,0.8777,-50.4962,207.6183,-82.1603
2726523,-0.3528,0.5327,0.9111,-47.4733,230.7939,-87.9466
2726533,-0.3757,0.5378,0.9094,-36.0382,250.1298,-92.4122
2726543,-0.4143,0.5398,0.9219,-25.9542,250.1298,-96.6107
2726553,-0.4622,0.5273,0.9414,-25.4351,250.1298,-100.0000
2726564,-0.4966,0.5300,0.9048,-27.5649,250.1298,-99.2290
2726573,-0.5317,0.4819,0.7375,-16.2443,250.1298,-97.3893
2726583,-0.5449,0.5227,0.8569,-24.0382,250.1298,-93.6489
2726593,-0.6208,0.4951,0.8257,-33.0382,250.1298,-89.4809
2726603,-0.6721,0.4814,0.6558,-27.6718,250.1298,-92.3588
2726613,-0.6770,0.4534,0.6243,-23.4275,250.1298,-92.3588
2726623,-0.7957,0.4546,0.5930,-22.6412,250.1298,-92.4275
2726633,-0.9011,0.4172,0.5798,-17.9847,246.9924,-88.8473
2726643,-0.9463,0.4563,0.6660,-13.3893,243.1145,-77.9084
2726653,-1.0068,0.5054,0.7056,-5.5954,240.4198,-71.9008
2726663,-0.9653,0.5061,0.7290,1.1374,237.0687,-69.7786
2726673,-0.9026,0.4878,0.6697,7.0382,231.2519,-64.7710
2726683,-0.9302,0.4724,0.5701,19.1298,228.1221,-59.5802
2726695,-0.9644,0.4302,0.4722,34.6489,229.2290,-56.0458
2726703,-0.9771,0.4082,0.4238,40.4504,231.3664,-53.2977
2726713,-0.9829,0.3818,0.4175,44.0458,240.8244,-49.4122
2726722,-0.9946,0.3650,0.4072,45.3588,250.1298,-54.0305
2726737,-0.9832,0.4280,0.3896,40.2824,250.1298,-63.4885
2726743,-0.9653,0.4548,0.4136,26.8779,250.1298,-64.3893
2726753,-1.0000,0.4072,0.2805,7.1985,250.1298,-59.2748
2726764,-0.9875,0.3745,0.1663,10.8702,250.1298,-47.2290
2726773,-0.9624,0.4084,0.1284,19.4656,247.6260,-39.7786
2726783,-0.9216,0.4036,0.0586,35.6794,239.4275,-34.6260
2726793,-0.8894,0.3154,-0.0054,51.9313,232.2595,-29.6794
2726803,-0.8694,0.2661,-0.0498,62.6107,225.7939,-21.3130
2726813,-0.8823,0.2986,-0.1465,63.4733,213.4275,-15.4351
2726823,-0.9170,0.2620,-0.1057,36.8244,169.6107,-17.6565
2726834,-0.9216,0.2820,-0.3345,23.3282,145.0916,-5.9313
2726843,-0.9834,0.3042,-0.3787,31.3435,148.0000,-7.5115
2726853,-0.9636,0.2942,-0.2883,40.0229,150.7710,-6.4504
2726863,-0.9253,0.3423,-0.1963,39.2366,154.0076,-0.9771
2726873,-0.8965,0.3611,-0.1509,34.5115,160.5420,1.7481
2726883,-0.8667,0.3254,-0.1816,34.4809,163.6412,-0.1298
2726893,-0.8350,0.2739,-0.2986,40.9771,161.4657,-2.2824
2726903,-0.8149,0.2324,-0.3782,46.6489,154.0076,0.8168
2726913,-0.7642,0.0803,-0.3792,50.6107,142.5649,11.9389
2726923,-0.8308,0.1304,-0.3843,53.8855,116.3588,21.1450
2726933,-0.8257,0.2686,-0.3787,55.1832,85.0229,23.9389
2726943,-0.7727,0.3477,-0.3572,57.7099,76.7634,22.7176
2726955,-0.7258,0.3562,-0.5176,72.8168,130.8092,12.9924
2726963,-0.7581,0.3284,-0.5996,88.5343,151.8702,4.0840
2726975,-0.7146,0.2642,-0.5796,111.1679,177.6107,-9.2595
2726983,-0.7292,0.2361,-0.5166,116.1832,180.9008,-16.4504
2726993,-0.6875,0.1975,-0.4687,111.5267,174.6260,-20.0916
2727003,-0.6455,0.1714,-0.5513,99.8015,153.0840,-14.8168
2727013,-0.6533,0.1792,-0.6387,81.9389,116.0153,-6.3893
2727023,-0.6567,0.1733,-0.6826,62.5649,84.8550,1.2214
2727033,-0.6506,0.1511,-0.7322,47.8244,62.5038,7.5954
2727045,-0.6350,0.1978,-0.6912,27.8473,44.0916,16.7328
2727053,-0.6624,0.2322,-0.6763,11.5191,35.2214,19.4886
2727063,-0.6538,0.2097,-0.6750,-1.6260,25.4733,20.3511
2727073,-0.6375,0.1865,-0.6897,-3.1298,17.6031,18.0458
2727083,-0.6543,0.2048,-0.6318,-4.1603,8.2901,15.4122
2727093,-0.6633,0.2373,-0.5808,-10.9695,-0.5573,13.6183
2727103,-0.6365,0.2410,-0.5776,-18.6412,-7.0840,13.1756
2727113,-0.7256,0.2251,-0.5859,-23.0382,-12.0229,7.6260
2727123,-0.7300,0.0547,-0.6697,-13.7328,-26.4427,-16.4275
2727132,-0.5898,0.1765,-0.6421,-13.9389,-31.5878,-2.8626
2727146,-0.7214,0.3235,-0.7568,-19.5038,-42.8931,8.3053
2727153,-0.7275,0.2461,-0.6904,-23.4656,-44.8550,13.1374
2727166,-0.7512,0.1836,-0.6628,-28.9847,-41.6336,20.0000
2727173,-0.7705,0.2085,-0.6653,-28.6031,-36.1756,19.1450
2727183,-0.7644,0.2534,-0.6414,-26.3435,-26.7710,13.2214
2727192,-0.7483,0.2825,-0.6243,-23.7557,-23.9542,5.5420
2727202,-0.7339,0.2810,-0.6816,-22.5114,-31.4656,-1.8779
2727213,-0.7434,0.2639,-0.7600,-27.1832,-42.0305,-5.9008
2727223,-0.7764,0.2478,-0.8398,-31.0611,-58.6107,-5.0534
2727233,-0.8169,0.2498,-0.8333,-38.8931,-94.8244,-1.2824
2727243,-0.8193,0.2544,-0.7329,-54.0840,-125.3511,4.9389
2727253,-0.8618,0.2666,-0.7300,-67.8626,-146.3512,12.7023
2727267,-0.8987,0.2686,-0.7148,-75.6183,-169.6336,24.9771
2727273,-0.9041,0.2937,-0.6909,-77.0076,-175.6641,26.5344
2727283,-0.8418,0.3125,-0.5803,-82.1603,-186.0076,29.0916
2727294,-0.8420,0.3093,-0.5479,-84.7405,-197.6718,29.5496
2727303,-0.7847,0.2917,-0.5559,-73.0229,-210.6794,29.1069
2727313,-0.8069,0.3279,-0.4871,-58.6641,-204.6488,26.8015
2727323,-0.7734,0.2837,-0.3472,-53.8473,-197.1527,26.0382
2727333,-1.2500,0.2524,-0.1943,-65.7786,-250.1374,35.4580
2727343,-0.8474,0.2458,-0.0151,-98.0611,-250.1374,52.2443
2727353,-0.8862,0.3384,-0.3538,-114.9160,-250.1374,63.7481
2727364,-0.8782,0.3596,-0.3584,-117.7023,-250.1374,71.2290
2727373,-0.8586,0.3198,-0.2092,-122.1298,-250.1374,77.0687
2727383,-0.8362,0.3262,-0.0410,-130.2977,-250.1374,85.4962
2727393,-0.7847,0.3125,0.0862,-138.1298,-250.1374,86.7710
2727403,-0.7620,0.1638,0.2107,-134.6794,-250.1374,92.8015
2727413,-1.1235,0.3372,0.2488,-127.5420,-250.1374,84.0992
2727422,-0.9463,0.3274,0.3044,-125.0611,-250.1374,73.4962
2727432,-0.5964,0.4443,0.3547,-121.2214,-250.1374,64.8473
2727442,-0.4941,0.5339,0.3835,-117.0076,-199.0305,44.8779
2727454,-0.4727,0.4922,0.4092,-105.3206,-138.7176,20.2061
2727463,-0.4790,0.4590,0.4365,-87.9542,-97.7405,3.8702
2727472,-0.4919,0.4658,0.5146,-68.4504,-69.1527,-4.3664
2727482,-0.5164,0.4612,0.5259,-51.6870,-55.0687,-4.9771
2727493,-0.5352,0.4517,0.5312,-38.3359,-56.1145,-1.1679
2727503,-0.5208,0.4126,0.5535,-28.5954,-68.4427,4.8092
2727513,-0.5037,0.3743,0.5693,-22.7099,-84.6489,12.1221
2727523,-0.5229,0.3691,0.5537,-15.0458,-103.3359,14.8779
2727533,-0.5046,0.3840,0.5505,-11.7176,-125.5038,17.3511
2727543,-0.5120,0.3750,0.5405,-14.1756,-150.1756,20.7405
2727553,-0.5659,0.3232,0.5439,-21.2977,-169.3130,20.0000
2727563,-0.5647,0.3005,0.5496,-36.3359,-187.8168,20.0076
2727573,-0.5950,0.3677,0.5537,-54.3664,-206.9847,20.7405
2727584,-0.5908,0.3491,0.5706,-69.7939,-231.3130,23.0458
2727593,-0.5791,0.3494,0.6506,-79.3588,-250.1374,28.7786
2727603,-0.5483,0.3735,0.7219,-85.4046,-250.1374,32.8550
2727613,-0.5063,0.3914,0.7681,-84.1450,-250.1374,35.1985
2727623,-0.5012,0.3870,0.8503,-77.8779,-250.1374,36.9389
2727637,-0.4692,0.3850,0.9424,-67.4809,-250.1374,38.2366
2727643,-0.4480,0.4121,0.9819,-62.8321,-250.1374,36.2519
2727653,-0.4307,0.3994,0.9666,-54.7710,-250.1374,32.0916
2727663,-0.4055,0.3762,0.9790,-47.1908,-250.1374,29.4656
2727673,-0.3525,0.3521,1.0054,-43.7405,-250.1374,29.1756
2727683,-0.3135,0.3691,1.0476,-48.0763,-246.8702,31.5267
2727693,-0.2744,0.3789,1.0662,-54.0305,-228.4198,33.0763
2727703,-0.2688,0.3606,1.0784,-55.5496,-205.4886,31.8473
2727713,-0.2053,0.3901,1.1372,-51.5191,-180.2672,27.3206
2727723,-0.1279,0.4209,1.1985,-45.5344,-152.9466,21.8626
2727733,-0.1067,0.4045,1.2017,-37.0153,-122.7557,14.7328
2727743,-0.0667,0.3936,1.1931,-23.0687,-89.8397,9.7176
2727753,-0.0327,0.4038,1.1494,-9.1756,-58.2901,4.6260
2727763,-0.0293,0.3682,1.0471,1.6107,-37.0687,2.2672
2727773,-0.0266,0.3484,1.0193,5.5802,-22.9542,0.2061
2727783,-0.0212,0.3308,1.0117,3.6336,-13.9160,-0.8397
2727794,-0.0076,0.3257,0.9695,-2.7481,-8.9389,-1.0153
2727803,-0.0098,0.3184,0.9592,-9.2443,-9.4733,-2.1985
2727816,0.0173,0.3188,1.0872,-48.5038,-21.6718,-0.6412
2727823,-0.0298,0.2969,0.9529,-54.5802,-23.0153,-0.7786
2727833,-0.0696,0.2942,0.9810,-50.3817,-21.8855,-2.9847
2727843,-0.0771,0.3113,1.0684,-48.0840,-21.3130,-3.0763
2727853,-0.0820,0.3152,1.1038,-49.1985,-20.8168,-2.4427
2727863,-0.0659,0.3098,1.1912,-46.8473,-20.4580,-1.5725
2727873,-0.0679,0.3101,1.2429,-40.4275,-17.6412,-1.0305
2727883,-0.0623,0.3162,1.2554,-31.3893,-12.1603,-0.0611
2727893,-0.0740,0.3257,1.2598,-22.5954,-6.0382,-1.3740
2727903,-0.0608,0.3242,1.2466,-14.8550,-0.9924,-3.7405
2727913,-0.0581,0.3042,1.2261,-9.2519,2.4580,-6.3359
2727923,-0.0559,0.3008,1.2024,-7.5267,3.2214,-6.6336
2727933,-0.0701,0.3035,1.1941,-6.0916,5.6336,-6.5038
2727943,-0.0596,0.2991,1.1816,-4.3359,9.8626,-5.8473
2727953,-0.0615,0.3145,1.1667,-1.6107,14.2672,-5.5802
2727963,-0.0571,0.3149,1.1682,3.4122,17.9008,-6.3969
2727973,-0.0571,0.3235,1.1365,7.0229,20.1679,-6.3130
2727983,-0.0522,0.3181,1.1187,10.4733,21.5802,-7.4046
2727993,-0.0505,0.3101,1.0942,10.9618,20.8168,-7.1832
2728003,-0.0625,0.3008,1.0767,9.9618,19.2137,-6.4809
2728017,-0.0986,0.2881,1.0444,4.9924,13.9466,-4.9542
2728023,-0.1033,0.2881,1.0303,2.4351,12.5802,-4.1527
2728033,-0.1152,0.2937,1.0107,-0.3664,12.7252,-3.8321
2728043,-0.1033,0.2812,0.9976,-3.6412,14.5573,-3.2595
2728053,-0.1011,0.2908,1.0005,-5.3206,18.5344,-3.9237
2728063,-0.1108,0.2900,1.0203,-6.3817,24.4809,-5.2824
2728073,-0.1165,0.2861,1.0156,-6.8092,31.3435,-4.7405
2728083,-0.1208,0.2910,1.0264,-7.0153,37.8092,-4.5420
2728093,-0.1162,0.2932,1.0295,-7.5802,44.4427,-4.7099
2728103,-0.1165,0.2954,1.0142,-9.6183,46.9313,-5.4580
2728113,-0.0984,0.2827,1.0007,-11.6107,46.8626,-7.1221
2728123,-0.0994,0.2793,0.9971,-11.8321,43.6107,-7.6031
2728133,-0.1255,0.2791,0.9951,-11.8473,37.8779,-7.1450
2728143,-0.1404,0.2634,1.0037,-13.2595,30.7863,-6.0305
2728155,-0.1191,0.2524,1.0376,-16.4733,22.1603,-4.7634
2728163,-0.1145,0.2695,1.0535,-16.9313,17.9924,-4.6794
2728174,-0.1238,0.2832,1.1067,-16.5802,14.2137,-3.6641
2728183,-0.1321,0.2964,1.1565,-18.3435,12.9771,-3.3053
2728197,-0.1521,0.3086,1.1560,-20.8702,14.3359,-3.6870
2728203,-0.1609,0.3042,1.1531,-21.2443,15.1679,-3.3664
2728213,-0.1604,0.2832,1.1689,-20.0305,15.3053,-1.5496
2728224,-0.1550,0.2864,1.2036,-18.9695,14.8855,0.1832
2728233,-0.1526,0.2832,1.2214,-19.9237,14.2443,0.1985
2728243,-0.1477,0.2690,1.2314,-18.6870,12.3130,0.3817
2728253,-0.1436,0.2793,1.2410,-16.8702,9.2672,0.5038
2728263,-0.1157,0.2686,1.2375,-14.6718,5.6183,0.6718
2728273,-0.1206,0.2668,1.2185,-12.7939,1.4427,0.0000
2728283,-0.1245,0.2595,1.2246,-10.8550,-2.7634,0.0458
2728293,-0.1316,0.2676,1.2249,-6.5420,-5.3969,-1.0153
2728303,-0.1274,0.2742,1.2302,-0.5267,-5.7023,-2.8931
2728313,-0.1384,0.2769,1.2283,4.6183,-4.3969,-4.7328
2728322,-0.1311,0.2725,1.2188,10.7328,-2.2672,-5.7328
2728332,-0.1372,0.2747,1.1968,17.6870,1.0916,-7.2214
2728342,-0.1360,0.2668,1.1880,22.9542,4.4046,-8.3969
2728352,-0.1350,0.2637,1.1748,25.1450,7.7786,-8.1069
2728362,-0.1360,0.2607,1.1482,25.9008,10.6183,-7.9771
2728372,-0.1394,0.2749,1.1309,25.4504,12.1221,-8.1527
2728382,-0.1323,0.2664,1.0969,25.7099,12.2137,-8.5878
2728392,-0.1306,0.2686,1.0613,26.5878,11.0534,-8.9695
2728402,-0.1465,0.2649,1.0183,26.6183,8.2595,-11.2366
2728412,-0.1553,0.2476,0.9692,25.6107,5.4809,-12.0840
2728422,-0.1768,0.2371,0.8918,21.6107,1.0458,-11.9695
2728432,-0.2102,0.2358,0.8435,16.0992,-2.4885,-10.3893
2728442,-0.2356,0.2400,0.8022,8.0076,-4.0000,-9.1450
2728452,-0.2449,0.2361,0.7954,-0.9237,-3.6107,-7.9237
2728462,-0.2510,0.2307,0.8135,-13.2137,-0.4427,-6.4504
2728472,-0.2610,0.2251,0.8350,-25.6031,5.2595,-4.9160
2728482,-0.2803,0.2395,0.8491,-35.0611,10.7252,-1.9466
2728492,-0.2817,0.2615,0.8931,-41.3359,14.8931,2.3435
2728502,-0.2388,0.2639,0.9639,-42.8702,17.0305,6.1908
2728512,-0.2185,0.2639,1.0410,-42.0382,17.7634,8.2595
2728522,-0.2021,0.2498,1.0938,-39.6718,17.5878,7.3893
2728532,-0.1887,0.2305,1.1460,-37.0534,15.1985,7.2061
2728542,-0.1858,0.2300,1.2261,-36.3740,9.2443,9.1756
2728552,-0.1670,0.2378,1.3013,-36.0534,3.8244,12.0382
2728564,-0.1470,0.2488,1.3577,-31.2214,-2.2672,12.4733
2728573,-0.1299,0.2573,1.4050,-25.6565,-5.8015,11.6565
2728583,-0.0974,0.2610,1.4744,-17.4122,-9.4046,9.7405
2728593,-0.0884,0.2695,1.4905,-3.8473,-12.2977,5.3740
2728603,-0.0840,0.2932,1.5569,8.8702,-13.9618,-0.0153
2728613,-0.0957,0.2957,1.5381,21.4046,-15.5420,-4.0000
2728623,-0.1018,0.3015,1.4880,34.6565,-17.8473,-7.1985
2728633,-0.1106,0.2998,1.4280,46.8626,-19.0992,-9.5344
2728643,-0.1199,0.2974,1.3792,55.9542,-19.2977,-11.4962
2728653,-0.1362,0.2891,1.3140,60.8855,-17.1450,-13.2519
2728663,-0.1523,0.2827,1.2280,65.8015,-14.9237,-14.5496
2728672,-0.1653,0.2871,1.1572,68.5878,-12.8321,-14.6718
2728683,-0.1799,0.2839,1.0913,67.4657,-10.7939,-14.3817
2728693,-0.1843,0.2561,0.9795,65.5878,-9.3435,-12.9542
2728703,-0.1895,0.2581,0.8933,62.9389,-8.2214,-11.8015
2728713,-0.1953,0.2534,0.8406,58.7939,-6.1450,-11.4504
2728723,-0.1802,0.2383,0.7778,51.3893,-3.1450,-11.7023
2728732,-0.1816,0.2380,0.7002,43.9389,0.0916,-11.9695
2728742,-0.1882,0.2466,0.6284,35.2443,3.2977,-11.2137
2728753,-0.1855,0.2493,0.5657,23.0076,7.2290,-10.2214
2728763,-0.1790,0.2476,0.5283,12.5954,12.0916,-8.7710
2728773,-0.1760,0.2517,0.4832,1.0763,18.3435,-8.0000
2728783,-0.1619,0.2402,0.4426,-10.7634,24.4809,-6.9466
2728795,-0.1079,0.2126,0.4448,-27.6489,31.6107,-5.4885
2728803,-0.0920,0.2097,0.4683,-40.4733,34.9618,-4.3359
2728813,-0.0935,0.2310,0.5459,-62.3359,34.5038,-2.9695
2728822,-0.0811,0.2173,0.6899,-81.0382,32.1985,-1.3893
2728832,-0.0916,0.2080,0.8384,-91.1527,23.2901,-0.3969
2728843,-0.0901,0.2031,1.0269,-98.2519,10.2824,0.3206
2728853,-0.1042,0.2256,1.1653,-100.1298,-8.0611,0.2672
2728863,-0.1118,0.2542,1.3188,-99.5038,-29.4122,1.3053
2728872,-0.1311,0.2480,1.4636,-92.5115,-50.0992,3.3969
2728882,-0.1589,0.2561,1.6128,-82.9542,-66.9160,4.0076
2728892,-0.1580,0.2539,1.7781,-70.2901,-77.7634,2.7176
2728905,-0.1628,0.2878,1.9233,-48.2061,-77.3282,-1.6794
2728913,-0.1880,0.3423,1.9346,-32.4046,-69.5649,-6.8550
2728923,-0.1855,0.3560,1.9619,-6.7328,-51.0840,-10.4580
2728933,-0.2073,0.3613,1.8784,21.0992,-29.2366,-14.1221
2728943,-0.2012,0.3459,1.7708,47.1603,-8.5725,-17.3206
2728953,-0.1860,0.3074,1.6365,67.4885,8.9084,-18.9008
2728963,-0.1697,0.2966,1.4736,83.1832,18.3969,-20.1298
2728973,-0.1604,0.2761,1.3406,90.4733,22.1756,-20.7481
2728982,-0.1460,0.2441,1.2017,93.2977,18.8931,-20.0916
2728993,-0.1301,0.2222,1.0808,86.3664,11.3359,-16.3740
2729003,-0.1233,0.2148,0.9653,76.4809,3.9542,-13.0611
2729013,-0.1133,0.2017,0.8816,66.5115,-3.2061,-9.3130
2729023,-0.1150,0.2085,0.8118,58.0153,-8.1679,-5.9618
2729033,-0.1133,0.2185,0.7661,48.6107,-8.4504,-5.5420
2729043,-0.1001,0.1748,0.7566,38.4198,-3.6412,-3.5038
2729053,-0.0959,0.1729,0.6785,30.5954,2.2672,-2.9771
2729067,-0.0916,0.2051,0.5957,22.0229,12.8779,-7.6183
2729073,-0.0789,0.2190,0.5627,17.6031,17.4733,-9.2519
2729083,-0.0713,0.2388,0.5327,9.0382,24.4580,-10.6031
2729097,-0.0378,0.2473,0.4204,-2.2824,30.1756,-11.2824
2729103,-0.0098,0.2395,0.4114,-6.7176,30.8931,-11.1679
2729113,0.0242,0.2368,0.3948,-16.6947,29.1679,-8.7099
2729123,0.0332,0.2605,0.4480,-33.1298,22.0076,-6.1069
2729133,0.0549,0.2278,0.5596,-54.9771,12.2214,-6.0076
2729145,0.0042,0.1951,0.7646,-82.6489,-2.1450,-9.8855
2729153,-0.0505,0.2056,0.9270,-97.5420,-11.7023,-10.6641
2729163,-0.0842,0.2449,1.1282,-110.8321,-25.5954,-8.2519
2729173,-0.1333,0.2507,1.3784,-115.6336,-38.2748,-4.2137
2729183,-0.1746,0.2854,1.6113,-112.4809,-47.3053,-0.1374
2729193,-0.2129,0.3342,1.7800,-95.2901,-50.0382,0.5038
2729203,-0.2397,0.3586,1.9185,-71.1069,-48.0687,-1.7939
2729213,-0.2510,0.3303,1.9999,-43.4351,-42.2061,-4.2901
2729226,-0.2605,0.3516,1.9999,-12.6794,-33.1069,-5.3282
2729233,-0.2495,0.3625,1.9999,3.3511,-28.7405,-5.3969
2729243,-0.2334,0.3699,1.8889,31.9466,-22.9542,-5.1069
2729253,-0.2068,0.3672,1.7607,58.5344,-17.4504,-5.0153
2729263,-0.1685,0.3357,1.6194,78.0992,-11.0840,-4.6565
2729273,-0.1514,0.3062,1.4414,91.6870,-5.3359,-4.5954
2729283,-0.1255,0.2549,1.2595,100.3969,-0.6947,-4.5802
2729293,-0.1257,0.2346,1.1213,104.2901,3.6947,-5.7481
2729302,-0.1262,0.2314,1.0090,102.2672,7.0763,-6.8626
2729313,-0.0845,0.2185,0.8608,93.3130,9.7023,-5.3053
2729323,-0.0552,0.2046,0.7739,78.3817,12.6260,-3.1145
2729333,-0.0500,0.1951,0.6721,63.1374,15.3664,-0.9237
2729342,-0.0464,0.1980,0.6101,49.7786,16.0840,0.0992
2729352,-0.0293,0.1924,0.5613,35.5649,17.2748,0.7099
2729363,-0.0220,0.1956,0.5129,20.6947,19.1069,0.0763
2729373,-0.0088,0.2075,0.4678,8.2977,22.4733,-0.4046
2729388,0.0007,0.2158,0.4089,-8.3206,29.1756,-1.0687
2729393,0.0027,0.2187,0.4031,-14.2901,32.7710,-1.0763
2729402,0.0164,0.2134,0.4075,-26.9695,40.9542,-2.5191
2729413,0.0020,0.2078,0.4617,-44.5038,49.1450,-3.1298
2729423,-0.0225,0.1936,0.5554,-63.8931,54.8168,-5.4351
2729433,-0.0659,0.1650,0.6704,-81.6260,52.3435,-7.8168
2729442,-0.1211,0.1726,0.8542,-98.5649,40.4427,-7.9466
2729458,-0.1665,0.1995,1.1665,-118.9237,7.8015,-0.3588
2729463,-0.1682,0.1882,1.3020,-123.3130,-6.4198,5.1069
2729473,-0.2170,0.2122,1.5103,-121.5420,-34.3740,13.8779
2729483,-0.2532,0.2705,1.6982,-105.1756,-58.7710,17.2824
2729493,-0.2388,0.2859,1.8469,-78.6412,-73.7786,16.8855
2729503,-0.2432,0.2966,1.9751,-48.3817,-75.4885,14.8321
2729513,-0.2539,0.3218,1.9999,-22.5038,-62.6947,10.6794
2729522,-0.2288,0.3308,1.9999,1.8244,-41.1298,6.6718
2729532,-0.1963,0.3535,1.9258,30.7023,-14.6031,2.3817
2729543,-0.1511,0.3467,1.7449,62.8931,11.5038,-2.1145
2729553,-0.1143,0.3096,1.6187,85.0916,32.6565,-5.4122
2729563,-0.0864,0.2917,1.4441,99.5878,47.0458,-8.6870
2729573,-0.0632,0.2827,1.2654,106.1985,51.9237,-9.8779
2729583,-0.0542,0.2671,1.0972,104.7405,48.3359,-10.9771
2729592,-0.0400,0.2449,0.9355,99.1221,37.5573,-8.9924
2729602,-0.0283,0.2356,0.8081,88.6870,21.6565,-5.6718
2729613,-0.0112,0.2354,0.7295,72.4580,3.8779,-1.2672
2729623,0.0012,0.2173,0.6904,56.1450,-9.9847,2.5573
2729632,0.0063,0.2195,0.6479,40.0000,-18.6336,4.5725
2729646,-0.0010,0.2485,0.5852,21.9771,-21.2824,3.7863
2729653,0.0222,0.2542,0.5500,15.9618,-17.0916,1.6412
2729663,0.0342,0.2610,0.5295,9.9618,-5.8092,-2.9542
2729672,0.0610,0.2593,0.5005,3.1145,7.7557,-5.6947
2729682,0.0840,0.2676,0.4985,-6.8244,19.8168,-7.9008
2729693,0.0925,0.2632,0.5200,-20.2748,30.4962,-10.3664
2729703,0.0808,0.2380,0.5601,-33.7176,35.9847,-15.0534
2729713,0.0413,0.2241,0.6309,-50.9008,31.4733,-19.1221
2729723,-0.0063,0.2283,0.7720,-70.5191,16.7863,-21.2366
2729733,-0.0857,0.2070,0.9470,-88.2443,-3.0840,-21.0382
2729742,-0.1748,0.2114,1.1533,-98.8015,-26.1603,-15.5191
2729753,-0.2539,0.2410,1.4016,-101.7481,-46.6794,-7.5420
2729763,-0.3071,0.2671,1.6423,-97.3053,-60.1298,-0.6183
2729773,-0.3567,0.2810,1.8521,-85.7786,-66.0687,2.1145
2729783,-0.3635,0.2949,1.9702,-62.5649,-65.1221,4.2137
2729793,-0.3596,0.3821,1.9999,-35.5954,-54.1069,5.8397
2729803,-0.3135,0.4080,1.9999,-1.7557,-34.5496,5.7328
2729813,-0.2732,0.3950,1.9561,38.1985,-14.0916,3.5191
2729823,-0.1936,0.3779,1.7913,73.5649,3.8855,-0.2214
2729833,-0.1501,0.3176,1.6257,96.9695,17.5725,-2.5267
2729843,-0.1169,0.3130,1.4272,110.0305,22.8015,-3.8779
2729853,-0.1023,0.2922,1.2397,111.8168,21.7557,-2.7481
2729863,-0.0842,0.2654,1.0779,107.4351,13.8244,1.0382
2729873,-0.0708,0.2595,0.9568,96.6947,1.5038,5.3053
2729883,-0.0522,0.2527,0.8430,83.7328,-12.8321,10.3969
2729893,-0.0396,0.2515,0.7910,72.4962,-25.8931,15.2672
2729903,-0.0312,0.2617,0.7522,62.3130,-34.2672,16.1603
2729913,-0.0122,0.2319,0.7026,55.2977,-37.3435,14.9237
2729923,-0.0007,0.2268,0.6638,48.2672,-36.0763,13.1756
2729933,0.0369,0.1697,0.5635,48.9618,-30.4580,12.1374
2729943,0.0576,0.1433,0.5071,53.2137,-16.4198,7.0992
2729953,0.0833,0.1624,0.4937,50.5344,0.9847,0.8626
2729963,0.0930,0.1868,0.4077,40.4504,17.8168,-4.5802
2729973,0.0969,0.1545,0.3066,27.5191,31.7481,-8.8244
2729983,0.1189,0.1477,0.1995,14.6183,42.6489,-13.8397
2729993,0.1409,0.1436,0.1689,-2.1679,50.9008,-19.2977
2730003,0.1323,0.1221,0.1580,-24.6870,55.9389,-25.1450
2730013,0.1274,0.1274,0.1555,-47.2061,57.4809,-28.9695
2730023,0.0708,0.1836,0.2349,-75.0992,55.4885,-32.0840
2730033,0.0112,0.1895,0.3987,-108.4351,47.5191,-31.6107
2730043,-0.0625,0.1831,0.5901,-137.7328,36.6794,-26.9695
2730053,-0.0945,0.1519,0.8289,-153.4046,25.1298,-20.2824
2730063,-0.1592,0.1985,1.1445,-164.0076,12.8931,-15.2748
2730073,-0.1946,0.2727,1.4749,-169.5802,5.2290,-13.2443
2730083,-0.2483,0.3125,1.7549,-162.8397,-2.2977,-12.5496
2730093,-0.2598,0.3582,1.9999,-148.0382,-6.5038,-9.8550
2730103,-0.2666,0.3630,1.9999,-126.5115,-9.4122,-6.3282
2730113,-0.2676,0.4290,1.9999,-104.4427,-13.1450,-2.2366
2730123,-0.2549,0.4963,1.9999,-79.1145,-17.2214,-0.0229
2730133,-0.2500,0.5022,1.9999,-48.6183,-20.4122,2.0153
2730143,-0.2090,0.5220,1.9999,-16.6031,-22.0840,5.0382
2730153,-0.1301,0.5459,1.9999,17.1145,-22.6412,8.3435
2730163,-0.0542,0.5630,1.9999,50.1679,-22.2672,8.0611
2730173,-0.0110,0.5315,1.9999,80.6870,-20.9847,5.3817
2730183,0.0105,0.4844,1.9999,105.1145,-21.0992,1.5115
2730193,0.0007,0.4341,1.8694,120.1450,-24.5954,-0.8550
2730203,-0.0061,0.4001,1.7161,128.9695,-30.8626,-2.7099
2730213,-0.0339,0.3667,1.5796,133.8779,-39.3359,-3.3969
2730223,-0.0776,0.3372,1.4360,135.0763,-48.4656,-2.0382
2730233,-0.1042,0.3054,1.2837,138.0687,-54.3130,-0.9924
2730243,-0.1067,0.2815,1.1687,137.1145,-56.2061,1.1374
2730253,-0.1204,0.2610,1.0518,132.2748,-53.3511,2.8015
2730263,-0.1160,0.2244,0.9475,127.2748,-46.5802,4.9389
2730273,-0.1099,0.1748,0.8833,120.3969,-37.4504,5.7405
2730283,-0.1284,0.1768,0.8159,108.0458,-28.9771,3.6641
2730293,-0.1418,0.1846,0.7283,94.0153,-24.8626,3.3359
2730303,-0.1606,0.1787,0.6492,82.1450,-25.1145,5.7557
2730313,-0.1597,0.1760,0.5603,71.3282,-29.3282,10.6412
2730323,-0.1699,0.1914,0.5044,62.9771,-35.8244,16.1832
2730333,-0.1577,0.1750,0.4668,57.5725,-42.2061,20.8473
2730343,-0.1475,0.1638,0.4302,50.7481,-45.2366,24.6031
2730353,-0.1350,0.1440,0.3979,46.2214,-45.4885,27.0076
2730363,-0.1052,0.1294,0.3979,39.0305,-42.0916,27.2519
2730373,-0.0825,0.1230,0.3743,29.1069,-34.5954,25.3588
2730383,-0.0417,0.1355,0.3604,19.5038,-24.2748,21.9389
2730394,0.0105,0.0901,0.3491,11.0153,-7.8931,16.9008
2730403,0.0110,0.1028,0.3354,3.8779,6.1221,13.1221
2730413,0.0237,0.1448,0.2991,-3.8855,19.6718,8.8244
2730423,0.0496,0.1487,0.2822,-12.8168,31.0458,4.6794
2730433,0.0569,0.1255,0.2314,-23.6336,41.4504,1.0840
2730443,0.0603,0.1396,0.1953,-38.8550,49.8702,-2.2901
2730453,0.0681,0.1348,0.1936,-59.0458,58.6641,-5.9237
2730463,0.0671,0.1338,0.2036,-81.5267,68.9237,-10.9542
2730473,0.0410,0.1111,0.2073,-101.8550,79.5038,-17.6947
2730483,-0.0093,0.0920,0.2468,-122.7481,89.5343,-25.1908
2730493,-0.0479,0.0754,0.3047,-146.4657,99.3511,-29.5496
2730503,-0.1008,0.0603,0.4128,-173.9237,104.2137,-27.9160
2730513,-0.1643,0.0620,0.5398,-199.9618,107.4657,-23.7634
2730523,-0.2019,0.0825,0.7061,-218.0076,106.0153,-16.2519
2730533,-0.2070,0.0920,0.8325,-223.6031,104.7176,-8.0000
2730543,-0.2292,0.0623,0.9226,-209.4198,103.5038,-5.5115
2730553,-0.2231,0.0461,1.0857,-195.1450,100.1069,-7.2061
2730563,-0.1577,0.0498,1.2566,-197.3206,94.4122,-11.0840
2730573,-0.1799,-0.0166,1.3135,-203.5573,81.9924,-11.8321
2730583,-0.1440,-0.0029,1.4949,-209.7557,65.0458,-7.9847
2730593,-0.1091,0.0549,1.6499,-206.2443,52.8779,-6.6489
2730603,-0.0798,-0.0078,1.7644,-189.0916,45.0305,-9.1145
2730613,-0.0732,0.0146,1.8447,-169.4122,39.7176,-12.1374
2730623,-0.0854,0.0271,1.8958,-153.5573,37.3359,-14.9008
2730633,-0.1335,-0.0283,1.9910,-142.5802,32.3893,-13.5573
2730643,-0.1145,-0.0120,1.9999,-135.1145,25.5573,-9.0076
2730653,-0.0947,-0.0156,1.9999,-122.1985,18.8321,-6.3130
2730663,-0.1055,-0.0793,1.9999,-102.2061,11.7939,-7.8855
2730673,-0.1270,-0.1016,1.9999,-81.5725,6.7863,-12.5496
2730683,-0.2236,-0.0247,1.9999,-43.7405,3.0000,-18.8626
2730693,-0.2119,-0.0845,1.9999,-20.8855,4.8244,-24.0687
2730703,-0.2546,-0.0215,1.9999,-7.3435,-0.3893,-23.1985
2730713,-0.2861,-0.0518,1.9999,5.4656,-9.4198,-17.4962
2730723,-0.3313,-0.1216,1.9861,23.2366,-19.6336,-9.0840
2730733,-0.3401,-0.0315,1.9189,37.1221,-24.8015,-5.5496
2730743,-0.3403,-0.0334,1.8406,50.3053,-26.8473,-3.3511
2730753,-0.3247,-0.0498,1.7576,63.1374,-25.3130,-0.8244
2730763,-0.3003,-0.0288,1.6782,72.7939,-21.4198,1.3359
2730773,-0.2734,-0.0330,1.5977,84.6794,-16.8397,4.6260
2730783,-0.2517,0.0210,1.6621,92.6718,-12.8473,8.8550
2730793,-0.2239,-0.0520,1.5703,99.5496,-7.9389,11.2901
2730803,-0.1941,-0.0439,1.5015,107.3435,-5.3206,9.8473
2730813,-0.1738,-0.0361,1.4260,117.2137,-5.4122,7.0076
2730823,-0.1870,-0.0291,1.3726,124.5878,-10.5038,5.0153
2730850,-0.2090,0.0012,1.2576,140.3206,-40.7252,5.0840
2730854,-0.1982,-0.0112,1.2578,142.7863,-45.2137,6.3511
2730857,-0.1987,-0.0234,1.2468,145.3893,-49.0763,7.2137
2730863,-0.2024,-0.0232,1.2317,150.6412,-55.6489,8.4351
2730873,-0.2224,-0.0059,1.1416,159.7557,-63.9084,8.5878
2730883,-0.2263,0.0122,1.0859,164.2214,-69.5343,9.1374
2730893,-0.2561,-0.0098,0.9932,167.8931,-72.1298,10.4809
2730903,-0.2688,-0.0090,0.9492,169.7176,-75.4962,14.3588
2730914,-0.2607,0.0215,0.9265,167.0000,-77.0076,18.8092
2730923,-0.2332,0.0266,0.8672,167.2519,-76.6947,19.2672
2730933,-0.2354,0.0227,0.8066,167.6641,-75.9237,17.9313
2730943,-0.2239,0.0654,0.7834,161.8244,-76.4809,19.6870
2730953,-0.1914,0.1064,0.7654,151.8168,-76.6260,23.8931
2730963,-0.1682,0.1265,0.6792,151.0153,-76.9542,29.0382
2730973,-0.1616,0.1528,0.6785,151.4886,-77.7328,34.0000
2730983,-0.1316,0.1108,0.6401,149.8550,-78.0229,35.3206
2730993,-0.0952,0.0688,0.6013,151.6794,-72.2137,31.3359
2731003,-0.0015,-0.0664,0.4419,161.9695,-60.9542,24.9084
2731013,-0.0046,0.0127,0.3142,165.3893,-47.9313,14.4046
2731023,-0.0564,0.0583,0.2393,156.0076,-32.0076,-1.8092
2731033,-0.0657,0.0769,0.0991,145.0763,-18.6565,-15.0916
2731043,-0.0981,0.1152,0.0798,136.2977,-5.6489,-20.8397
2731053,-0.1116,0.1372,0.0642,120.1908,7.5649,-21.6336
2731063,-0.0955,0.1482,0.0154,91.4504,22.2595,-20.6870
2731073,-0.0886,0.1260,-0.0247,55.6718,33.4504,-22.3435
2731083,-0.0354,0.0662,-0.0759,21.8473,44.4427,-26.4733
2731093,-0.0637,0.0588,-0.1860,-4.5191,64.5878,-37.3969
2731103,-0.0281,0.0337,-0.1831,-34.8702,76.1374,-47.6107
2731113,0.0320,0.0303,-0.2046,-74.2748,89.3435,-51.9084
2731123,-0.0254,0.0347,-0.1819,-112.2901,103.5191,-51.6718
2731133,0.0781,0.2102,0.2732,-147.4733,124.0763,-53.5267
2731143,-0.0667,0.0779,0.1704,-185.7634,129.5038,-56.5954
2731152,-0.1846,0.0549,0.3315,-223.4580,125.6870,-58.0229
2731163,-0.1775,0.0166,0.5591,-250.1374,130.5954,-59.0534
2731173,-0.2397,0.0862,0.8521,-250.1374,129.3969,-58.2214
2731183,-0.2344,0.2202,1.1702,-250.1374,128.5954,-52.5038
2731194,-0.2456,0.2622,1.4958,-250.1374,117.7405,-46.1985
2731203,-0.1963,0.2625,1.6687,-245.0763,100.3588,-41.1985
2731215,-0.1301,0.3225,1.8772,-194.8931,71.6336,-40.4733
2731223,-0.1172,0.3167,1.9873,-168.8168,54.1985,-42.2290
2731233,-0.1716,0.2703,1.9999,-153.0458,31.8626,-41.1145
2731242,-0.1726,0.3403,1.9999,-143.4580,11.1756,-35.1221
2731252,-0.2075,0.4180,1.9999,-131.6031,-4.4885,-26.4122
2731263,-0.2229,0.4470,1.9999,-110.3435,-8.1145,-20.4122
2731273,-0.2156,0.4600,1.9999,-78.1756,-2.8168,-22.0840
2731283,-0.2283,0.4617,1.9999,-46.8626,4.4809,-27.2443
2731293,-0.2678,0.4211,1.9999,-25.7710,9.5496,-30.0611
2731303,-0.2849,0.3770,1.9999,-14.4122,11.4733,-30.8779
2731313,-0.2686,0.3730,1.9028,-13.5267,9.0305,-30.2901
2731323,-0.2319,0.3452,1.7996,-18.3740,5.0382,-30.4733
2731333,-0.2324,0.2839,1.7139,-24.2977,2.1985,-32.2366
2731343,-0.3208,0.2373,1.6692,-30.9389,-2.2824,-32.3664
2731352,-0.3804,0.2881,1.7175,-36.9084,-10.0229,-22.3969
2731363,-0.3992,0.3054,1.7117,-26.9160,-15.9389,-7.9847
2731373,-0.3982,0.2659,1.6550,-6.2901,-18.4351,2.3969
2731383,-0.3918,0.2390,1.6257,8.1221,-17.1603,7.1069
2731393,-0.3718,0.1873,1.5540,14.4885,-15.0305,10.4275
2731403,-0.3704,0.1052,1.4700,14.3206,-13.5344,14.8397
2731413,-0.3640,0.1294,1.4102,6.2137,-11.3893,16.3282
2731423,-0.3125,0.1389,1.3860,-7.2901,-8.3053,18.6641
2731435,-0.2944,0.1296,1.4868,-19.9618,-2.9847,25.3893
2731443,-0.2805,0.1772,1.5591,-19.5954,0.4962,32.6718
2731453,-0.2478,0.1851,1.5659,-7.4198,7.5573,38.2443
2731462,-0.2300,0.1655,1.5825,8.7557,15.7405,38.8702
2731475,-0.2383,0.1394,1.5505,26.9618,22.2443,37.3282
2731483,-0.2725,0.1365,1.5356,36.3817,21.6336,38.0229
2731493,-0.2871,0.1108,1.5117,51.1908,17.1985,39.7710
2731503,-0.3081,0.0891,1.4436,71.8779,10.6412,38.4809
2731513,-0.2944,0.1123,1.3577,90.1908,2.0687,35.2366
2731528,-0.2852,0.0657,1.2725,105.8779,-15.5649,34.2977
2731533,-0.3015,0.0669,1.2295,108.4122,-23.7328,34.5725
2731543,-0.3071,0.0896,1.2070,110.8168,-38.3435,35.6489
2731555,-0.3103,0.0530,1.1226,117.4809,-55.7710,36.0153
2731563,-0.3320,0.0649,1.1409,120.5343,-67.7176,38.6031
2731573,-0.3384,0.0984,1.1536,129.5496,-78.3053,41.7634
2731583,-0.3579,0.0784,1.0811,147.4198,-86.2595,44.4580
2731593,-0.3687,0.0806,1.0281,167.9924,-90.3130,45.6183
2731603,-0.3552,0.0750,0.9250,188.1069,-88.7252,41.9008
2731613,-0.3455,0.0635,0.8467,205.0687,-87.5496,39.7863
2731623,-0.2966,-0.0112,0.7673,218.7634,-78.9771,36.3893
2731633,-0.2458,-0.0098,0.5784,235.3130,-66.0305,30.5038
2731643,-0.2034,-0.0327,0.4729,246.0763,-53.4122,28.8779
2731658,-0.1943,0.0415,0.3770,250.0992,-37.9771,29.6336
2731663,-0.1748,0.0525,0.3535,249.2366,-33.2061,32.0992
2731673,-0.1379,0.0686,0.2891,247.5802,-24.8779,34.8855
2731683,-0.0747,0.0654,0.1772,241.9542,-17.3282,34.5038
2731693,-0.0476,0.0283,0.1104,230.9771,-11.9008,33.8397
2731703,-0.0278,-0.0469,-0.0730,218.4046,-12.5573,30.9618
2731713,-0.0452,-0.0937,-0.2769,198.2901,-22.7710,17.4504
2731723,-0.0059,-0.1790,-0.4038,162.2672,-28.2137,0.9618
2731733,0.0669,-0.1924,-0.4163,104.9389,-42.3130,-12.1527
2731743,0.0833,-0.1221,-0.4985,35.0076,-55.6107,-16.0305
2731753,0.0781,-0.0063,-0.5364,-32.6718,-51.9008,-21.6565
2731763,0.0276,-0.0486,-0.4824,-104.7023,-39.7176,-25.6336
2731773,0.0247,-0.0164,-0.3984,-171.3740,-12.4275,-30.8244
2731784,-0.0396,0.0061,-0.1733,-228.4809,10.0076,-34.1679
2731793,-0.0037,0.1562,0.0767,-250.1374,31.3588,-35.5725
2731803,-0.0413,0.0911,0.2585,-250.1374,69.0305,-39.9313
2731813,-0.0864,0.0796,0.4736,-250.1374,101.7176,-47.7328
2731822,-0.0525,0.1814,0.7383,-250.1374,131.6870,-56.3969
2731835,-0.0334,0.2974,1.2427,-250.1374,161.6870,-65.8626
2731843,-0.0891,0.3252,1.4441,-250.1374,169.1756,-74.8473
2731853,-0.1321,0.3040,1.5938,-250.1374,171.7481,-84.7099
2731863,-0.1741,0.3101,1.7236,-249.6336,163.1985,-88.4962
2731873,-0.3442,0.3525,1.8140,-219.7176,144.4657,-81.7176
2731883,-0.3867,0.4053,1.9575,-190.8550,117.0916,-64.0458
2731893,-0.3896,0.4788,1.9999,-169.6641,88.3359,-47.5573
2731903,-0.3708,0.4595,1.9999,-151.2137,62.1374,-37.4504
2731913,-0.3225,0.4971,1.9999,-127.9695,37.4427,-31.9771
2731923,-0.3027,0.5137,1.9999,-102.1832,14.8015,-29.9084
2731933,-0.2913,0.5166,1.9999,-82.2901,0.2672,-29.7481
2731943,-0.2932,0.4722,1.9999,-58.8626,-8.9847,-30.3969
2731953,-0.3313,0.4414,1.9999,-39.8931,-14.6107,-29.2901
2731963,-0.3201,0.3921,1.9954,-30.3969,-17.3282,-26.2214
2731973,-0.3450,0.4128,1.9211,-26.6718,-18.7405,-22.3206
2731983,-0.3840,0.3799,1.8442,-21.0305,-17.7405,-20.8779
2731993,-0.3962,0.3604,1.8320,-13.0000,-13.0458,-17.8397
2732003,-0.3999,0.3701,1.7712,-5.0000,-4.2901,-15.5191
2732013,-0.3989,0.3477,1.6836,0.7939,1.5649,-11.0382
2732023,-0.3933,0.3638,1.6550,5.8168,2.8244,-3.7023
2732033,-0.3936,0.3457,1.6328,13.2061,2.6565,4.0153
2732043,-0.3792,0.3142,1.5796,22.8855,1.6489,10.6794
2732053,-0.3521,0.2676,1.5378,29.9924,0.4962,15.3359
2732063,-0.3347,0.2227,1.4954,31.0916,-1.3206,18.3206
2732073,-0.3406,0.2419,1.4636,25.3969,-2.4656,21.3817
2732083,-0.3630,0.2388,1.4678,19.1298,-3.4885,24.7863
2732093,-0.3655,0.2307,1.5046,16.0000,-1.6794,28.6947
2732103,-0.3640,0.2668,1.5708,17.1985,2.5115,33.6565
2732113,-0.3564,0.2786,1.5989,24.7634,8.4275,37.1908
2732123,-0.3989,0.2727,1.6450,39.8550,13.3969,39.9008
2732133,-0.4050,0.3008,1.7026,56.6718,15.8626,46.1069
2732143,-0.4270,0.2510,1.6978,80.0382,17.1374,50.3969
2732153,-0.4500,0.2180,1.7004,105.6260,13.3282,52.5954
2732163,-0.4099,0.2056,1.6475,134.0229,7.8626,52.5191
2732173,-0.4080,0.2185,1.5183,163.9847,-0.1145,51.2061
2732183,-0.3926,0.2187,1.4353,188.1679,-13.0763,53.6565
2732193,-0.3735,0.1885,1.2983,207.9695,-24.9542,56.1450
2732203,-0.3940,0.1445,1.1238,222.5038,-41.2443,59.2214
2732213,-0.3896,0.1348,0.9705,230.4046,-57.2672,63.4198
2732223,-0.4006,0.1404,0.7915,233.6947,-75.0763,70.4351
2732233,-0.3838,0.1675,0.7290,229.6718,-91.9847,80.8779
2732243,-0.3298,0.1201,0.6343,227.9084,-102.0076,90.0000
2732253,-0.3225,0.0750,0.4683,231.6718,-109.0229,94.1221
2732263,-0.2856,0.0471,0.3687,235.7939,-110.1069,93.0763
2732273,-0.2400,-0.0083,0.2683,238.6107,-104.4580,87.0229
2732283,-0.2493,-0.0952,0.1128,239.0153,-96.2824,71.1145
2732293,-0.1282,-0.0950,-0.0215,230.9618,-87.0611,49.8168
2732303,-0.0198,-0.0320,-0.1423,208.5420,-85.0992,35.2901
2732313,0.0352,-0.0325,-0.2068,169.4886,-88.1832,28.7481
2732323,0.0674,-0.0930,-0.3496,125.4351,-84.6794,25.7328
2732333,0.0127,-0.0427,-0.4619,81.8244,-89.9313,22.3817
2732343,-0.0479,-0.1147,-0.7075,52.2519,-94.4122,18.9237
2732353,0.0347,0.0046,-0.5708,-14.3817,-81.4427,13.9771
2732363,0.0007,-0.0654,-0.6277,-67.0382,-67.4198,7.9542
2732373,0.0046,-0.1003,-0.5923,-117.0458,-42.1603,-0.3664
2732383,0.0146,-0.0476,-0.4810,-170.1679,-13.4504,-10.5573
2732393,0.0295,-0.0317,-0.3311,-225.2061,16.2214,-22.9847
2732403,-0.0054,-0.0308,-0.1257,-250.1374,38.2290,-36.9313
2732413,0.0603,0.0107,0.0408,-250.1374,72.5573,-46.7557
2732423,0.0493,0.0574,0.2639,-250.1374,108.3893,-54.7405
2732433,0.0281,0.0781,0.5310,-250.1374,144.6260,-57.3206
2732443,-0.0457,0.0881,0.7715,-250.1374,174.2290,-59.1527
2732453,-0.0593,0.0876,1.0867,-250.1374,198.8550,-63.1374
2732463,-0.1279,0.1296,1.3882,-250.1374,208.3130,-68.5649
2732473,-0.1790,0.0522,1.6414,-250.1374,209.0840,-74.8855
2732483,-0.1602,0.1289,1.8308,-250.1374,205.4427,-82.3435
2732493,-0.2751,0.1704,1.9338,-250.1374,192.5954,-89.8092
2732503,-0.3572,0.2039,1.9999,-242.3740,165.8473,-85.9008
2732513,-0.4185,0.2363,1.9999,-221.0153,131.2748,-75.5420
2732523,-0.4497,0.2454,1.9999,-195.0992,87.7405,-58.1374
2732533,-0.4609,0.2727,1.9999,-168.2290,45.4275,-42.0840
2732543,-0.4768,0.2363,1.9999,-142.5954,7.5725,-32.9695
2732553,-0.4783,0.1980,1.9999,-127.5420,-23.2901,-25.6031
2732563,-0.4714,0.2585,1.9999,-109.7099,-45.0840,-21.7863
2732573,-0.4695,0.1787,1.9999,-91.9924,-54.3817,-21.7863
2732583,-0.4949,0.1724,1.9999,-81.8855,-57.9542,-22.3664
2732593,-0.4910,0.2458,1.9999,-68.9313,-54.5954,-20.7176
2732603,-0.5269,0.2163,1.9999,-53.6489,-46.9847,-16.3206
2732613,-0.5278,0.2458,1.9999,-35.1832,-37.4046,-4.5420
2732623,-0.4812,0.2283,1.9999,-4.1374,-24.6947,6.5115
2732633,-0.4507,0.1885,1.9999,28.0992,-13.7481,12.6870
2732643,-0.4290,0.1665,1.9999,52.2366,-6.4504,16.6031
2732653,-0.3855,0.1257,1.9980,69.5573,-4.4809,19.9389
2732663,-0.3469,0.0967,1.9558,87.4885,-5.8015,22.8473
2732673,-0.3552,0.0835,1.9133,106.8473,-7.2290,21.6412
2732683,-0.3267,0.0911,1.8831,122.9389,-11.0382,21.9237
2732693,-0.3169,0.0906,1.7830,142.5038,-17.6107,22.3511
2732703,-0.3267,0.1052,1.7314,160.5802,-28.2672,27.6641
2732713,-0.3210,0.1174,1.6223,179.7328,-38.1145,31.7405
2732723,-0.3098,0.0598,1.4705,199.3893,-49.5267,33.4580
2732733,-0.2915,0.0039,1.3630,211.6794,-61.6489,34.0534
2732743,-0.3271,-0.0242,1.1997,218.6565,-75.3206,38.4656
2732753,-0.3677,0.0522,1.1477,220.4580,-94.8015,49.7328
2732763,-0.3933,0.0400,1.0671,226.7023,-111.1221,62.9389
2732773,-0.4170,0.0615,0.9541,244.3740,-126.0992,77.6260
2732783,-0.4478,0.1047,0.8931,250.1298,-134.9542,86.9160
2732793,-0.4402,0.0142,0.7107,250.1298,-133.8473,84.4657
2732803,-0.4397,-0.0125,0.5586,250.1298,-127.7405,76.9237
2732813,-0.4380,-0.0352,0.4121,250.1298,-119.1908,67.5725
2732823,-0.3735,-0.1050,0.3167,250.1298,-112.1145,64.7176
2732833,-0.2400,-0.1553,0.3003,250.1298,-102.1832,67.6031
2732843,-0.2026,-0.1479,0.1948,250.1298,-91.6031,64.8702
2732853,-0.1621,-0.0957,0.0491,250.1298,-84.3664,56.8244
2732863,-0.0562,-0.1394,-0.0479,250.1298,-85.3740,48.9618
2732873,0.0044,-0.1062,-0.2590,232.7939,-79.7481,34.8702
2732883,-0.0396,-0.1411,-0.3584,191.1985,-81.1603,22.3282
2732893,-0.1318,-0.2639,-0.4951,147.8321,-78.3130,10.5954
2732903,-0.1580,-0.2070,-0.5972,98.0992,-70.2595,1.2977
2732913,-0.1064,-0.1577,-0.6584,50.4046,-56.8473,-1.5496
2732923,-0.0684,-0.0342,-0.5278,-28.9084,-39.3511,-0.4046
2732933,-0.0913,-0.0835,-0.5049,-87.3740,-17.0076,-3.2824
2732943,-0.0879,-0.0479,-0.4180,-131.1985,6.5344,-9.1069
2732953,-0.0664,0.0342,-0.2583,-166.3893,27.8626,-16.5954
2732963,-0.0544,0.0364,-0.1611,-190.1985,53.2824,-28.0611
2732973,-0.0549,-0.0149,-0.0793,-206.5191,83.7252,-43.8244
2732983,-0.0803,0.0347,0.0203,-225.3893,114.3206,-55.0916
2732993,-0.0825,0.0537,0.0903,-247.4733,141.2901,-62.0382
2733003,-0.0432,0.0464,0.3342,-250.1374,161.7710,-65.3817
2733029,0.0576,0.2251,1.2666,-250.1374,176.4351,-66.7176
2733033,0.0442,0.2483,1.3599,-250.1374,176.0305,-67.0076
2733036,0.0142,0.2573,1.4368,-250.1374,174.6947,-67.8244
2733043,-0.0198,0.3157,1.7871,-250.1374,169.1374,-66.4885
2733053,0.0173,0.5010,1.9999,-250.1374,163.8168,-61.3511
2733063,0.0459,0.5044,1.9999,-250.1374,157.2824,-63.1374
2733077,0.0232,0.4973,1.9999,-246.0153,136.8550,-65.5725
2733083,0.0544,0.5269,1.9999,-227.0076,124.7176,-67.8702
2733093,-0.0015,0.3911,1.9999,-215.7328,98.2061,-69.3359
2733103,-0.0435,0.3499,1.9999,-229.0916,63.1756,-61.7786
2733113,-0.1365,0.4006,1.9999,-250.1374,28.6947,-47.6183
2733123,-0.2791,0.5059,1.9999,-250.1374,-10.8168,-25.2290
2733132,-0.2791,0.4839,1.9999,-235.9237,-32.3969,-13.0992
2733142,-0.2234,0.4460,1.9999,-156.6260,-39.6412,-12.0763
2733153,-0.2629,0.4592,1.9999,-80.8168,-38.5115,-11.2137
2733163,-0.2695,0.3462,1.9999,-31.5878,-36.4351,-12.1527
2733173,-0.3450,0.1965,1.9999,3.5878,-45.3282,-13.2137
2733183,-0.3440,0.1582,1.9999,18.4962,-52.3969,-16.3740
2733193,-0.3704,0.1284,1.9065,14.9313,-57.1374,-19.6641
2733203,-0.3926,0.0808,1.7405,2.7863,-59.1145,-19.6183
2733213,-0.4443,0.0742,1.6501,-10.8702,-57.7710,-14.2290
2733223,-0.4485,0.1091,1.6453,-22.5344,-61.3511,4.8168
2733233,-0.4390,0.1858,1.7104,-20.3053,-61.4504,24.8244
2733243,-0.3999,0.1541,1.7019,4.7786,-51.3130,32.3664
2733253,-0.3472,0.1179,1.7444,36.9313,-36.0916,32.0534
2733263,-0.2883,0.1116,1.7556,65.3588,-25.7481,32.6489
2733273,-0.2468,0.0059,1.6689,88.5649,-19.9618,32.3588
2733284,-0.2263,-0.0286,1.5483,106.5725,-17.3664,26.4122
2733293,-0.2058,-0.0256,1.5090,115.2748,-19.3664,22.9084
2733303,-0.2114,-0.0134,1.4722,127.1374,-23.8168,21.4504
2733313,-0.2371,0.0288,1.4604,142.6641,-33.1603,27.0305
2733323,-0.2380,0.0527,1.4373,163.9160,-40.3206,33.1527
2733333,-0.2607,-0.0027,1.3013,194.9160,-44.6718,33.7939
2733344,-0.2903,0.0010,1.2168,227.2519,-49.9771,30.3588
2733353,-0.2739,-0.0081,1.1248,247.4427,-53.5420,26.1832
2733363,-0.1926,-0.0696,1.0549,250.1298,-60.1985,29.5344
2733373,-0.1470,-0.1609,0.9287,250.1298,-65.1527,41.1679
2733383,-0.1855,-0.1284,0.7314,250.1298,-69.5802,48.6412
2733393,-0.1763,-0.0779,0.6528,250.1298,-76.5038,57.2672
2733403,-0.1616,-0.0869,0.5422,250.1298,-76.6031,60.6947
2733413,-0.1650,-0.0820,0.4658,250.1298,-79.0382,63.4198
2733423,-0.1570,-0.0527,0.4307,250.1298,-77.1450,64.9084
2733433,-0.1365,-0.0078,0.3760,250.1298,-72.7328,61.5649
2733443,-0.1392,0.0259,0.3867,250.1298,-65.0840,54.9237
2733453,-0.1592,-0.0059,0.3625,250.1298,-59.5954,37.6565
2733463,-0.0139,-0.0300,0.2395,250.1298,-51.8931,19.3893
2733473,0.0071,-0.0916,0.1406,250.1298,-46.6107,3.2672
2733483,0.1348,-0.2239,0.0698,249.0611,-42.2214,-5.5649
2733493,0.0898,-0.0972,-0.1055,210.6107,-42.5115,-19.7863
2733503,0.0618,-0.0366,-0.3452,168.8931,-33.5802,-36.2290
2733513,0.0303,-0.0195,-0.4878,117.8244,-34.3969,-50.6260
2733523,-0.0425,-0.0603,-0.5513,60.3511,-27.4656,-61.8626
2733536,-0.2134,-0.1240,-0.8645,-2.6183,-6.7481,-82.6107
2733543,-0.2112,-0.0461,-0.7964,-53.8321,10.8015,-91.9466
2733553,-0.2292,-0.0374,-0.7749,-125.4427,40.4198,-105.2137
2733563,-0.1895,-0.0222,-0.7761,-196.3206,74.5343,-112.0534
2733572,-0.2405,-0.0562,-0.6680,-250.1374,101.0000,-113.0382
2733582,-0.2029,-0.1321,-0.4639,-250.1374,122.6336,-108.9695
2733596,-0.2642,-0.1558,-0.0513,-250.1374,141.9237,-98.1221
2733603,-0.2180,-0.0701,0.1997,-250.1374,150.1069,-90.2214
2733613,-0.1448,-0.0283,0.6750,-250.1374,166.9008,-75.1527
2733623,-0.1848,-0.0017,1.0229,-250.1374,180.6107,-62.0229
2733633,-0.1770,0.0068,1.3896,-250.1374,190.5038,-58.9008
2733643,-0.0933,0.0117,1.8330,-250.1374,194.3817,-57.0840
2733653,-0.1333,0.0481,1.9999,-250.1374,189.0916,-54.0840
2733663,-0.2402,0.0161,1.9999,-250.1374,181.2672,-53.2901
2733673,-0.3437,0.0901,1.9999,-250.1374,165.2366,-51.5802
2733682,-0.3538,0.2251,1.9999,-250.1374,142.7481,-47.8321
2733692,-0.4006,0.2510,1.9999,-243.8779,118.1374,-51.0305
2733702,-0.4500,0.2312,1.9999,-187.5343,88.6260,-56.1679
2733712,-0.4990,0.2761,1.9999,-148.4657,48.1603,-48.3817
2733722,-0.5833,0.2891,1.9999,-122.9160,1.3969,-30.3053
2733732,-0.6055,0.3472,1.9999,-91.5343,-46.5725,-11.0840
2733742,-0.5937,0.3691,1.9999,-45.7252,-81.5649,0.4122
2733752,-0.6299,0.2898,1.9999,-7.8779,-100.7786,3.6260
2733762,-0.6904,0.2312,1.9999,20.8626,-107.7939,5.3130
2733772,-0.6707,0.2004,1.9999,39.7328,-104.5191,10.3511
2733782,-0.6536,0.2058,1.9999,55.7405,-92.3282,15.4504
2733792,-0.6038,0.2092,1.9999,67.6336,-75.2977,19.1221
2733802,-0.5557,0.1699,1.9999,86.2137,-58.0305,20.8855
2733812,-0.5159,0.1819,1.9999,104.5573,-44.5115,23.5802
2733822,-0.4780,0.1660,1.9482,122.3969,-34.6794,25.0534
2733832,-0.4526,0.1396,1.8262,139.2214,-34.6718,28.5802
2733842,-0.4231,0.1003,1.7820,146.3130,-42.9084,36.2519
2733852,-0.3979,0.0623,1.6526,160.5954,-51.9160,40.0076
2733862,-0.3887,0.0530,1.5161,178.4198,-62.5878,39.4733
2733872,-0.4058,0.0364,1.3865,192.2519,-74.1756,40.7557
2733882,-0.4207,0.0095,1.2249,208.5114,-86.7939,44.4733
2733892,-0.4321,0.0017,1.1133,219.4427,-97.9084,50.1450
2733902,-0.4221,0.0049,0.9780,226.9542,-105.3282,55.2443
2733912,-0.4124,-0.0256,0.8723,232.6107,-109.3511,60.0763
2733922,-0.3777,-0.0723,0.8040,236.2519,-108.0840,62.5115
2733932,-0.3462,-0.0752,0.6782,237.6718,-102.0229,62.4122
2733942,-0.3899,-0.0671,0.6001,238.7481,-96.1221,62.0305
2733952,-0.3887,-0.0808,0.5649,247.1832,-88.8092,61.5191
2733962,-0.3074,-0.0305,0.6042,250.1298,-79.4809,65.2519
2733972,-0.2771,-0.0823,0.5615,250.1298,-65.2366,61.1450
2733982,-0.1670,-0.2622,0.4041,250.1298,-49.3435,53.1603
2733992,-0.0698,-0.2839,0.3262,250.1298,-39.8626,46.2595
2734002,-0.0125,-0.2117,0.1262,250.1298,-36.7863,42.4580
2734012,0.0403,-0.0803,-0.0701,226.6183,-43.9695,36.5802
2734023,0.0659,-0.1121,-0.1484,187.6183,-57.0534,24.3053
2734033,0.0537,-0.1204,-0.1897,152.9084,-60.7710,14.0305
2734043,0.0063,-0.0703,-0.2275,121.3206,-59.0458,6.2977
2734052,-0.1057,-0.0635,-0.3330,101.7557,-47.9084,-2.9313
2734062,-0.1152,-0.1023,-0.4304,89.3359,-25.0840,-17.9237
2734073,-0.0500,-0.0937,-0.4819,70.5420,-0.3282,-30.9008
2734083,0.0051,-0.1194,-0.5212,39.9542,27.3969,-43.1679
2734093,0.0342,-0.1304,-0.6082,1.5420,52.6107,-53.0153
2734103,0.0901,-0.0813,-0.6008,-52.1603,76.9924,-63.3740
2734113,0.0608,-0.0583,-0.6013,-101.2977,100.8779,-76.9618
2734124,0.0520,-0.1306,-0.6323,-135.4580,122.3206,-94.9313
2734133,0.0437,-0.1279,-0.5359,-165.2824,138.6565,-107.4275
2734143,0.0955,-0.1663,-0.4448,-198.0076,151.9160,-117.6565
2734153,0.0745,-0.1621,-0.3120,-241.6794,157.2214,-120.9924
2734163,0.0427,-0.2075,-0.1238,-250.1374,153.5343,-119.3511
2734173,0.0479,-0.1833,0.2454,-250.1374,146.5267,-118.2366
2734183,0.0083,-0.1230,0.5422,-250.1374,143.4809,-124.4122
2734193,-0.0471,-0.1726,0.8188,-250.1374,145.4427,-131.5191
2734202,-0.2085,-0.1384,1.0972,-250.1374,153.1221,-139.0916
2734213,-0.3562,-0.0481,1.4126,-250.1374,160.3664,-140.1603
2734223,-0.5061,0.0110,1.8000,-250.1374,164.0534,-132.4046
2734233,-0.6921,0.0249,1.9999,-250.1374,157.6794,-123.0153
2734242,-0.8083,0.1094,1.9999,-250.1374,139.8321,-116.6565
2734257,-0.9514,0.2375,1.9999,-250.1374,99.1145,-105.5649
2734263,-0.9905,0.3420,1.9999,-240.8473,74.4046,-100.0916
2734273,-0.9102,0.4451,1.9999,-191.2137,33.3817,-83.2443
2734283,-0.9832,0.5127,1.9999,-148.0153,-5.2748,-60.2519
2734293,-0.9824,0.5369,1.9999,-128.2672,-34.5725,-36.9313
2734303,-0.9443,0.5583,1.9999,-113.2977,-55.6260,-19.0840
2734313,-0.9775,0.5178,1.9999,-97.7176,-69.1756,-4.9313
2734323,-0.9468,0.5898,1.9999,-69.6031,-70.6718,4.4427
2734333,-0.8889,0.5913,1.9999,-29.8244,-64.7252,10.1221
2734343,-0.8396,0.5610,1.9999,13.5802,-56.6336,12.7405
2734353,-0.7493,0.5181,1.9999,53.6489,-50.2443,14.1145
2734363,-0.7039,0.4363,1.9999,82.3511,-48.2595,15.8092
2734373,-0.6802,0.3650,1.9999,109.4657,-52.7481,19.5878
2734383,-0.6118,0.3135,1.9999,133.9924,-58.8702,25.0229
2734393,-0.6174,0.2356,1.9978,150.7863,-67.3435,33.6412
2734403,-0.6133,0.2271,1.8943,157.9084,-78.6336,40.1985
2734413,-0.5688,0.1936,1.7563,160.3130,-90.1832,46.2672
2734423,-0.5830,0.1357,1.6318,159.2519,-101.6641,51.2748
2734433,-0.5676,0.1118,1.4966,163.0458,-111.5878,56.8015
2734443,-0.5872,0.1040,1.4204,168.9466,-118.8702,60.7176
2734453,-0.5735,0.0210,1.2388,181.4198,-120.1756,60.9695
2734463,-0.5798,-0.0095,1.0908,194.4809,-120.4351,59.4656
2734473,-0.5430,0.0034,1.0259,197.1756,-116.8092,62.5038
2734483,-0.5178,-0.0356,0.8674,203.3359,-111.5191,64.5343
2734493,-0.4648,-0.0408,0.7397,209.6947,-106.7786,66.4275
2734503,-0.4412,-0.0459,0.7070,208.2977,-100.9466,65.5191
2734513,-0.3674,-0.0613,0.6011,210.9313,-94.0763,60.5267
2734527,-0.2913,-0.1277,0.4470,220.8168,-81.4275,51.4275
2734533,-0.2886,-0.1409,0.3762,223.0458,-77.1603,47.9084
2734543,-0.2693,-0.1733,0.2368,223.1298,-68.6870,42.8473
2734553,-0.2334,-0.2070,0.1284,218.4122,-59.3664,37.9313
2734563,-0.1975,-0.2144,0.0122,204.7557,-48.6489,33.0763
2734573,-0.1436,-0.2979,-0.0896,183.0916,-39.7634,28.8550
2734583,-0.0959,-0.3025,-0.2080,156.5496,-31.2901,22.5496
2734593,-0.0762,-0.2981,-0.3188,124.1679,-23.5267,16.7481
2734603,-0.0347,-0.2888,-0.4277,90.8168,-11.1450,10.1221
2734613,0.0789,-0.2158,-0.4968,57.6718,6.7405,-1.1221
2734623,0.1646,-0.2717,-0.5571,31.0153,33.1374,-16.8244
2734633,0.2874,-0.2605,-0.7598,21.4046,60.5802,-28.6107
2734642,0.3965,-0.2727,-0.9177,17.1985,86.1603,-39.6870
2734652,0.5520,-0.2537,-1.1343,10.0763,111.0229,-58.2824
2734663,0.6501,-0.3528,-1.4006,-2.9771,128.4427,-84.7405
2734673,0.6648,-0.4614,-1.4482,-37.7252,142.8702,-110.1450
2734683,0.6257,-0.5898,-1.3809,-95.8702,155.1603,-133.9618
2734693,0.4504,-0.6838,-1.2700,-162.5878,162.4046,-152.7176
2734703,0.2153,-0.7429,-1.0085,-241.7786,167.4733,-166.2290
2734713,-0.0967,-0.7720,-0.3970,-250.1374,165.9160,-175.2061
2734723,-0.4224,-0.8159,0.1990,-250.1374,174.1145,-179.8168
2734733,-0.8235,-0.6685,1.0583,-250.1374,163.6107,-175.9771
2734742,-0.9536,-0.6296,1.6799,-250.1374,139.8321,-164.4733
2734752,-1.2390,-0.4150,1.9999,-250.1374,94.0076,-145.3588
2734763,-1.3313,-0.0996,1.9999,-250.1374,31.6107,-114.5343
2734773,-1.2654,0.1694,1.9999,-250.1374,-13.7176,-78.5649
2734782,-1.2764,0.4656,1.9999,-250.1374,-39.3588,-52.8931
2734793,-1.2205,0.7793,1.9999,-250.1374,-57.1679,-31.2977
2734803,-1.1226,0.9084,1.9999,-191.0534,-67.6718,-20.2977
2734813,-1.0344,1.0942,1.9999,-91.6183,-64.9847,-14.8015
2734827,-0.9309,1.0430,1.9999,-3.3359,-45.2366,-5.6870
2734833,-0.8906,0.9800,1.9999,16.9924,-41.9618,-1.1603
2734843,-0.8013,0.9236,1.9999,40.3740,-43.5878,5.4504
2734855,-0.7407,0.8076,1.9999,53.6412,-51.4962,10.9924
2734863,-0.6797,0.7178,1.9999,64.5573,-56.7863,16.6260
2734873,-0.6409,0.6501,1.9999,79.3435,-61.4580,24.3282
2734883,-0.6499,0.5488,1.9999,87.6565,-62.0611,31.9924
2734893,-0.6174,0.4846,1.9880,88.8855,-61.0687,40.5496
2734903,-0.6121,0.4211,1.8535,83.4275,-62.6031,47.2290
2734913,-0.5686,0.3767,1.7864,78.9695,-67.3282,53.7557
2734924,-0.5430,0.3362,1.7283,78.9160,-75.9924,61.2901
2734933,-0.5291,0.3298,1.6929,81.5420,-82.7099,66.3435
2734942,-0.5330,0.2876,1.6558,85.2748,-89.5191,70.4733
2734952,-0.5190,0.2571,1.5752,92.0229,-95.2824,73.7023
2734963,-0.4663,0.2312,1.4980,102.2443,-98.3206,75.2290
2734973,-0.4370,0.2295,1.4146,108.4504,-98.9924,76.0611
2734983,-0.4111,0.1780,1.2788,115.3893,-97.0458,74.3740
2734993,-0.3818,0.1248,1.1863,119.8931,-93.8931,73.4580
2735003,-0.3342,0.1028,1.0317,118.0840,-92.7634,73.1527
2735012,-0.3184,0.1179,1.0122,110.7786,-95.2214,73.1527
2735022,-0.2998,0.1133,0.9780,112.4427,-95.8550,74.0153
2735033,-0.2776,0.0732,0.8865,132.6947,-92.6565,70.9847
2735043,-0.2739,0.0676,0.8044,150.3588,-87.0076,67.6641
2735053,-0.2725,0.0332,0.6606,160.6794,-81.9695,65.4733
2735063,-0.2522,-0.0149,0.5054,170.1679,-77.1985,63.7634
2735073,-0.2207,-0.0703,0.3906,166.7328,-72.7481,64.6641
2735083,-0.1836,-0.0532,0.3135,149.6412,-68.2977,64.6107
2735093,-0.0920,-0.0352,0.2334,131.7634,-61.9008,61.9466
2735103,-0.0359,-0.0090,0.1890,111.6031,-55.1069,57.5573
2735113,-0.0176,-0.0310,0.1746,93.3511,-47.9008,53.5649
2735123,0.0022,-0.0144,0.1379,80.7176,-39.0382,48.5954
2735133,0.0332,0.0095,0.1187,70.1069,-27.0992,43.1985
2735143,0.0664,-0.0144,0.0933,64.0305,-14.7405,38.0763
2735152,0.0723,-0.0146,0.0837,60.3817,-1.1679,30.3969
2735162,0.1130,-0.0276,0.0471,60.4733,11.4351,21.2137
2735172,0.1318,-0.0557,-0.0396,62.2443,21.2672,12.0763
2735182,0.1472,-0.0618,-0.1238,53.8092,28.9008,6.1069
2735192,0.1597,-0.0837,-0.2502,41.7557,35.9466,0.4885
2735202,0.1890,-0.0996,-0.3689,28.2672,41.6260,-4.8397
2735212,0.2339,-0.1230,-0.4900,7.1298,48.1756,-7.0992
2735222,0.3159,-0.1277,-0.6929,-13.7252,52.8168,-12.3282
2735232,0.4089,-0.1338,-0.8062,-36.9160,61.4733,-23.4198
2735242,0.4565,-0.1169,-0.9541,-58.5573,73.4504,-38.1832
2735252,0.4392,-0.1877,-1.1086,-79.6107,83.2214,-52.3435
2735262,0.3735,-0.2615,-1.1760,-109.5267,93.6107,-61.3435
2735272,0.2830,-0.3352,-1.1301,-151.9466,113.9389,-71.8321
2735282,0.2180,-0.4507,-0.9482,-199.7786,144.0000,-85.5878
2735292,0.1760,-0.5159,-0.6145,-249.1221,172.9847,-97.3817
2735302,0.1208,-0.7356,-0.6543,-250.1374,181.6488,-107.0076
2735312,0.1917,-0.5508,0.1990,-250.1374,193.8779,-116.5878
2735323,0.0808,-0.5615,0.8606,-250.1374,187.8244,-121.4122
2735333,-0.0344,-0.5420,1.4614,-250.1374,174.9466,-122.4885
2735343,-0.2603,-0.5371,1.9999,-250.1374,144.6260,-124.8397
2735352,-0.3650,-0.4470,1.9999,-250.1374,108.3282,-128.1985
2735363,-0.5554,-0.2710,1.9999,-250.1374,58.9008,-120.2137
2735373,-0.7354,-0.0752,1.9999,-250.1374,9.0305,-101.5267
2735384,-0.8916,0.2766,1.9999,-224.0229,-25.8015,-80.3435
2735393,-0.7937,0.1951,1.9999,-190.7786,-42.7099,-68.7176
2735402,-0.8328,0.2922,1.9999,-101.0076,-58.8473,-59.4885
2735412,-0.8887,0.4673,1.9999,-35.2137,-59.8550,-51.7710
2735424,-0.8926,0.4839,1.9999,-9.0000,-53.9771,-38.9313
2735433,-0.9004,0.4836,1.9999,16.5420,-51.8855,-30.4962
2735443,-0.8513,0.4697,1.9999,45.3664,-45.3511,-23.2214
2735454,-0.8152,0.4346,1.9999,69.1374,-35.3130,-15.9771
2735463,-0.7407,0.3511,1.9999,88.0687,-28.6183,-9.2443
2735473,-0.6650,0.3054,1.9999,107.5802,-25.8092,-1.9160
2735483,-0.6030,0.2400,1.9999,123.1908,-28.6031,4.2748
2735493,-0.5271,0.2251,1.9999,130.8779,-34.0153,11.2214
2735503,-0.4565,0.2178,1.9072,131.0687,-36.4656,19.0687
2735513,-0.3914,0.2012,1.8027,123.1908,-42.9771,28.0611
2735523,-0.3140,0.1824,1.7153,114.1069,-53.2519,35.4885
2735533,-0.2639,0.1677,1.5852,110.3435,-67.5420,40.0229
2735543,-0.2456,0.1726,1.5242,106.6031,-83.6336,43.7176
2735553,-0.2158,0.1460,1.4216,110.9695,-95.6412,45.5802
2735563,-0.1797,0.1504,1.3672,115.3588,-105.2061,47.1756
2735573,-0.1838,0.1338,1.2954,116.4809,-112.1374,47.7099
2735583,-0.1677,0.1038,1.2068,124.5802,-113.4198,44.6412
2735593,-0.1924,0.0815,1.1738,129.5725,-112.0687,43.0916
2735603,-0.1846,0.0620,1.0732,140.4962,-107.4046,40.5344
2735613,-0.1934,0.0508,1.0537,149.3817,-102.7481,39.0458
2735623,-0.1877,0.0132,0.9604,163.5191,-95.4733,36.4427
2735633,-0.1812,-0.0244,0.8281,182.8015,-87.6336,32.9542
2735643,-0.1899,-0.0515,0.7354,191.8015,-82.2061,31.2366
2735653,-0.1797,-0.1160,0.5818,194.6031,-78.6260,29.2824
2735663,-0.1675,-0.1326,0.4929,185.4733,-78.0305,28.5725
2735673,-0.1406,-0.1526,0.4314,169.8779,-78.7710,29.7481
2735683,-0.1250,-0.1211,0.3555,159.8244,-77.6183,30.1298
2735693,-0.1106,-0.1208,0.2883,154.6947,-73.7328,28.4886
2735703,-0.0876,-0.1370,0.2275,153.3817,-65.2366,24.8015
2735713,-0.0991,-0.1262,0.1079,153.7099,-53.5038,19.8855
2735723,-0.0979,-0.1367,0.0037,150.0000,-41.7634,18.3588
2735735,-0.0540,-0.1667,-0.1821,136.2824,-28.5649,16.9695
2735743,-0.0266,-0.2134,-0.2798,122.5267,-24.4580,16.3359
2735753,0.0635,-0.2356,-0.3989,95.1985,-20.4886,14.9313
2735762,0.1409,-0.1934,-0.4634,63.4580,-10.2366,6.8931
2735772,0.1958,-0.1670,-0.5691,43.3969,8.0076,-4.3740
2735782,0.2134,-0.1418,-0.6931,34.1069,29.0382,-17.3435
2735792,0.2263,-0.1396,-0.8376,25.6489,50.2901,-29.1985
2735802,0.2407,-0.1416,-1.0452,13.7023,68.2137,-38.8397
2735812,0.2170,-0.1675,-1.1475,-12.9847,85.1298,-46.5649
2735822,0.1829,-0.1919,-1.2075,-49.9313,103.5420,-54.3511
2735834,0.1599,-0.1738,-1.1167,-107.0687,128.7634,-62.1603
2735843,0.1125,-0.1589,-1.0127,-140.4122,152.3053,-71.9237
2735853,0.0457,-0.1934,-0.7600,-168.4886,174.1756,-77.8473
2735863,-0.0012,-0.2375,-0.4636,-193.1527,193.6870,-81.7710
2735873,-0.0291,-0.3645,-0.0925,-211.4962,200.1221,-84.6565
2735883,-0.0203,-0.3079,0.2996,-250.1374,190.3359,-82.3511
2735893,-0.0859,-0.3594,1.0054,-250.1374,175.6488,-84.0840
2735903,-0.1311,-0.3943,1.3621,-250.1374,158.6641,-85.4504
2735915,-0.2664,-0.3091,1.9999,-250.1374,127.7557,-78.1603
2735923,-0.3030,-0.2070,1.9999,-250.1374,105.3893,-72.7634
2735933,-0.3616,-0.0139,1.9999,-250.1374,70.9542,-67.0763
2735944,-0.4775,0.1709,1.9999,-250.1374,25.6183,-54.9389
2735953,-0.5093,0.3640,1.9999,-250.1374,-11.3359,-43.1908
2735963,-0.4009,0.5000,1.9999,-234.7252,-36.0000,-31.3511
2735973,-0.4255,0.6924,1.9999,-176.0000,-47.7176,-27.6718
2735982,-0.4502,0.6040,1.9999,-92.9008,-64.6183,-19.9466
2735992,-0.4849,0.6523,1.9999,-20.8931,-75.8168,-10.1832
2736002,-0.5076,0.6428,1.9999,-0.3893,-74.2595,-2.9618
2736013,-0.4746,0.6196,1.9999,24.3588,-69.6947,-0.3969
2736023,-0.3987,0.5872,1.9999,41.7710,-64.1145,3.0153
2736033,-0.3352,0.4961,1.9999,57.4504,-61.0229,3.4656
2736042,-0.2654,0.4180,1.9999,77.8855,-64.1603,4.1145
2736052,-0.2214,0.3718,1.9999,94.0153,-71.7634,8.2595
2736063,-0.1946,0.3123,1.9999,107.8168,-81.6794,12.2748
2736073,-0.1477,0.2798,1.9999,114.1603,-93.2519,15.7557
2736083,-0.1135,0.2556,1.9353,113.1450,-106.8015,19.4809
2736093,-0.0796,0.2471,1.8713,113.0992,-120.4885,21.7634
2736103,-0.0308,0.2036,1.7410,120.4504,-133.7023,21.4427
2736113,-0.0476,0.1953,1.6687,129.2366,-144.0229,16.4886
2736123,-0.0691,0.1436,1.5691,139.2366,-149.4275,12.7405
2736136,-0.1211,0.1057,1.4194,152.1374,-150.3969,8.9160
2736143,-0.1628,0.0632,1.2964,163.9542,-146.0229,6.2595
2736153,-0.2119,0.0154,1.1772,177.4886,-135.3282,3.6947
2736163,-0.2517,-0.0225,1.0168,188.2977,-120.9466,0.7863
2736173,-0.2451,-0.0771,0.8362,200.6107,-105.1679,-3.2519
2736183,-0.2671,-0.1228,0.7036,203.5954,-88.9237,-5.9466
2736193,-0.2676,-0.1772,0.5103,204.1756,-74.5725,-7.9008
2736203,-0.2566,-0.1958,0.3896,200.3512,-60.7252,-7.6260
2736213,-0.2517,-0.2478,0.2625,190.1679,-49.0076,-7.5496
2736223,-0.2017,-0.2783,0.1348,175.3512,-38.9237,-5.9771
2736238,-0.1365,-0.2886,-0.0032,147.1985,-33.6107,-5.0382
2736243,-0.1060,-0.2908,-0.0259,135.6488,-32.8779,-6.3588
2736253,-0.0569,-0.3101,-0.0845,120.5573,-30.4275,-10.1069
2736266,-0.0654,-0.3027,-0.1941,107.8015,-24.1450,-15.9313
2736273,-0.0635,-0.2900,-0.2363,101.1832,-20.7405,-15.7099
2736283,-0.0657,-0.2803,-0.2979,87.1832,-14.0916,-12.0687
2736293,-0.0630,-0.2761,-0.3699,68.9313,-4.8779,-8.7557
2736303,0.0137,-0.2642,-0.4194,51.6870,10.2595,-9.3511
2736312,0.0752,-0.2146,-0.4758,37.2214,30.9695,-16.4886
2736326,0.1375,-0.1489,-0.6521,26.3282,65.1450,-35.2443
2736333,0.1704,-0.1333,-0.7407,19.8550,79.9771,-41.0916
2736343,0.2090,-0.0898,-0.8889,3.8550,100.6641,-46.6870
2736353,0.2383,-0.0725,-1.0195,-20.9084,119.8092,-49.7328
2736363,0.2483,-0.0632,-1.1138,-48.4962,139.1908,-56.9618
2736373,0.2583,-0.1072,-1.1196,-80.7023,159.0382,-68.7176
2736383,0.2151,-0.1531,-1.0942,-125.2137,176.8779,-78.9466
2736393,0.1853,-0.2068,-1.0269,-178.5038,190.2672,-87.0305
2736403,0.1467,-0.2632,-0.7712,-227.9389,193.4046,-89.4122
2736413,0.1001,-0.2461,-0.4817,-250.1374,192.2672,-91.9466
2736423,0.0085,-0.3281,-0.0571,-250.1374,192.0763,-96.9237
2736433,-0.0730,-0.3645,0.5342,-250.1374,190.7939,-93.0534
2736443,-0.1487,-0.4543,1.0481,-250.1374,182.2519,-87.4046
2736453,-0.1816,-0.4124,1.6770,-250.1374,173.1145,-94.3435
2736463,-0.2715,-0.3943,1.9999,-250.1374,153.8779,-101.6412
2736473,-0.3789,-0.2798,1.9999,-250.1374,128.0916,-104.8015
2736484,-0.5923,-0.1250,1.9999,-250.1374,96.8015,-98.8092
2736493,-0.8005,0.0444,1.9999,-250.1374,71.4504,-89.2443
2736503,-0.8274,0.1992,1.9999,-237.5267,49.1450,-73.0076
2736513,-0.9365,0.4348,1.9999,-180.4886,31.8397,-66.4962
2736523,-0.9622,0.4856,1.9999,-114.2824,9.6489,-55.4122
2736533,-0.9133,0.4048,1.9999,-61.3511,-20.7634,-41.3359
2736543,-0.8667,0.5593,1.9999,-8.4885,-44.3130,-27.4351
2736553,-0.8682,0.5596,1.9999,8.2824,-58.5496,-11.6183
2736568,-0.7461,0.5012,1.9999,31.1450,-68.1145,2.6107
2736573,-0.7419,0.4546,1.9999,37.5115,-69.5038,6.2977
2736583,-0.7283,0.3906,1.9999,53.3740,-65.0763,11.2595
2736594,-0.6301,0.3579,1.9999,82.9924,-49.3206,10.7786
2736603,-0.5874,0.3296,1.9999,104.9542,-38.9008,10.2672
2736613,-0.5044,0.2498,1.9999,124.0000,-34.7786,13.1374
2736623,-0.4463,0.2500,1.9999,130.0076,-37.4351,18.2443
2736635,-0.3652,0.2290,1.9287,125.5191,-54.6183,27.3130
2736643,-0.3083,0.2344,1.9038,122.6565,-74.7634,33.1679
2736652,-0.3020,0.2690,1.9395,116.2214,-103.3282,39.6565
2736662,-0.2769,0.2314,1.9282,123.3588,-129.6718,46.4275
2736672,-0.2959,0.2078,1.8638,149.3740,-146.9618,48.1221
2736682,-0.3464,0.1323,1.7014,183.3053,-155.1603,46.8092
2736692,-0.4199,-0.0063,1.4622,220.6336,-147.2672,39.9389
2736706,-0.4619,-0.1262,1.0745,250.1298,-120.1298,33.6794
2736713,-0.4827,-0.1870,0.8989,250.1298,-105.1374,32.3130
2736723,-0.4805,-0.2607,0.6392,250.1298,-80.6947,29.1069
2736732,-0.4272,-0.3188,0.4175,250.1298,-56.9008,27.4733
2736743,-0.4102,-0.3613,0.2776,247.4809,-36.0458,30.0382
2736753,-0.3496,-0.4148,0.1426,229.4275,-23.8855,34.3588
2736763,-0.2947,-0.4070,0.0405,208.6488,-15.4962,37.8550
2736773,-0.2949,-0.4326,-0.0840,192.7176,-13.0000,39.1450
2736783,-0.2134,-0.4514,-0.1545,177.8168,-13.7481,41.7176
2736792,-0.1555,-0.4370,-0.2500,164.8015,-15.5725,42.3817
2736804,-0.1001,-0.4094,-0.2917,150.5343,-17.0382,41.3969
2736813,-0.0369,-0.4016,-0.3472,138.7176,-17.6031,38.8168
2736823,0.0317,-0.4050,-0.3862,122.4198,-16.3664,36.5954
2736833,0.0972,-0.4143,-0.4524,102.3969,-10.0992,33.9695
2736843,0.1694,-0.4409,-0.4978,75.3740,-2.1374,31.7405
2736854,0.2422,-0.4443,-0.5737,38.1908,12.6489,21.1985
2736863,0.2649,-0.3994,-0.5894,15.0916,30.8473,4.0763
2736873,0.2871,-0.3533,-0.6038,4.0382,56.7328,-17.4122
2736883,0.3237,-0.2126,-0.7778,10.3435,82.3053,-37.0076
2736893,0.3760,-0.0962,-1.0203,14.0305,99.0916,-54.6183
2736903,0.3540,-0.0183,-1.2617,2.5267,100.0305,-65.9389
2736912,0.2800,0.0398,-1.3469,-33.7939,96.8397,-75.5573
2736928,0.1772,0.1035,-1.3091,-110.1298,107.2672,-84.7405
2736933,0.1169,0.1182,-1.2341,-134.3740,118.0153,-89.9542
2736943,0.0532,0.1943,-1.0161,-182.4657,145.3130,-101.4046
2736953,-0.0090,0.1604,-0.7852,-226.1603,170.3588,-109.7176
2736964,-0.0779,0.1626,-0.3740,-250.1374,180.5343,-110.7099
2736973,-0.1387,0.1504,-0.0146,-250.1374,179.4657,-107.2290
2736983,-0.2019,0.0229,0.5742,-250.1374,166.7405,-98.5038
2736993,-0.2935,-0.1045,1.0913,-250.1374,142.9389,-88.5725
2737003,-0.3760,-0.1880,1.6260,-250.1374,116.5496,-87.4351
2737013,-0.5442,-0.3459,1.9999,-250.1374,82.9084,-81.3588
2737023,-0.7676,-0.3044,1.9999,-250.1374,48.3435,-68.5420
2737033,-0.8633,-0.3152,1.9999,-250.1374,18.0840,-48.6336
2737043,-0.9302,-0.1816,1.9999,-250.1374,-10.2443,-28.3282
2737053,-0.9048,-0.0144,1.9999,-250.1374,-32.4809,-16.9695
2737063,-0.8501,0.1699,1.9999,-250.1374,-60.4504,-3.2748
2737072,-0.7930,0.2939,1.9999,-217.1145,-84.0000,11.9695
2737082,-0.6426,0.1445,1.9999,-146.1603,-106.6183,24.3206
2737093,-0.5315,0.2068,1.9999,-81.3817,-119.1832,27.7634
2737103,-0.4146,0.3679,1.9999,-38.9084,-123.9008,34.5725
2737113,-0.3325,0.3359,1.9999,5.9237,-115.3817,33.8092
2737123,-0.1497,0.3579,1.9999,39.8702,-103.6870,28.8931
2737133,-0.0378,0.2905,1.9999,60.7710,-94.9695,24.9847
2737146,0.0642,0.1982,1.9999,79.6641,-91.2977,18.9771
2737153,0.0808,0.1909,1.9999,84.5191,-92.1069,17.9313
2737163,0.0645,0.1350,1.9999,95.9389,-96.2977,15.4046
2737173,0.0393,0.1343,1.9999,104.4885,-103.1145,14.1221
2737183,0.0203,0.0828,1.9692,107.9389,-113.1450,12.9160
2737196,0.0457,0.1260,1.9307,104.3817,-133.9313,14.8244
2737203,0.0564,0.1001,1.9116,109.0229,-142.0992,12.4198
2737213,0.0557,0.1379,1.8865,126.6183,-149.8244,3.6107
2737223,-0.0037,0.1213,1.7766,152.6260,-153.2137,-3.2290
2737233,-0.0662,0.0659,1.6382,180.1145,-151.5267,-7.9847
2737243,-0.1177,0.0142,1.5244,200.3664,-145.7481,-11.4885
2737253,-0.1633,-0.0522,1.3296,216.6488,-138.7099,-17.1221
2737263,-0.2114,-0.1089,1.1001,234.6641,-130.5573,-23.1069
2737273,-0.2456,-0.1580,0.8711,246.2672,-121.0992,-25.1679
2737283,-0.2922,-0.2249,0.6743,246.0305,-114.8321,-24.5038
2737293,-0.3237,-0.2710,0.4314,240.4657,-107.1527,-22.4275
2737302,-0.3401,-0.2847,0.2358,228.0840,-98.4885,-18.3740
2737315,-0.3582,-0.2893,0.0676,205.7405,-86.4962,-11.9847
2737323,-0.3442,-0.2727,0.0015,194.3053,-75.1679,-10.4275
2737335,-0.2832,-0.2534,-0.1060,183.1527,-50.9542,-11.4733
2737343,-0.2561,-0.2524,-0.1802,176.4198,-35.5420,-11.5573
2737353,-0.1990,-0.2827,-0.2927,166.9160,-13.9008,-14.3969
2737363,-0.1094,-0.3030,-0.4182,156.2595,5.1069,-17.9695
2737373,-0.0273,-0.3164,-0.5574,132.2748,16.8931,-17.8015
2737384,0.0295,-0.3069,-0.6956,93.8473,22.3740,-16.6336
2737393,0.0488,-0.2937,-0.7556,64.8931,27.8931,-18.9237
2737403,0.0581,-0.2463,-0.8621,40.7863,40.5191,-23.7252
2737412,0.0503,-0.1660,-0.9514,21.9313,59.3817,-27.9389
2737423,0.0112,-0.1550,-1.0894,0.5115,78.6031,-28.3893
2737433,0.0205,-0.1250,-1.2344,-27.4198,97.5496,-29.5038
2737443,0.0400,-0.0918,-1.3174,-64.4351,119.5038,-34.5649
2737453,0.0608,-0.0957,-1.3301,-104.5573,136.2519,-40.9466
2737463,0.0669,-0.1213,-1.3201,-144.4198,147.4733,-46.9542
2737477,0.0259,-0.2327,-1.1521,-212.0840,154.0229,-50.9771
2737483,0.0244,-0.2708,-1.0364,-236.8626,154.5343,-49.7099
2737493,-0.0098,-0.3560,-0.7302,-250.1374,154.6947,-45.7557
2737503,-0.0554,-0.4263,-0.3748,-250.1374,156.9313,-44.6031
2737513,-0.0801,-0.5371,0.1636,-250.1374,161.3053,-45.9542
2737522,-0.1477,-0.5759,0.6345,-250.1374,166.7481,-47.5496
2737538,-0.1938,-0.5720,1.6548,-250.1374,165.2977,-44.5496
2737543,-0.2500,-0.5618,1.9746,-250.1374,161.9618,-43.5496
2737553,-0.2949,-0.5657,1.9999,-250.1374,154.0153,-40.1832
2737563,-0.2693,-0.4180,1.9999,-250.1374,139.1145,-34.3435
2737574,-0.2415,-0.2556,1.9999,-250.1374,115.1069,-41.3053
2737583,-0.2971,-0.0747,1.9999,-250.1374,90.6107,-53.4809
2737593,-0.3701,0.0549,1.9999,-221.2672,56.4962,-60.1985
2737603,-0.5339,0.1274,1.9999,-149.4122,19.9924,-49.4046
2737613,-0.5796,0.0510,1.9999,-104.3053,-14.4046,-30.6336
2737623,-0.5376,0.1423,1.9999,-67.8168,-44.3053,-19.6489
2737634,-0.5054,0.2402,1.9999,-36.7557,-70.4504,-15.2824
2737643,-0.4702,0.3269,1.9999,-21.3969,-83.6489,-9.3511
2737653,-0.4087,0.3049,1.9999,9.6641,-96.6183,-2.0763
2737663,-0.3445,0.2573,1.9999,43.8244,-105.1450,2.2061
2737677,-0.2805,0.1782,1.9999,103.0687,-111.3817,-3.0763
2737683,-0.2717,0.1565,1.9999,127.6336,-112.7328,-7.0611
2737693,-0.2625,0.0994,1.9999,167.9084,-114.3740,-11.8931
2737704,-0.2537,0.0386,1.9999,195.8702,-117.3588,-11.2748
2737713,-0.2659,-0.0054,1.9999,209.7481,-120.5191,-9.8092
2737723,-0.2791,-0.0549,1.9999,221.0763,-123.7786,-8.2977
2737736,-0.3196,-0.1470,1.8918,232.2137,-129.0763,-5.0153
2737743,-0.3552,-0.1912,1.7402,235.8244,-131.0840,-3.8626
2737753,-0.4084,-0.2874,1.4016,247.6336,-136.7634,-1.5267
2737763,-0.4275,-0.3643,1.0940,250.1298,-142.2977,0.9160
2737773,-0.4563,-0.3987,0.7966,249.0687,-144.5802,3.7252
2737783,-0.5098,-0.4399,0.5291,245.1221,-143.2901,7.0916
2737797,-0.5701,-0.4336,0.2285,236.1832,-128.8321,10.4122
2737803,-0.5759,-0.4463,0.1177,231.9924,-118.2061,11.0458
2737813,-0.5657,-0.4482,-0.0381,218.2366,-97.3130,14.8244
2737823,-0.5171,-0.4099,-0.1995,197.2061,-75.8244,21.2214
2737833,-0.4519,-0.4001,-0.2957,179.2443,-56.0611,23.6947
2737843,-0.3472,-0.4087,-0.3813,159.0153,-40.1298,25.5114
2737852,-0.2563,-0.3521,-0.4338,131.2977,-27.6336,29.0076
2737862,-0.1743,-0.3303,-0.4480,109.5725,-16.0153,34.0305
2737873,-0.1028,-0.3291,-0.4482,99.7252,-5.7557,37.5038
2737883,-0.0264,-0.2874,-0.4707,94.7786,3.1145,37.8015
2737893,0.0503,-0.3044,-0.5491,94.2214,14.2672,36.6107
2737903,0.1277,-0.3079,-0.6899,90.7176,27.7863,35.2595
2737913,0.2068,-0.2976,-0.8582,76.0611,42.8550,31.0000
2737928,0.2722,-0.2881,-1.0869,39.2061,64.4809,19.2443
2737933,0.2817,-0.2900,-1.1311,24.2519,73.1069,14.0992
2737943,0.2935,-0.2241,-1.1970,-6.0611,92.0611,3.6718
2737953,0.2920,-0.1475,-1.2229,-34.0840,115.1527,-6.9466
2737963,0.2998,-0.0833,-1.1765,-54.4046,135.2137,-14.5344
2737973,0.3054,-0.0027,-1.1526,-70.7557,156.5114,-26.7634
2737983,0.3088,0.0132,-1.1677,-88.0000,171.2366,-40.4198
2737993,0.2688,0.0105,-1.1724,-113.5878,176.3359,-49.5496
2738003,0.2249,0.0010,-1.1177,-143.4886,173.5573,-57.5267
2738013,0.1445,-0.0806,-0.9988,-168.3206,170.8473,-66.4885
2738023,0.0366,-0.1533,-0.8174,-186.9847,173.7099,-74.4351
2738034,-0.1394,-0.2905,-0.5176,-213.3893,187.0229,-85.7405
2738043,-0.2695,-0.3789,-0.2734,-232.5802,202.7710,-92.4962
2738052,-0.4001,-0.4331,0.0884,-250.1374,220.9771,-101.1374
2738063,-0.5132,-0.5554,0.5859,-250.1374,232.1679,-109.0000
2738073,-0.6262,-0.5657,1.0908,-250.1374,227.2901,-111.8321
2738083,-0.7314,-0.5691,1.7834,-250.1374,195.5420,-102.5802
2738093,-0.7827,-0.5388,1.9999,-250.1374,144.7481,-91.2137
2738103,-0.8398,-0.5083,1.9999,-250.1374,84.8931,-76.1374
2738113,-0.9233,-0.4470,1.9999,-250.1374,28.3740,-56.7710
2738123,-0.9019,-0.3308,1.9999,-250.1374,-14.3130,-39.3359
2738133,-0.9187,-0.2664,1.9999,-239.6641,-46.6031,-18.5191
2738142,-0.8186,-0.1841,1.9999,-206.5802,-74.6489,-1.3893
2738152,-0.6924,0.0032,1.9999,-214.1603,-86.6107,6.8702
2738163,-0.5662,-0.1194,1.9999,-175.3206,-95.4275,17.3130
2738173,-0.5200,0.1614,1.9999,-93.4046,-78.1832,16.9847
2738183,-0.3145,0.1965,1.9999,-52.7252,-49.6947,17.4122
2738193,-0.1162,0.1702,1.9999,-15.2824,-35.3817,11.0000
2738203,0.0854,0.0813,1.9999,28.2137,-42.9847,1.9237
2738213,0.1392,0.0627,1.9999,70.8397,-63.9237,-6.8321
2738223,0.1121,0.0249,1.9999,102.3053,-87.9771,-10.7634
2738233,0.0266,0.0042,1.9999,130.0763,-110.6947,-9.9847
2738243,-0.0652,0.0283,1.9999,145.1298,-128.9160,-9.3130
2738253,-0.1831,-0.0222,1.9999,153.1832,-139.9847,-6.5802
2738263,-0.2341,-0.0303,1.9999,153.1221,-144.1298,-3.9084
2738273,-0.3000,-0.0447,1.9761,154.2290,-146.2290,-0.1221
2738283,-0.3157,-0.0159,1.8748,162.7786,-149.9618,0.1069
2738293,-0.3479,-0.0447,1.7275,168.1527,-156.6260,-2.1145
2738303,-0.3618,-0.0737,1.5200,180.0382,-164.7405,-2.8168
2738313,-0.3845,-0.0535,1.4675,187.6718,-171.8702,-1.0000
2738323,-0.4055,-0.0676,1.3848,195.1069,-175.1603,-0.6641
2738333,-0.4167,-0.1313,1.1772,212.2901,-173.8702,-5.6183
2738343,-0.4553,-0.1582,0.9734,221.3817,-168.1450,-8.3053
2738353,-0.4854,-0.1921,0.7754,227.0687,-159.6947,-8.2748
2738363,-0.5022,-0.2395,0.5867,232.3893,-145.1527,-6.9389
2738373,-0.5110,-0.2764,0.3689,230.5573,-131.6031,-4.8626
2738383,-0.4714,-0.3059,0.2009,221.7786,-121.0763,-0.9542
2738393,-0.4375,-0.3157,0.0640,208.0458,-110.7328,4.2061
2738403,-0.3848,-0.3372,-0.0623,192.5343,-97.7481,5.8855
2738413,-0.3132,-0.3291,-0.1543,172.7786,-79.5191,4.2290
2738423,-0.2490,-0.3083,-0.2280,155.2824,-59.1756,4.6336
2738433,-0.1753,-0.2866,-0.2549,136.3359,-37.8092,7.4656
2738443,-0.0613,-0.3113,-0.2732,126.7634,-13.7023,7.7939
2738453,0.0442,-0.3003,-0.3184,127.8015,7.9389,1.8015
2738463,0.1201,-0.3157,-0.4563,132.9008,22.1145,-2.8168
2738473,0.1838,-0.3479,-0.6577,126.5420,29.7786,-2.4275
2738483,0.2375,-0.3743,-0.8474,106.2137,30.6794,-3.2595
2738493,0.2957,-0.3787,-0.9961,76.7939,26.3359,-4.7328
2738503,0.3140,-0.3621,-1.0503,38.7786,27.2672,-7.3740
2738513,0.3162,-0.2795,-1.0408,7.8244,38.4733,-11.0382
2738523,0.3152,-0.2102,-1.0093,-7.5954,62.5496,-21.1145
2738533,0.3220,-0.1562,-1.0310,-15.1679,92.0000,-38.2519
2738543,0.2434,-0.1389,-1.0627,-30.2443,120.1603,-52.6794
2738553,0.1965,-0.1138,-1.1030,-49.5038,138.5649,-61.7176
2738563,0.1362,-0.1284,-1.0696,-77.2595,151.6183,-67.7176
2738573,0.0857,-0.1162,-1.0142,-103.2519,160.5267,-73.9771
2738583,-0.0088,-0.1299,-0.8413,-122.2977,166.0382,-78.8702
2738593,-0.1116,-0.2153,-0.6362,-139.8473,175.0611,-82.1527
2738603,-0.1763,-0.2290,-0.4006,-156.4733,183.9924,-84.6183
2738613,-0.2341,-0.2727,-0.0242,-178.9008,193.6260,-91.3282
2738623,-0.2573,-0.2356,0.4358,-210.1756,193.6870,-99.3969
2738633,-0.3179,-0.1807,0.9863,-239.6870,180.5573,-102.4657
2738643,-0.3691,-0.0576,1.5706,-247.4504,162.7786,-97.3130
2738653,-0.4285,0.0366,1.9999,-225.3282,143.7557,-92.9084
2738663,-0.4343,0.1609,1.9999,-199.1679,120.9618,-86.0153
2738673,-0.3918,0.2896,1.9999,-192.5573,89.6870,-73.8702
2738683,-0.3635,0.4614,1.9999,-191.7863,59.8321,-64.0305
2738693,-0.3367,0.6389,1.9999,-175.2519,34.3664,-55.1908
2738703,-0.2922,0.8240,1.9999,-140.8702,16.9389,-48.1679
2738713,-0.2708,0.9719,1.9999,-100.6260,-1.3511,-42.3893
2738723,-0.2620,1.0498,1.9999,-67.4657,-18.3893,-35.5649
2738733,-0.3005,1.0049,1.9999,-41.5267,-31.0076,-27.9389
2738743,-0.2976,1.1035,1.9999,-19.3740,-40.1527,-20.4427
2738753,-0.2769,0.9004,1.9999,25.5038,-52.2977,-18.6870
2738763,-0.2961,1.0042,1.9999,54.9313,-61.0916,-17.8015
2738773,-0.3206,0.8479,1.9999,88.8550,-73.0840,-11.3435
2738783,-0.3125,0.7690,1.9999,108.4504,-86.2137,-4.7939
2738793,-0.3057,0.6704,1.9999,124.0000,-101.9466,0.6260
2738803,-0.2756,0.6201,1.9999,139.3969,-111.4657,4.8550
2738813,-0.2734,0.5403,1.9999,146.2824,-122.9084,11.1069
2738823,-0.2192,0.5198,1.8442,147.7405,-131.4580,14.2443
2738833,-0.1733,0.4709,1.6826,147.5802,-139.8473,17.0305
2738843,-0.1580,0.5015,1.6855,137.5496,-149.0687,21.4427
2738853,-0.1101,0.4871,1.6091,148.6718,-152.9389,17.9847
2738863,-0.0925,0.4087,1.5481,165.4427,-154.1832,13.7176
2738873,-0.1362,0.2563,1.3433,182.4275,-151.9466,9.3740
2738883,-0.1753,0.1216,1.0532,193.7328,-151.5954,6.4275
2738893,-0.2075,-0.0073,0.7759,193.4122,-152.6260,5.6947
2738903,-0.2510,-0.1064,0.5212,188.1908,-153.6870,5.3740
2738913,-0.2966,-0.1882,0.3306,182.1145,-149.8779,6.4122
2738923,-0.3567,-0.2300,0.1863,174.4657,-139.8931,7.9237
2738933,-0.3855,-0.2742,0.0566,168.8092,-125.9008,5.9084
2738943,-0.3396,-0.3203,-0.0698,166.6794,-106.9389,0.3664
2738953,-0.3564,-0.3635,-0.1902,157.2366,-85.0992,-2.1985
2738963,-0.3772,-0.4158,-0.3103,147.3664,-61.4122,-3.0382
2738973,-0.3474,-0.4500,-0.4336,141.1145,-31.7634,-7.0458
2738983,-0.3201,-0.4863,-0.5696,129.9160,0.1450,-13.7939
2738993,-0.2944,-0.5217,-0.7317,110.3969,25.8626,-17.0305
2739003,-0.2241,-0.5325,-0.8340,88.5343,47.4122,-18.0229
2739013,-0.1345,-0.4968,-0.9231,70.0763,63.0076,-18.2519
2739023,-0.0596,-0.4626,-1.0208,53.3893,77.1298,-21.8550
2739033,0.0293,-0.3860,-1.1306,36.7786,87.3435,-26.7557
2739043,0.0764,-0.3730,-1.2373,15.8931,94.7252,-33.6260
2739053,0.0715,-0.3655,-1.3042,-19.8092,100.1221,-38.7252
2739063,0.0820,-0.3220,-1.2844,-59.0916,105.8931,-42.6870
2739073,-0.0024,-0.2578,-1.1387,-98.4809,114.8702,-45.6489
2739083,-0.0171,-0.2493,-1.0029,-124.9695,126.9389,-50.0840
2739093,-0.0681,-0.2224,-0.8049,-148.6260,140.9466,-56.3969
2739103,-0.1060,-0.2256,-0.6089,-168.0611,151.7176,-61.6794
2739113,-0.1587,-0.2173,-0.3491,-178.7557,157.1374,-62.6565
2739123,-0.1902,-0.2017,-0.0464,-192.7099,161.3130,-66.3588
2739133,-0.2437,-0.1609,0.3909,-225.7939,155.6794,-67.7023
2739143,-0.2822,-0.0132,0.9607,-250.1374,141.4580,-63.3511
2739153,-0.3215,0.1196,1.6533,-250.1374,126.3282,-54.3969
2739163,-0.3357,0.3325,1.9999,-250.1374,111.0534,-48.9466
2739173,-0.3772,0.5105,1.9999,-242.1374,101.3740,-47.0534
2739183,-0.4163,0.6475,1.9999,-208.1450,96.7023,-41.4733
2739193,-0.4712,0.7212,1.9999,-188.8626,94.3130,-33.4427
2739203,-0.4324,0.8474,1.9999,-187.0534,85.6794,-22.6031
2739213,-0.3547,0.9417,1.9999,-188.6565,68.1679,-12.6489
2739222,-0.2744,1.0225,1.9999,-178.2519,42.5725,-3.5954
2739232,-0.2029,1.0984,1.9999,-159.5649,10.6870,7.8473
2739262,-0.0220,1.1638,1.9999,-64.5802,-70.7099,38.3664
2739265,-0.0073,1.1787,1.9999,-49.6031,-78.6183,39.1298
2739268,0.0317,1.1824,1.9999,-36.5115,-84.7786,39.9237
2739273,0.0808,1.1775,1.9999,-15.4809,-94.0229,41.0458
2739283,0.0891,1.0769,1.9999,22.4809,-112.0840,39.4198
2739293,0.1252,0.9160,1.9999,54.1908,-126.5343,35.4427
2739302,0.1370,0.9224,1.9999,75.1145,-133.2290,31.6794
2739313,0.0781,0.7676,1.9999,92.4046,-136.0687,30.8397
2739323,0.0496,0.7153,1.9999,108.6870,-135.0534,30.6183
2739333,0.0164,0.6277,1.9999,114.3893,-135.6031,29.9771
2739343,-0.0156,0.5566,1.8687,108.8931,-140.1679,29.4122
2739354,-0.0347,0.5005,1.6775,100.3817,-146.3512,29.4427
2739363,-0.0708,0.5122,1.6370,96.7176,-154.3740,33.0000
2739373,-0.0828,0.4861,1.5972,105.0305,-164.0916,34.6794
2739383,-0.0735,0.4321,1.5396,116.4962,-174.4580,35.6107
2739393,-0.1008,0.3274,1.4148,129.7099,-183.7557,29.7710
2739403,-0.0891,0.2744,1.3042,141.6107,-186.7481,22.8550
2739413,-0.1477,0.1921,1.1482,147.1985,-186.4351,19.0992
2739423,-0.1816,0.0720,0.9683,157.5878,-178.8702,11.8931
2739433,-0.2229,-0.0159,0.7729,166.4733,-162.7939,4.2748
2739443,-0.2749,-0.1348,0.5671,172.3664,-142.9847,-4.1756
2739453,-0.3003,-0.2197,0.3633,174.9084,-120.7710,-10.7786
2739463,-0.3337,-0.3110,0.1909,172.6107,-98.4809,-15.0687
2739473,-0.3608,-0.3867,-0.0056,169.7939,-81.1832,-15.5038
2739483,-0.3733,-0.4382,-0.1809,160.0153,-68.1145,-10.6260
2739493,-0.3875,-0.4658,-0.3669,140.6565,-58.1832,-1.8397
2739503,-0.3406,-0.4946,-0.5034,120.4275,-48.0076,5.3435
2739513,-0.2859,-0.5044,-0.6653,99.5725,-35.9084,8.0382
2739523,-0.2358,-0.5034,-0.7891,71.1603,-19.2137,8.0076
2739533,-0.2319,-0.5271,-0.9092,40.7481,2.5878,7.1756
2739543,-0.2273,-0.4807,-1.0774,16.1069,29.4580,5.8626
2739553,-0.2109,-0.4258,-1.2063,-2.8473,58.2366,4.2290
2739563,-0.1780,-0.3862,-1.3159,-17.4504,81.1679,7.0763
2739573,-0.1372,-0.3601,-1.4678,-35.1298,97.2290,8.0763
2739583,-0.1025,-0.3157,-1.5083,-65.3359,111.0458,6.5420
2739593,-0.0837,-0.3369,-1.4646,-104.9160,126.9618,2.9313
2739603,-0.0791,-0.2917,-1.3623,-149.0611,144.2824,0.1832
2739613,-0.0522,-0.2483,-1.1670,-185.7176,162.8626,-2.0382
2739624,-0.0205,-0.2700,-0.9407,-215.5267,183.0305,-4.6870
2739633,-0.0271,-0.2979,-0.7773,-231.2214,197.6336,-9.5496
2739643,0.0029,-0.3696,-0.5383,-246.2137,210.1603,-16.2595
2739653,0.0483,-0.4927,-0.2981,-250.1374,220.3512,-25.8779
2739666,-0.0017,-0.5327,0.1323,-250.1374,230.5878,-37.8473
2739673,-0.0464,-0.5610,0.3342,-250.1374,234.2672,-41.0687
2739683,-0.1895,-0.5637,0.8167,-250.1374,238.6641,-42.1069
2739693,-0.2175,-0.5037,1.3708,-250.1374,234.9160,-35.9618
2739703,-0.2239,-0.4177,1.9999,-250.1374,219.0382,-30.7099
2739713,-0.2329,-0.2739,1.9999,-250.1374,192.1069,-28.2061
2739723,-0.2400,-0.1477,1.9999,-250.1374,167.4046,-32.6260
2739733,-0.3540,-0.0481,1.9999,-244.3740,146.0916,-35.9618
2739742,-0.4053,-0.1174,1.9999,-186.1679,130.6412,-35.1069
2739752,-0.4443,-0.2976,1.9999,-172.7023,110.4275,-29.0992
2739763,-0.3245,-0.0391,1.9999,-192.9313,82.9771,-22.4198
2739773,-0.3174,0.0525,1.9999,-182.9389,58.9924,-15.0229
2739783,-0.2163,0.0845,1.9999,-162.4198,38.6870,-11.0611
2739793,-0.1411,0.1238,1.9999,-141.5725,9.0000,-10.0687
2739803,-0.1267,0.1199,1.9999,-65.3740,-14.1374,-9.7863
2739813,-0.1060,0.1838,1.9999,-15.0763,-28.9084,-9.9466
2739823,-0.0955,0.0920,1.9999,26.8931,-45.7557,-10.5725
2739832,-0.0173,0.0815,1.9999,57.5267,-63.0000,-12.6489
2739842,-0.0183,0.0801,1.9999,88.9389,-81.8321,-16.4809
2739852,-0.0425,0.1099,1.9999,119.9313,-95.1908,-19.0687
2739864,-0.0842,0.0381,1.9999,159.4504,-104.9771,-23.1603
2739873,-0.1104,0.0552,1.9999,172.1832,-114.2366,-21.7786
2739883,-0.1194,0.0579,1.9999,172.2672,-128.5420,-17.6260
2739893,-0.1594,-0.0195,1.9999,168.1069,-143.3588,-15.1450
2739903,-0.1826,-0.0315,1.9999,168.1908,-157.1603,-15.5573
2739913,-0.2493,-0.0178,1.9377,172.1221,-169.0229,-15.5573
2739923,-0.2744,0.0068,1.8403,184.0687,-177.6412,-14.0458
2739933,-0.2947,-0.0549,1.6794,207.3512,-180.4351,-15.1450
2739943,-0.3027,-0.1274,1.4595,229.3893,-178.1069,-17.9542
2739953,-0.3323,-0.1897,1.2241,236.2595,-173.5725,-19.1679
2739963,-0.3772,-0.2563,0.9934,237.9542,-164.8168,-18.5878
2739972,-0.4104,-0.3091,0.7842,237.9008,-151.0763,-16.7405
2739982,-0.4297,-0.3416,0.5959,234.4886,-133.7252,-16.2977
2739992,-0.4468,-0.3899,0.4421,230.5878,-115.2977,-17.1679
2740002,-0.4307,-0.4211,0.2346,228.5496,-96.6183,-15.6794
2740012,-0.4192,-0.4773,0.0403,221.5725,-79.1450,-12.1985
2740026,-0.3916,-0.5364,-0.2432,196.5191,-62.0763,-6.3588
2740033,-0.3503,-0.5496,-0.3618,176.9160,-57.5954,-3.8702
2740043,-0.3257,-0.5576,-0.5217,150.5954,-54.2824,-0.2061
2740052,-0.3086,-0.5513,-0.6562,134.1603,-48.9847,5.4198
2740062,-0.2793,-0.5371,-0.7942,125.2290,-39.0687,12.5649
2740074,-0.2646,-0.5549,-0.9133,114.9847,-21.7328,19.0916
2740083,-0.2356,-0.6208,-1.0518,110.6718,-3.1527,20.8321
2740093,-0.2139,-0.6890,-1.2336,91.9618,20.6412,22.4886
2740102,-0.1663,-0.7036,-1.3953,64.1450,42.5496,20.8397
2740113,-0.0486,-0.6262,-1.5190,33.4885,64.8321,13.9466
2740123,0.0459,-0.5232,-1.5637,13.2443,87.3740,4.4580
2740133,0.1069,-0.4207,-1.5798,-4.2366,109.6412,-5.2137
2740146,0.2107,-0.3677,-1.5503,-35.4733,138.0992,-17.7634
2740153,0.2603,-0.3462,-1.4895,-61.1374,151.6107,-24.7939
2740163,0.2866,-0.3274,-1.3645,-105.1756,166.9160,-34.5420
2740173,0.2705,-0.2993,-1.1580,-146.3435,181.3206,-44.7252
2740183,0.2148,-0.2957,-0.9351,-167.3664,194.1527,-55.9924
2740193,0.1692,-0.2883,-0.6035,-176.6260,197.1298,-65.1603
2740203,0.1414,-0.3247,-0.3242,-177.7023,196.2595,-78.1374
2740213,-0.0225,-0.3374,0.0942,-200.9160,190.0763,-89.5343
2740223,-0.2051,-0.2664,0.5850,-231.9008,185.7634,-94.5649
2740233,-0.3940,-0.1707,1.1785,-250.1374,187.5267,-95.8550
2740243,-0.5208,-0.0671,1.7896,-250.1374,189.5878,-92.5267
2740253,-0.5544,0.0518,1.9999,-250.1374,186.4198,-89.1221
2740262,-0.5532,0.1846,1.9999,-235.8397,174.7176,-84.7863
2740272,-0.5642,0.3115,1.9999,-208.8855,154.2672,-81.5115
2740282,-0.4983,0.4312,1.9999,-179.3588,126.4962,-80.6565
2740292,-0.4768,0.5623,1.9999,-156.7710,90.4351,-73.9618
2740305,-0.4402,0.6626,1.9999,-145.0611,37.2672,-55.7176
2740313,-0.4719,0.7292,1.9999,-136.8321,10.4962,-42.4275
2740323,-0.4705,0.8125,1.9999,-123.0611,-11.4809,-26.7405
2740333,-0.4421,0.8210,1.9999,-95.7328,-20.4427,-16.3511
2740344,-0.3826,0.7883,1.9999,-83.9847,-29.8321,-9.5649
2740353,-0.3535,0.8286,1.9999,-62.0611,-39.1145,-8.8931
2740363,-0.2949,0.6936,1.9999,-27.9924,-54.0611,-7.2137
2740373,-0.2439,0.7173,1.9999,1.8168,-74.9542,-2.0916
2740383,-0.2380,0.5981,1.9999,35.9008,-97.2366,0.5496
2740393,-0.2373,0.5337,1.9999,55.8473,-125.2748,6.0534
2740403,-0.2439,0.4382,1.9999,76.2061,-150.6260,10.6718
2740413,-0.2844,0.3904,1.9999,99.2977,-164.4198,12.6183
2740422,-0.3237,0.3779,1.9999,119.5115,-171.0763,15.4733
2740432,-0.3186,0.3101,1.9999,133.0000,-169.8550,17.9618
2740445,-0.2771,0.2180,1.9999,135.4198,-166.5802,19.7023
2740453,-0.2212,0.1973,1.9604,132.4351,-167.9847,17.4046
2740463,-0.1453,0.1711,1.8765,138.5038,-172.2519,7.5344
2740473,-0.1401,0.1155,1.6975,154.6412,-174.9466,-2.3053
2740483,-0.2083,0.0173,1.4651,170.8473,-174.2366,-8.2977
2740493,-0.2546,-0.0874,1.2239,180.8855,-170.2977,-12.1908
2740503,-0.3303,-0.2336,0.9373,186.7939,-164.1450,-15.8626
2740513,-0.3484,-0.2944,0.7065,182.2443,-155.0229,-16.9084
2740523,-0.3535,-0.3408,0.5088,178.0687,-142.6412,-17.8321
2740533,-0.3494,-0.3682,0.3545,178.2977,-124.6031,-18.9618
2740543,-0.3491,-0.3977,0.2092,180.0992,-104.7252,-17.9924
2740553,-0.3345,-0.4438,0.0603,174.0153,-86.8473,-15.2061
2740565,-0.2856,-0.4731,-0.1196,161.4198,-68.0000,-11.7405
2740573,-0.2913,-0.4993,-0.2341,152.9695,-61.2290,-8.9008
2740583,-0.2698,-0.4841,-0.3818,141.5954,-54.7023,-3.9924
2740593,-0.2334,-0.4836,-0.5088,129.1450,-47.8244,2.8779
2740603,-0.2009,-0.4778,-0.6340,114.0992,-39.7405,10.0687
2740613,-0.1516,-0.4658,-0.7351,93.9160,-29.9389,14.3664
2740625,-0.1201,-0.4316,-0.8311,70.1069,-10.6947,16.8626
2740633,-0.0935,-0.4380,-0.8674,63.5954,5.9466,17.2061
2740643,-0.0396,-0.3862,-0.9482,57.2061,31.5649,13.5954
2740652,0.0122,-0.3369,-1.0166,55.9847,58.3893,5.6336
2740663,0.0911,-0.2751,-1.1169,48.3511,82.9695,-3.5954
2740673,0.1448,-0.2322,-1.2102,33.1374,99.7634,-13.4580
2740683,0.1702,-0.2295,-1.2607,9.9847,109.9924,-19.3511
2740693,0.1523,-0.2539,-1.2971,-25.4198,115.5802,-22.2672
2740703,0.1343,-0.2271,-1.2466,-68.0840,121.9008,-24.8931
2740716,0.1396,-0.2063,-1.0728,-108.0305,133.8092,-34.9695
2740723,0.1069,-0.1929,-0.9832,-120.0611,139.9542,-41.9160
2740733,0.0967,-0.1086,-0.7742,-134.7710,146.4275,-49.3282
2740743,0.0691,-0.0515,-0.3711,-143.7023,150.7405,-54.8321
2740752,0.0310,-0.0234,0.1726,-152.0382,155.9924,-58.9237
2740763,0.0864,0.1069,0.7410,-162.7863,155.6641,-63.2061
2740773,0.1250,0.2495,1.2800,-170.4733,148.4427,-68.1221
2740783,0.0898,0.3745,1.9211,-177.1527,135.6565,-65.8397
2740793,0.0532,0.5120,1.9999,-171.8244,123.2748,-63.3435
2740803,0.0356,0.6714,1.9999,-149.3740,112.6565,-64.9847
2740812,0.0183,0.8379,1.9999,-114.1908,100.4122,-66.0382
2740824,-0.0608,1.0530,1.9999,-85.0840,82.9924,-63.6947
2740833,-0.0818,1.2112,1.9999,-65.9313,67.1069,-61.1298
2740843,-0.1313,1.3196,1.9999,-38.3664,47.4275,-56.6489
2740853,-0.2314,1.3218,1.9999,-10.6794,39.1832,-49.8779
2740863,-0.2820,1.3252,1.9999,-5.1450,34.2214,-42.1756
2740873,-0.2798,1.2939,1.9999,-10.9008,24.2595,-34.2366
2740883,-0.2852,1.2524,1.9999,-10.5573,6.7481,-23.4504
2740893,-0.3164,1.2578,1.9999,-10.5649,-16.7557,-7.9466
2740903,-0.3164,1.2009,1.9999,13.2137,-39.7328,4.0229
2740913,-0.3062,1.1331,1.9999,46.2214,-62.0458,14.8244
2740923,-0.2842,1.0713,1.9999,78.5649,-86.3359,28.7405
2740933,-0.2493,0.9531,1.9999,110.4657,-105.7176,37.9008
2740943,-0.2393,0.8259,1.9999,137.4580,-119.7252,43.5802
2740953,-0.2581,0.6956,1.9399,157.6488,-121.1145,46.2824
2740962,-0.2791,0.6072,1.6458,171.9160,-113.4733,47.1603
2740976,-0.3000,0.4619,1.2759,178.4886,-94.3511,47.1069
2740983,-0.2842,0.3877,1.0786,180.5649,-84.1985,45.4198
2740993,-0.2239,0.3276,0.7693,171.9695,-69.2824,41.8092
2741005,-0.2344,0.1895,0.4851,137.7176,-61.3740,44.0916
2741013,-0.2532,0.1428,0.3455,111.9771,-57.4733,48.9084
2741022,-0.2390,0.1711,0.2686,85.0916,-48.6794,51.6336
2741032,-0.2053,0.1216,0.2131,73.2061,-36.3206,50.7481
2741043,-0.1929,0.0693,0.1245,74.4427,-22.4809,47.6641
2741053,-0.1604,0.0349,0.0317,65.5573,-11.7099,45.5420
2741063,-0.1331,0.0134,-0.0193,50.0763,-3.7634,44.7557
2741074,-0.1040,0.0466,-0.0278,35.5802,5.0916,44.2443
2741083,-0.0842,0.0583,-0.0073,26.9160,12.8092,46.6718
2741092,-0.0566,0.0789,0.0291,21.9313,21.5954,49.8092
2741102,-0.0232,0.0789,0.0564,19.8626,31.3435,52.3435
2741113,0.0400,0.0925,0.0659,18.9847,39.5496,52.2748
2741123,0.1150,0.1296,0.0930,14.0840,44.3740,51.9771
2741135,0.1824,0.1631,0.1311,7.5725,47.6031,49.5038
2741143,0.2266,0.1841,0.1853,4.0076,49.7176,47.2824
2741153,0.2417,0.2219,0.2659,-2.7634,56.9160,44.4962
2741163,0.2542,0.2678,0.3633,-6.8626,68.1069,40.7557
2741173,0.3408,0.3396,0.4758,-3.3893,78.6183,34.2595
2741183,0.3850,0.3630,0.5476,4.1527,83.6412,27.6565
2741193,0.4126,0.3801,0.5674,5.7405,84.7481,24.2901
2741203,0.4070,0.3926,0.6133,-1.2290,86.2672,22.0916
2741213,0.4414,0.4316,0.6946,-8.6031,88.3130,17.3740
2741222,0.4763,0.5200,0.7827,-11.5420,89.2137,12.1756
2741232,0.4646,0.5234,0.8247,-9.7863,86.1145,8.6718
2741243,0.4497,0.5461,0.8638,-12.3359,79.7786,7.2137
2741253,0.4082,0.5496,0.9192,-18.5038,75.8321,6.6412
2741262,0.3770,0.5676,0.9673,-24.9160,73.8321,5.4962
2741277,0.3464,0.5955,1.0317,-21.8015,72.9466,2.2595
2741283,0.3474,0.6113,1.0491,-18.4962,73.6641,-1.0382
2741293,0.3174,0.6238,1.0110,-9.9389,72.8931,-4.7863
2741303,0.3047,0.6213,1.0427,-0.9313,72.3130,-8.3435
2741313,0.2795,0.6150,1.0247,5.9237,72.2443,-13.6794
2741323,0.2551,0.6353,1.0496,14.6947,76.7710,-20.4427
2741333,0.2393,0.6462,1.0305,22.7023,80.3282,-25.5114
2741343,0.2644,0.6560,1.0200,28.5649,82.1908,-28.5038
2741353,0.2751,0.6746,0.9487,30.6260,80.7481,-32.8168
2741363,0.3015,0.6538,0.8748,26.6641,75.8397,-36.6794
2741373,0.3118,0.6370,0.7949,20.9542,71.2672,-41.6107
2741383,0.3281,0.6519,0.7109,17.5573,65.1069,-47.2366
2741393,0.3108,0.6392,0.6340,14.1450,55.1985,-52.2672
2741403,0.2966,0.6389,0.6111,4.8550,46.7328,-55.1985
2741413,0.2571,0.6677,0.5862,-13.0534,40.4885,-59.3893
2741423,0.1748,0.7319,0.6470,-33.2290,37.2061,-60.8168
2741433,0.0962,0.7747,0.7488,-40.8855,42.0382,-61.8626
2741444,0.0298,0.8423,0.8157,-37.8702,56.4122,-67.0763
2741453,-0.0093,0.8584,0.8469,-35.0534,67.2137,-71.8473
2741463,-0.0393,0.9048,0.9290,-38.5344,74.0153,-75.5573
2741473,-0.0979,0.9521,0.9863,-45.2901,71.7176,-76.5343
2741483,-0.1489,1.0156,1.1118,-55.1221,61.4275,-73.0153
2741493,-0.2288,1.0708,1.2344,-60.6183,47.7099,-65.6183
2741503,-0.2935,1.1028,1.3728,-59.4580,35.0687,-59.7252
2741513,-0.3420,1.1255,1.5178,-56.6183,21.0611,-54.0000
2741523,-0.3835,1.1270,1.6033,-52.9237,3.5573,-47.8015
2741533,-0.4172,1.1445,1.7012,-50.7786,-15.9924,-39.8244
2741543,-0.4644,1.1636,1.7581,-42.6794,-30.3130,-30.2366
2741553,-0.5095,1.1450,1.8093,-28.0076,-35.3588,-24.7328
2741563,-0.5320,1.1248,1.8015,-15.4046,-36.6183,-20.7863
2741573,-0.5618,1.0576,1.7725,-7.4046,-38.3511,-16.9389
2741583,-0.6240,1.0093,1.7554,-4.2595,-40.8702,-10.8626
2741595,-0.6782,1.0015,1.7847,7.0534,-47.7634,1.8931
2741603,-0.6956,0.9895,1.7729,20.7405,-53.6336,9.0534
2741613,-0.7063,0.9397,1.7231,39.0992,-63.8779,18.7099
2741622,-0.6980,0.8835,1.6323,51.9466,-77.0153,28.0916
2741632,-0.6836,0.8220,1.5549,59.2061,-93.2672,39.3206
2741643,-0.6775,0.7571,1.4788,68.0763,-108.4885,51.0840
2741653,-0.6582,0.6873,1.3960,77.3435,-118.8779,61.0611
2741663,-0.6421,0.6226,1.3298,84.1450,-123.7099,69.2748
2741672,-0.6055,0.5481,1.2168,95.8855,-123.2137,76.4198
2741687,-0.5361,0.4104,1.0200,113.2290,-112.5649,80.6641
2741693,-0.5105,0.3647,0.9275,116.3893,-107.2901,81.7328
2741703,-0.4751,0.2896,0.7749,121.5420,-93.2672,82.4046
2741713,-0.4470,0.1941,0.6272,126.8473,-74.6565,81.5038
2741723,-0.3911,0.1042,0.4490,128.4733,-54.6489,80.3893
2741736,-0.2795,-0.0479,0.2002,119.8931,-30.4809,73.6412
2741743,-0.2168,-0.0940,0.0674,111.4198,-23.2748,71.0992
2741753,-0.1467,-0.1523,-0.0906,86.3130,-19.0000,69.1450
2741763,-0.0811,-0.2168,-0.2031,57.3282,-17.8931,71.1374
2741773,-0.0305,-0.2378,-0.3167,37.3740,-16.5725,71.2748
2741783,0.0239,-0.2666,-0.4119,25.1679,-14.3206,69.6718
2741793,0.0728,-0.3110,-0.4871,18.5649,-11.0687,67.1374
2741803,0.1047,-0.3594,-0.5552,15.2214,-3.2290,60.5496
2741813,0.1504,-0.3740,-0.6448,16.3664,9.2748,52.7252
2741822,0.2019,-0.4202,-0.7075,20.8015,26.2061,43.6107
2741832,0.2607,-0.4790,-0.8235,21.7939,43.5038,28.4886
2741843,0.3545,-0.4670,-1.0708,17.1527,56.1527,4.6107
2741853,0.3792,-0.4905,-1.2209,-6.5954,63.3130,-17.0534
2741863,0.3599,-0.5208,-1.2815,-51.9924,65.9313,-31.6183
2741873,0.2974,-0.4929,-1.2578,-110.0153,68.2977,-38.3511
2741887,0.2783,-0.4062,-1.0203,-180.9771,78.8931,-36.9695
2741893,0.2937,-0.3518,-0.8735,-197.0229,86.9924,-39.1908
2741903,0.2688,-0.3230,-0.5681,-213.7099,106.2443,-49.1069
2741913,0.2627,-0.2432,-0.2710,-223.7481,129.8092,-63.5878
2741923,0.2297,-0.2305,0.0327,-224.5802,152.5573,-80.0458
2741932,0.2551,-0.2625,0.2954,-219.7634,160.6031,-93.5725
2741942,0.2742,-0.1562,0.6135,-225.6565,153.3359,-106.5802
2741953,0.2310,-0.1553,0.8435,-246.9237,123.5954,-108.5649
2741963,0.0708,-0.1577,1.4238,-250.1374,80.6947,-94.1756
2741973,-0.0071,-0.1106,1.9999,-250.1374,42.8550,-75.8779
2741983,-0.0466,-0.0076,1.9999,-250.1374,13.1985,-57.8702
2741993,-0.0601,0.1372,1.9999,-250.1374,-0.6794,-48.9313
2742003,-0.1562,0.2454,1.9999,-250.1374,3.5191,-50.8702
2742013,-0.2297,0.3782,1.9999,-250.1374,18.5649,-60.3282
2742022,-0.2444,0.5488,1.9999,-200.3512,39.0763,-69.3130
2742032,-0.3779,0.5874,1.9999,-135.4580,52.1908,-72.0153
2742042,-0.3728,0.5850,1.9999,-92.3969,53.3053,-66.2061
2742052,-0.3870,0.5955,1.9999,-55.8092,39.9466,-60.2214
2742064,-0.4597,0.6052,1.9999,-44.6183,8.4580,-46.6489
2742073,-0.4993,0.6191,1.9999,-41.6336,-18.9237,-34.3053
2742083,-0.5298,0.5811,1.9999,-33.7176,-48.3206,-21.4886
2742093,-0.5618,0.5779,1.9999,-16.1298,-73.1374,-7.1374
2742103,-0.5774,0.5381,1.9999,15.2290,-91.8626,4.4733
2742113,-0.5508,0.4919,1.9999,52.8168,-108.3435,11.9084
2742123,-0.5164,0.4045,1.9999,86.9237,-122.8931,12.1298
2742133,-0.4631,0.3596,1.9999,111.6489,-135.8321,8.8855
2742143,-0.3699,0.3516,1.9999,124.3282,-147.0992,14.1756
2742152,-0.3540,0.3616,1.9999,134.3359,-157.3817,19.4351
2742163,-0.3220,0.3154,1.9999,143.8779,-167.9924,23.8397
2742173,-0.2974,0.2803,1.9956,157.6794,-174.1603,26.6565
2742183,-0.3062,0.2205,1.8499,169.4809,-177.7023,26.4122
2742192,-0.2854,0.1704,1.6704,187.9008,-178.8626,25.0305
2742202,-0.3025,0.1201,1.5317,202.4580,-178.5114,24.6565
2742213,-0.2988,0.0625,1.3577,219.8397,-173.6641,23.9618
2742223,-0.3032,-0.0273,1.1704,239.1450,-165.3435,23.0763
2742232,-0.3491,-0.1121,0.9705,250.1298,-156.4504,23.5878
2742243,-0.3782,-0.2705,0.7070,250.1298,-145.8702,20.1450
2742253,-0.3589,-0.3477,0.4719,250.1298,-137.6412,17.4046
2742262,-0.3667,-0.4126,0.2644,250.1298,-133.6947,24.1908
2742276,-0.3389,-0.4534,0.0959,231.0840,-130.4733,33.8626
2742283,-0.3291,-0.4746,0.0005,220.7786,-127.3282,37.1069
2742293,-0.3157,-0.5156,-0.1548,210.8702,-121.8779,40.4656
2742303,-0.3245,-0.5452,-0.3508,197.3588,-113.8397,45.5954
2742313,-0.3174,-0.6877,-0.5913,181.3893,-103.2595,47.8015
2742323,-0.2854,-0.7161,-0.8049,157.4122,-94.0992,47.6031
2742333,-0.2288,-0.7068,-0.9529,120.6260,-83.0000,43.7176
2742345,-0.1199,-0.6631,-1.1016,76.2290,-59.1145,30.4198
2742353,-0.0718,-0.6458,-1.1443,52.9237,-38.6412,24.5573
2742363,-0.0056,-0.6606,-1.2070,28.7099,-3.5496,14.7328
2742373,0.1033,-0.5881,-1.2712,6.0687,40.8855,-2.9542
2742383,0.1367,-0.5444,-1.3313,-17.0229,90.4046,-21.3893
2742393,0.1479,-0.5156,-1.3608,-42.5344,139.1679,-35.5573
2742406,0.2153,-0.4778,-1.3640,-81.6260,190.7710,-47.6947
2742413,0.2759,-0.4343,-1.3418,-104.4657,210.0992,-52.5191
2742423,0.3232,-0.4253,-1.2891,-139.9389,231.4122,-63.0382
2742433,0.3179,-0.4048,-1.1572,-183.4886,246.1145,-75.8092
2742442,0.3108,-0.4419,-0.9878,-224.7328,250.1298,-88.9847
2742452,0.2607,-0.4731,-0.7461,-250.1374,250.1298,-102.4351
2742463,0.2109,-0.4639,-0.4304,-250.1374,250.1298,-110.3053
2742473,0.1099,-0.4932,0.0022,-250.1374,250.1298,-113.6565
2742483,-0.0186,-0.4568,0.5798,-250.1374,250.1298,-110.4275
2742493,-0.1187,-0.4128,1.2524,-250.1374,245.1908,-104.0458
2742503,-0.1848,-0.3967,1.9999,-250.1374,236.5420,-106.2519
2742513,-0.2151,-0.2578,1.9999,-250.1374,221.6565,-114.9160
2742523,-0.4390,-0.0491,1.9999,-250.1374,199.4962,-113.0916
2742533,-0.6096,0.1746,1.9999,-250.1374,169.3893,-104.1069
2742543,-0.8511,0.3562,1.9999,-250.1374,134.8931,-98.2137
2742553,-0.9453,0.4597,1.9999,-178.6031,95.8550,-84.8855
2742563,-1.0510,0.4641,1.9999,-116.0611,52.8931,-69.3282
2742573,-1.0876,0.5134,1.9999,-73.0763,12.8473,-52.1679
2742583,-1.0032,0.6094,1.9999,-59.2901,-26.1069,-27.9389
2742597,-0.9268,0.5996,1.9999,-41.5954,-60.8779,-3.4733
2742603,-0.8713,0.6414,1.9999,-28.8473,-70.6870,3.6031
2742613,-0.7810,0.5410,1.9999,0.7863,-84.1832,15.1450
2742623,-0.6746,0.4836,1.9999,43.1756,-93.6183,23.9160
2742633,-0.5710,0.4055,1.9999,92.5725,-100.5191,30.9313
2742642,-0.4973,0.2905,1.9999,140.5725,-107.0153,34.3359
2742652,-0.4038,0.1978,1.9999,176.9542,-117.1374,35.0382
2742663,-0.3176,0.1216,1.9999,195.9618,-130.8015,38.7099
2742673,-0.2832,0.0906,1.9999,200.3359,-143.2595,43.2061
2742683,-0.2520,0.0325,1.8435,203.7634,-155.2214,45.7176
2742693,-0.2043,-0.0098,1.6157,203.3359,-162.8092,47.9160
2742703,-0.2004,-0.0654,1.3555,201.0076,-166.4046,47.8321
2742713,-0.1931,-0.0916,1.1584,202.2061,-167.3053,46.1527
2742723,-0.1851,-0.1348,0.9861,207.6947,-162.0687,42.3893
2742732,-0.2002,-0.1477,0.8755,208.0000,-155.0992,41.3969
2742742,-0.2273,-0.1873,0.7002,209.5802,-149.4580,39.6107
2742752,-0.2139,-0.2070,0.5403,209.3359,-143.3664,38.3740
2742762,-0.2249,-0.2375,0.4099,200.5191,-139.3817,40.1832
2742772,-0.2258,-0.2461,0.2625,192.0916,-134.5725,42.1298
2742782,-0.2017,-0.2500,0.1709,182.5573,-128.1221,42.6947
2742792,-0.1943,-0.2397,0.1052,169.6260,-120.3511,43.8550
2742803,-0.1687,-0.2373,0.0220,159.5802,-111.1221,43.9008
2742813,-0.1362,-0.2412,-0.0342,150.7328,-100.1450,42.8550
2742823,-0.1187,-0.2502,-0.0898,139.7252,-87.1908,41.9237
2742833,-0.0972,-0.2764,-0.1384,131.8397,-72.0305,39.3588
2742847,-0.0266,-0.3208,-0.2234,123.8779,-47.6565,33.2748
2742853,-0.0022,-0.3437,-0.2576,120.5649,-37.9313,31.0992
2742863,0.0481,-0.3303,-0.3584,112.2061,-21.0305,25.0382
2742872,0.0979,-0.3496,-0.4509,100.2061,-6.7634,19.0229
2742882,0.1455,-0.3667,-0.6194,85.5343,7.4122,14.0458
2742892,0.2085,-0.3254,-0.7722,66.3053,23.4504,10.4275
2742903,0.2720,-0.2737,-0.8875,49.0382,43.2595,6.6183
2742913,0.3262,-0.2288,-0.9961,35.0076,66.6031,-0.9847
2742923,0.3767,-0.2056,-1.1284,19.4656,90.9618,-13.2748
2742933,0.3926,-0.2063,-1.2637,-6.6260,114.2290,-23.8244
2742943,0.3916,-0.2117,-1.3423,-46.8321,139.0611,-32.0534
2742953,0.3879,-0.2239,-1.3162,-97.0458,176.3130,-43.2748
2742963,0.3728,-0.2209,-1.2183,-138.1985,223.6947,-58.0305
2742973,0.4053,-0.2202,-1.0112,-171.2595,250.1298,-80.5496
2742983,0.4387,-0.2749,-0.6912,-196.6947,250.1298,-107.6947
2742993,0.5129,-0.3403,-0.3032,-215.6183,250.1298,-136.7252
2743003,0.4976,-0.4229,0.1838,-233.3512,250.1298,-173.0229
2743013,0.3530,-0.4258,0.7361,-250.1374,250.1298,-199.3817
2743022,-0.0137,-0.3499,1.3142,-250.1374,250.1298,-207.4962
2743032,-0.3347,-0.2131,1.8594,-250.1374,250.1298,-201.1374
2743043,-0.8455,-0.0698,1.9999,-250.1374,204.1756,-183.7939
2743053,-1.1531,0.1838,1.9999,-250.1374,145.4504,-158.6794
2743063,-1.3250,0.3931,1.9999,-183.1450,99.2672,-133.9313
2743072,-1.4673,0.3894,1.9999,-128.9618,70.5038,-111.0000
2743082,-1.4338,0.4700,1.9999,-71.5725,56.0229,-93.7328
2743094,-1.4121,0.6252,1.9999,-25.5420,48.3282,-78.3664
2743103,-1.3164,0.6514,1.9999,6.4046,53.7176,-71.3817
2743113,-1.1899,0.6719,1.9999,43.5496,78.0458,-62.9924
2743122,-1.1050,0.6484,1.9999,74.1908,107.3282,-59.0763
2743132,-0.9683,0.5569,1.8206,89.2672,136.8702,-59.5038
2743143,-0.8191,0.4946,1.4958,99.6260,160.1832,-62.5725
2743153,-0.7163,0.4556,1.2715,103.2443,170.1908,-63.5420
2743166,-0.6394,0.4082,1.0029,100.2977,174.5267,-59.7634
2743173,-0.6199,0.3921,0.9287,95.4275,173.0840,-56.7252
2743183,-0.5728,0.3499,0.7993,88.5038,163.8779,-50.5649
2743192,-0.5342,0.3455,0.6985,79.6718,147.7099,-45.3588
2743205,-0.5452,0.3223,0.6523,58.4046,120.9084,-36.2748
2743213,-0.5615,0.3479,0.6501,47.1756,103.1908,-28.6794
2743223,-0.5513,0.3689,0.6772,40.6718,84.8397,-21.4886
2743233,-0.5688,0.3557,0.6941,41.2061,75.5573,-18.4427
2743243,-0.5742,0.3608,0.7214,42.9160,75.1985,-20.1527
2743253,-0.6089,0.3582,0.7268,41.6031,81.3206,-24.0611
2743266,-0.6379,0.3784,0.7468,40.4809,94.0382,-30.3588
2743273,-0.6602,0.3799,0.7812,37.3817,100.4809,-32.0153
2743283,-0.6597,0.3926,0.8013,32.8321,105.7023,-34.7405
2743293,-0.6377,0.4141,0.7898,32.2137,102.4962,-36.7634
2743303,-0.6218,0.4153,0.7825,31.9389,91.1756,-36.5420
2743313,-0.6208,0.4016,0.7556,32.1450,72.9084,-34.3893
2743323,-0.6421,0.3892,0.7554,33.5725,53.1985,-32.6107
2743333,-0.6533,0.3896,0.7546,37.8168,35.7634,-30.4427
2743343,-0.6709,0.3611,0.7637,40.5038,21.2519,-29.7405
2743353,-0.6658,0.3418,0.7793,36.6183,6.6107,-30.6336
2743363,-0.6528,0.3376,0.8357,25.3893,-8.6794,-32.2824
2743373,-0.6675,0.3628,0.8542,14.3282,-20.5114,-31.8855
2743385,-0.7195,0.3813,0.9207,1.7863,-29.4046,-31.4351
2743393,-0.7441,0.3882,0.9370,-2.4122,-32.5573,-30.9847
2743407,-0.7910,0.3926,0.9414,-1.5573,-35.0305,-31.1221
2743413,-0.8047,0.3987,0.9451,-0.7863,-33.7328,-30.7939
2743423,-0.8125,0.3806,0.9668,0.1756,-28.8244,-33.1221
2743433,-0.7664,0.3582,0.9727,-6.1221,-28.4580,-34.6641
2743443,-0.7092,0.3574,0.9971,-19.2824,-36.1832,-36.3130
2743455,-0.6079,0.3379,1.0059,-37.1450,-56.0229,-41.5649
2743463,-0.5398,0.3296,0.9827,-45.8626,-73.9542,-43.0382
2743473,-0.4954,0.3137,0.9460,-53.0611,-103.1603,-40.6031
2743483,-0.5166,0.3032,0.9675,-54.4809,-127.4733,-40.0763
2743493,-0.5225,0.2983,1.0154,-55.3817,-142.1450,-42.2061
2743503,-0.5193,0.2693,0.9944,-52.4427,-151.6565,-40.6031
2743513,-0.5442,0.2461,1.0247,-45.7176,-156.4122,-39.8321
2743523,-0.5586,0.2556,1.0986,-45.4809,-153.4351,-42.1145
2743536,-0.5083,0.2244,1.1487,-53.0992,-145.2443,-45.0916
2743543,-0.4915,0.2058,1.1465,-54.3130,-141.6794,-46.2366
2743553,-0.4150,0.1606,1.1184,-53.6031,-140.2748,-45.5649
2743564,-0.4009,0.1484,1.0537,-53.2519,-149.9008,-36.8092
2743573,-0.4871,0.1704,1.0732,-53.5420,-158.9618,-23.3435
2743583,-0.5059,0.1594,1.1377,-53.0076,-165.1298,-6.6565
2743593,-0.4844,0.1775,1.2668,-49.6947,-158.2977,4.1908
2743603,-0.5098,0.2546,1.3728,-51.3282,-142.0458,4.3511
2743613,-0.4768,0.2070,1.4167,-42.4046,-116.3893,0.5573
2743622,-0.4417,0.1746,1.4277,-40.6336,-90.0534,-9.6412
2743632,-0.3687,0.1594,1.2454,-38.7023,-73.0000,-15.5725
2743643,-0.2561,0.1240,1.1631,-27.3740,-66.0611,-13.3206
2743653,-0.2036,0.1301,1.1619,-17.3130,-64.8244,-12.1221
2743663,-0.1904,0.1199,1.1543,-13.5344,-64.3435,-11.0000
2743673,-0.2141,0.1233,1.1563,-14.9466,-61.3664,-9.5878
2743683,-0.2261,0.1094,1.1426,-19.0534,-57.3664,-9.0763
2743692,-0.2529,0.0962,1.1243,-21.6260,-53.0840,-7.5344
2743702,-0.2336,0.1067,1.1306,-21.3435,-48.6947,-3.7786
2743713,-0.2317,0.1404,1.1606,-20.2061,-45.7481,-1.2366
2743723,-0.2009,0.1519,1.1643,-16.6107,-43.4733,-0.3130
2743733,-0.1885,0.1406,1.2053,-11.8397,-40.9847,-0.7176
2743747,-0.1865,0.1240,1.1553,-8.1374,-36.7252,-5.4504
2743753,-0.1973,0.1040,1.1169,-5.8244,-34.1985,-5.8626
2743763,-0.2168,0.0928,1.0781,-2.8321,-34.3053,-7.3817
2743773,-0.2292,0.0591,1.0930,-9.0000,-32.3053,-4.9847
2743783,-0.2878,0.0356,1.0684,-22.7099,-30.0000,-7.5725
2743793,-0.2454,0.0227,1.0796,-37.6107,-29.1527,-5.2137
2743803,-0.2971,0.0952,1.2595,-67.1069,-40.7405,-1.4809
2743813,-0.1379,0.0063,1.1709,-83.5420,-48.3969,7.0992
2743823,-0.1919,-0.0078,0.9902,-60.8321,-54.9542,11.5496
2743832,-0.2432,0.0291,1.0864,-34.6718,-60.3511,11.5878
2743843,-0.2075,0.0603,1.2566,-28.2366,-60.2061,13.9695
2743853,-0.1975,0.0603,1.2798,-29.1832,-49.5267,14.9542
2743864,-0.2209,0.0669,1.3074,-33.4504,-32.5649,7.9847
2743873,-0.2070,0.0588,1.2866,-35.5038,-23.1069,1.4122
2743883,-0.2053,0.0354,1.2197,-28.3206,-13.7023,-4.7023
2743893,-0.2170,0.0132,1.0491,1.9542,1.5344,-16.0458
2743903,-0.1506,0.0232,1.0369,43.3817,2.1756,-23.1221
2743913,-0.0850,0.0286,1.0801,66.7939,-6.2061,-23.0992
2743923,-0.0706,0.0769,1.2207,56.4046,-19.9008,-15.6183
2743933,-0.1025,0.0896,1.2681,28.1756,-21.7557,-6.9771
2743943,-0.0442,0.0403,1.1882,6.4275,-15.9237,1.3664
2743953,-0.1633,0.0457,1.1045,-10.5191,-18.6794,2.9084
2743963,-0.0330,0.0327,1.0654,-17.8015,-22.1756,10.1450
2743973,-0.0337,0.0498,1.0579,-18.4122,-20.9466,14.9542
2743983,-0.0552,0.0500,1.0571,-17.2824,-21.0305,13.6183
2743993,-0.0769,-0.0188,0.9688,3.1756,2.4504,3.6412
2744003,-0.0374,-0.0950,0.6462,70.6565,43.6794,-14.9237
2744012,-0.2668,-0.0752,0.5459,149.2748,12.8244,-16.0763
2744022,-0.0798,0.0786,1.0554,198.6488,-58.9771,-1.3893
2744033,0.2974,0.2185,1.1987,171.8473,-25.4656,19.4504
2744043,0.9705,0.0535,1.6787,-33.4885,-21.7710,38.7481
2744052,-0.1104,0.0701,1.1306,-54.5420,-41.2290,47.8168
2744062,-0.4033,0.0374,0.9160,-27.5725,-66.6412,30.6870
2744074,-0.1714,0.0737,1.2002,-22.0916,-77.2977,18.8779
2744083,-0.0522,0.1357,1.3145,-41.8244,-70.3053,15.4885
2744092,-0.0950,0.2305,1.5603,-59.2519,-64.5343,13.7710
2744102,-0.2190,0.1431,1.3672,-17.3893,-49.7710,7.0229
2744113,-0.0049,0.3818,1.5100,2.6947,18.8931,-12.5191
2744123,-0.1172,0.1714,0.9707,4.9924,5.1832,-21.0458
2744132,-0.0137,0.0125,1.1252,1.0534,0.2901,-15.0687
2744145,0.0229,0.0303,1.0977,-4.3664,-10.2137,-6.0076
2744153,-0.0347,0.0249,1.0339,2.2290,-27.5954,-2.1603
2744162,0.0083,0.1030,1.1436,-2.2214,-32.0916,-1.3511
2744172,0.0273,0.1140,1.1340,-1.0305,-36.9847,-2.7023
2744182,0.0518,0.0674,1.2322,-0.3282,-32.5878,-2.6183
2744192,0.0295,0.0500,1.1814,-1.5420,-17.9389,-0.4122
2744202,-0.1028,0.0076,1.1362,-0.9237,-21.6183,1.9542
2744212,0.0759,0.0957,1.1484,0.9237,-16.8473,-1.1450
2744222,0.0625,0.1279,1.2300,-1.3588,1.7099,-0.4885
2744232,-0.0034,0.0366,1.0200,-0.5878,-9.0611,-1.1679
2744242,0.0483,0.0957,1.1875,-0.5496,-11.0000,-1.2366
2744252,0.0457,0.1001,1.1680,-0.7176,-2.6565,-1.1985
2744262,0.0332,0.0974,1.1375,-0.5802,-0.4962,-1.3588
2744272,0.0239,0.0986,1.1331,-0.8092,0.1374,-1.1832
2744282,0.0049,0.1008,1.1709,-1.0611,-3.3969,-1.1069
2744292,0.0186,0.0879,1.1292,-0.0153,-2.1145,-1.1603
2744302,0.0286,0.0913,1.1538,-0.4122,-0.2901,-1.3588
2744312,0.0359,0.0906,1.1448,-0.8015,-0.2137,-1.2366
2744322,0.0298,0.0945,1.1301,-0.2443,-0.4504,-1.2214
2744332,0.0295,0.0894,1.1458,-0.6107,1.6870,-1.2061
2744342,0.0303,0.0957,1.1421,-0.7710,0.4198,-1.1756
2744352,0.0298,0.0940,1.1265,-0.7634,0.5649,-1.1985
2744362,0.0327,0.0962,1.1497,-0.5420,1.9160,-1.1603
2744372,0.0332,0.0925,1.1406,-0.2824,0.9313,-1.3511
2744382,0.0264,0.0952,1.1406,-0.4885,0.9924,-1.3282
2744392,0.0378,0.0911,1.1399,-0.7099,1.8244,-1.2672
2744402,0.0291,0.0962,1.1423,-0.8931,1.1450,-1.3817
2744412,0.0273,0.0925,1.1372,-0.5496,1.5038,-1.1679
2744422,0.0356,0.0935,1.1472,-1.0916,1.3893,-1.2443
2744436,0.0361,0.0967,1.1516,-0.6794,1.5191,-1.2061
2744443,0.0327,0.0925,1.1382,-0.7863,1.3740,-1.1145
2744453,0.0327,0.0930,1.1458,-0.6107,1.4885,-1.5191
2744463,0.0366,0.0962,1.1406,-0.5267,1.3588,-1.4885
2744473,0.0322,0.0911,1.1338,-0.7481,1.2748,-1.3359
2744483,0.0354,0.0911,1.1484,-0.4733,1.4504,-1.1603
2744493,0.0305,0.0911,1.1357,-0.4351,0.9924,-0.9084
2744503,0.0364,0.0925,1.1377,-0.4504,1.5802,-1.2519
2744513,0.0398,0.0920,1.1472,-0.6641,1.5038,-1.2824
2744523,0.0312,0.0940,1.1396,-0.4962,1.3817,-1.0763
2744533,0.0266,0.0945,1.1445,-0.4885,1.6260,-1.2061
2744543,0.0408,0.0952,1.1450,-0.5038,1.8092,-1.4809
2744553,0.0273,0.0972,1.1357,-0.6794,1.4580,-1.3359
2744563,0.0347,0.0906,1.1484,-0.7252,1.5344,-1.2977
2744573,0.0344,0.0955,1.1389,-0.6107,1.6718,-1.3053
2744583,0.0356,0.0901,1.1404,-0.7252,1.3511,-1.0840
2744593,0.0347,0.0918,1.1426,-0.7634,1.4504,-1.5420
2744603,0.0369,0.0964,1.1436,-0.6336,1.7481,-1.1450
2744613,0.0320,0.0959,1.1353,-0.6336,1.3206,-1.4122
2744623,0.0317,0.0964,1.1462,-0.6947,1.8931,-1.0458
2744633,0.0334,0.0977,1.1404,-0.6947,1.5038,-1.2061
2744643,0.0310,0.0908,1.1367,-0.5038,1.6641,-1.3511
2744653,0.0298,0.0933,1.1335,-0.5496,1.7176,-1.4427
2744663,0.0339,0.0923,1.1458,-0.4885,1.4427,-1.3130
2744673,0.0295,0.0959,1.1421,-0.8244,1.5420,-1.1145
2744683,0.0342,0.0955,1.1399,-0.3588,1.8321,-1.2443
2744693,0.0356,0.0950,1.1323,-0.4733,1.8092,-1.4656
2744702,0.0273,0.0928,1.1455,-0.5038,1.5573,-1.5649
2744712,0.0356,0.0991,1.1365,-0.8550,1.6031,-1.2366
2744723,0.0344,0.0969,1.1440,-0.6870,1.5496,-0.9924
2744733,0.0308,0.0940,1.1431,-0.5496,1.7939,-1.3969
2744742,0.0356,0.0950,1.1450,-0.5649,1.8244,-1.3359
2744753,0.0391,0.0923,1.1382,-0.7176,1.6794,-1.3130
2744763,0.0334,0.0928,1.1409,-0.6641,1.3053,-1.2061
2744772,0.0393,0.0925,1.1399,-0.7557,1.7939,-1.3817
2744782,0.0361,0.0928,1.1428,-0.4046,1.7786,-1.3053
2744792,0.0369,0.0957,1.1426,-0.5802,1.9847,-1.2595
2744802,0.0386,0.0928,1.1436,-0.4351,1.6947,-1.3206
2744812,0.0334,0.0967,1.1394,-0.6794,1.8092,-1.4122
2744822,0.0344,0.0901,1.1455,-0.4427,1.3588,-1.0687
2744832,0.0293,0.1001,1.1382,-0.8092,1.3588,-1.1832
2744842,0.0308,0.0952,1.1401,-0.4656,1.4046,-1.3359
2744852,0.0342,0.0977,1.1475,-0.6489,1.5725,-1.5344
2744862,-0.1240,0.1421,1.1348,-0.6489,0.2290,-9.6794
2744872,-0.1792,0.1560,1.1890,-3.0611,-0.1450,-28.5649
2744882,-0.1140,0.1194,1.1448,-2.5802,0.8092,-39.9237
2744892,0.0168,0.0508,1.1511,-3.9618,-1.4962,-38.2137
2744902,0.2229,0.0149,1.1626,-1.3359,-2.5725,-23.5114
2744912,0.4136,0.0396,1.1135,0.1679,-0.1985,1.1374
2744922,0.0344,0.1824,1.1411,0.1603,1.0840,-2.0076
2744932,0.0486,0.0881,1.1479,-0.4046,2.9466,-1.5115
2744942,0.0405,0.0955,1.1462,-0.5267,2.0000,-1.4198
2744952,0.0417,0.0937,1.1433,-0.5267,2.1832,-1.3893
2744962,0.0332,0.0925,1.1348,-0.5496,2.0840,-1.3435
2744972,0.0383,0.0916,1.1272,-0.6260,2.7634,-1.3969
2744982,0.0164,0.0950,1.1111,-0.4504,-0.3893,-1.1145
2744992,0.0537,0.0964,1.2153,-0.4504,2.7557,-1.2901
2745002,0.0195,0.0952,1.1003,-0.6870,2.8473,-1.6718
2745012,0.0352,0.1064,1.1467,-0.5191,0.6718,-1.1374
2745022,0.0349,0.1094,1.1431,-0.5191,2.6870,-1.2366
2745032,0.0332,0.0945,1.1355,-0.6183,1.3282,-1.3359
2745042,0.0371,0.0962,1.1533,-0.5191,2.4885,-1.5115
2745052,0.0276,0.0869,1.1167,-0.6718,1.9618,-1.4962
2745062,0.0420,0.0876,1.1589,-0.4733,1.8168,-1.3130
2745072,0.0344,0.0923,1.1326,-0.4656,2.2519,-1.4885
2745082,0.0383,0.0896,1.1472,-0.5344,1.6565,-1.3053
2745092,0.0425,0.0942,1.1404,-0.5115,1.8550,-1.1908
2745102,0.0410,0.0967,1.1306,-0.6794,1.6718,-1.3053
2745112,0.0413,0.0989,1.1482,-0.5878,2.2366,-1.3740
2745122,0.0388,0.0942,1.1467,-0.4962,2.0229,-1.6412
2745132,0.0378,0.0950,1.1377,-0.5649,1.6870,-1.2824
2745142,0.0378,0.0920,1.1396,-0.5954,2.1450,-1.4656
2745153,0.0376,0.0859,1.1382,-0.6565,1.9389,-1.0458
2745163,0.0330,0.0923,1.1289,-0.6336,2.0458,-1.2595
2745173,0.0349,0.0925,1.1416,-0.7023,1.8015,-1.5496
2745182,0.0337,0.0959,1.1367,-0.6031,1.6336,-1.1908
2745192,0.0305,0.1028,1.1475,-0.6794,1.8626,-1.1069
2745203,0.0334,0.0986,1.1389,-0.7099,1.9237,-1.4580
2745213,0.0342,0.0972,1.1448,-0.6565,1.7176,-1.5573
2745223,0.0342,0.0901,1.1365,-0.6260,1.8168,-1.2824
2745233,0.0347,0.0916,1.1399,-0.7863,1.8550,-1.4198
2745243,0.0342,0.0925,1.1431,-0.7099,2.0153,-1.2901
2745253,0.0361,0.0903,1.1406,-0.6107,1.9160,-1.3053
2745263,0.0388,0.0886,1.1445,-0.5954,2.0305,-1.3588
2745272,0.0400,0.0972,1.1465,-0.6031,2.0687,-1.2519
2745282,0.0378,0.1008,1.1506,-0.4733,1.8244,-1.2672
2745293,0.0388,0.0952,1.1389,-0.5878,2.1450,-1.3359
2745303,0.0386,0.0962,1.1426,-0.6641,2.1450,-1.5267
2745314,0.0364,0.0957,1.1421,-0.5878,1.8626,-1.3359
2745323,0.0378,0.0869,1.1348,-0.7023,2.1679,-1.3130
2745332,0.0344,0.0945,1.1445,-1.0763,1.7328,-1.1908
2745342,0.0405,0.0923,1.1482,-0.6565,2.0916,-1.1832
2745353,0.0374,0.0928,1.1399,-0.5878,1.8244,-1.3206
2745363,0.0417,0.0947,1.1353,-0.4885,1.7252,-1.1985
2745372,0.0430,0.0957,1.1367,-0.5573,1.8092,-1.4580
2745382,0.0376,0.0981,1.1414,-0.4427,1.9542,-1.4733
2745392,0.0393,0.0923,1.1372,-0.8244,1.9008,-1.2061
2745402,0.0378,0.0937,1.1387,-0.5954,2.0534,-1.5802
2745416,0.0371,0.0908,1.1418,-0.6107,1.8779,-1.4275
2745423,0.0376,0.0913,1.1450,-0.5649,1.9008,-1.2977
2745433,0.0332,0.0959,1.1404,-0.4504,1.8244,-1.3359
2745442,0.0344,0.0974,1.1428,-0.6641,2.2061,-1.2443
2745452,0.0310,0.0911,1.1406,-0.5725,1.8626,-1.3893
2745463,0.0298,0.0994,1.1421,-0.6870,1.7634,-1.2901
2745473,0.0369,0.1025,1.1394,-0.5725,1.7328,-1.3359
2745483,0.0388,0.0959,1.1409,-0.5191,2.0840,-1.6260
2745493,0.0381,0.0901,1.1382,-0.5878,1.6336,-1.3817
2745503,0.0420,0.0947,1.1436,-0.7099,2.2672,-1.2824
2745513,0.0435,0.0933,1.1372,-0.2061,1.8550,-1.1603
2745523,0.0403,0.0945,1.1436,-0.5878,1.9771,-1.1679
2745532,0.0391,0.0955,1.1392,-0.5267,2.0687,-1.2061
2745543,0.0400,0.0957,1.1406,-0.3740,1.7863,-1.2061
2745553,0.0403,0.0945,1.1372,-0.4809,2.0000,-1.1756
2745566,0.0374,0.0920,1.1450,-0.7252,1.8931,-1.6565
2745573,0.0364,0.0945,1.1392,-0.5191,1.7863,-1.2137
2745583,0.0344,0.0959,1.1365,-0.4809,1.8321,-1.4198
2745595,0.0315,0.0950,1.1313,-0.5191,2.0229,-1.4046
2745603,0.0361,0.0916,1.1423,-0.6641,2.1221,-1.3282
2745613,0.0364,0.0952,1.1421,-0.5267,1.8550,-1.2672
2745623,0.0403,0.0889,1.1377,-0.5115,1.8931,-1.3740
2745633,0.0415,0.0969,1.1467,-0.3664,2.2214,-1.3130
2745643,0.0381,0.0940,1.1384,-0.6107,2.2519,-1.1221
2745653,0.0388,0.0969,1.1482,-0.7099,1.9084,-1.4504
2745663,0.0427,0.0935,1.1406,-0.6489,1.7481,-1.3664
2745673,0.0413,0.0886,1.1431,-0.6336,2.0534,-1.4046
2745683,0.0400,0.0879,1.1399,-0.4122,1.8626,-1.2901
2745693,0.0410,0.0898,1.1309,-0.8550,1.9695,-1.2901
2745703,0.0408,0.0918,1.1472,-0.7481,1.7939,-1.4122
2745713,0.0381,0.0972,1.1426,-0.3969,2.1069,-1.3664
2745723,0.0408,0.0986,1.1406,-0.5115,1.8702,-1.3969
2745733,0.0371,0.0945,1.1394,-0.5878,2.0458,-1.3130
2745742,0.0361,0.0950,1.1421,-0.7481,2.0763,-1.4656
2745752,0.0332,0.0920,1.1492,-0.5267,1.8779,-1.1756
2745765,0.0403,0.0928,1.1404,-0.3817,1.9313,-1.3893
2745773,0.0398,0.0916,1.1511,-0.5420,1.9084,-1.3435
2745783,0.0393,0.0928,1.1401,-0.5191,1.9466,-1.2824
2745793,0.0398,0.0901,1.1411,-0.6336,2.0992,-1.3053
2745803,0.0393,0.0918,1.1460,-0.5344,1.9771,-1.3664
2745813,0.0374,0.0952,1.1414,-0.4809,1.7023,-1.4351
2745823,0.0393,0.1001,1.1328,-0.4885,1.8168,-1.2061
2745833,0.0405,0.0928,1.1401,-0.5115,1.9924,-1.3206
2745843,0.0322,0.0984,1.1335,-0.4046,1.7634,-1.3130
2745852,0.0366,0.0974,1.1406,-0.5496,2.0458,-1.4580
2745863,0.0374,0.0947,1.1372,-0.5191,1.6260,-1.2748
2745873,0.0334,0.0911,1.1423,-0.6489,1.9160,-1.4275
2745883,0.0381,0.0933,1.1528,-0.4962,2.0458,-1.4275
2745893,0.0374,0.0913,1.1379,-0.2977,1.9237,-1.0458
2745903,0.0393,0.0920,1.1460,-0.8550,1.9237,-1.1832
2745913,0.0398,0.0925,1.1389,-0.5420,2.0763,-1.2672
2745923,0.0352,0.0935,1.1406,-0.4580,1.9313,-1.3053
2745935,0.0417,0.0925,1.1382,-0.6107,2.2977,-1.2519
2745943,0.0344,0.0986,1.1428,-0.7786,1.9542,-1.1450
2745953,0.0381,0.0969,1.1453,-0.5878,2.1145,-1.5038
2745962,0.0374,0.0869,1.1379,-0.5267,2.1450,-1.2748
2745972,0.0400,0.0984,1.1440,-0.5267,1.8321,-1.2824
2745982,0.0393,0.0969,1.1426,-0.7710,2.0000,-1.2290
2745992,0.0371,0.0969,1.1453,-0.6870,2.0458,-1.1374
2746002,0.0400,0.0928,1.1375,-0.4504,1.9695,-1.2214
2746012,0.0396,0.0964,1.1367,-0.5191,1.9618,-1.3664
2746022,0.0422,0.0967,1.1416,-0.7252,2.1603,-1.2366
2746032,0.0391,0.0930,1.1392,-0.6107,2.1679,-1.2977
2746042,0.0371,0.0918,1.1421,-0.5649,1.9771,-1.4809
2746052,0.0386,0.0969,1.1472,-0.5115,1.8092,-1.4504
2746062,0.0369,0.0952,1.1484,-0.7328,1.7634,-1.4198
2746074,0.0400,0.0955,1.1428,-0.6260,2.0076,-1.4504
2746083,0.0413,0.0964,1.1328,-0.5649,1.9008,-1.2595
2746093,0.0415,0.0933,1.1462,-0.5191,1.9542,-1.5267
2746103,0.0398,0.0925,1.1423,-0.4809,2.1069,-1.3359
2746113,0.0381,0.0967,1.1389,-0.7710,2.2290,-1.3969
2746123,0.0369,0.0952,1.1389,-0.8321,1.9389,-1.4275
2746133,0.0444,0.0918,1.1399,-0.5420,1.8779,-1.4809
2746143,0.0417,0.0969,1.1418,-0.6947,2.0534,-1.4885
2746152,0.0393,0.0962,1.1450,-0.8550,1.9084,-1.1756
2746163,0.0369,0.0964,1.1436,-0.2901,1.9084,-1.4427
2746173,0.0422,0.0942,1.1384,-0.6260,1.9237,-1.5954
2746183,0.0403,0.0989,1.1431,-0.3969,1.9084,-1.1985
2746193,0.0398,0.0977,1.1428,-0.7786,1.9924,-1.4733
2746203,0.0371,0.0947,1.1360,-0.3969,2.0229,-1.2901
2746213,0.0413,0.0935,1.1458,-0.6260,1.9542,-1.2519
2746223,0.0400,0.0942,1.1355,-0.7176,2.1603,-1.3740
2746233,0.0398,0.0928,1.1404,-0.7099,2.0687,-1.2748
2746243,0.0405,0.0969,1.1399,-0.7481,2.1374,-1.4275
2746252,0.0369,0.0955,1.1448,-0.3893,2.1908,-1.1145
2746263,0.0386,0.0984,1.1426,-0.2519,1.8931,-1.1069
2746273,0.0371,0.0891,1.1406,-0.7405,1.8931,-1.4275
2746283,0.0393,0.0950,1.1423,-0.5954,1.9160,-1.3359
2746293,0.0388,0.0945,1.1404,-0.4198,1.9924,-1.1908
2746303,0.0371,0.0979,1.1406,-0.6870,2.0000,-1.1527
2746314,0.0376,0.0942,1.1414,-0.6336,1.9313,-1.3664
2746323,0.0398,0.0955,1.1404,-0.5496,1.9924,-1.4580
2746333,0.0361,0.0959,1.1418,-0.6336,1.8168,-1.1450
2746347,0.0391,0.0959,1.1472,-0.7328,2.0076,-1.3511
2746353,0.0400,0.0955,1.1460,-0.6336,1.9542,-1.3206
2746363,0.0420,0.0950,1.1440,-0.7176,1.7939,-1.5878
2746373,0.0410,0.0945,1.1533,-0.5267,2.0382,-1.4275
2746383,0.0410,0.0955,1.1460,-0.6794,1.9008,-1.1603
2746394,0.0413,0.0959,1.1448,-0.6489,1.9466,-1.1221
2746403,0.0427,0.0920,1.1365,-0.6107,1.9542,-1.3664
2746415,0.0369,0.0940,1.1362,-0.5344,2.0000,-1.3130
2746423,0.0354,0.0933,1.1401,-0.4122,1.9008,-1.2977
2746433,0.0388,0.0974,1.1421,-0.2901,2.0458,-1.3664
2746443,0.0391,0.0972,1.1401,-0.4809,2.1221,-1.3130
2746453,0.0386,0.0979,1.1482,-0.7634,1.8931,-1.5954
2746463,0.0386,0.0935,1.1477,-0.3588,2.1069,-0.9695
2746473,0.0378,0.0994,1.1350,-0.4580,1.9618,-1.0840
2746483,0.0386,0.0923,1.1460,-0.6336,2.1756,-1.4504
2746493,0.0437,0.0945,1.1401,-0.6183,2.0840,-1.6260
2746503,0.0398,0.0916,1.1423,-0.6107,1.8550,-1.5115
2746513,0.0400,0.0957,1.1367,-0.4885,2.0611,-1.2366
2746523,0.0396,0.0955,1.1348,-0.6412,2.1908,-1.4046
2746533,0.0393,0.0916,1.1421,-0.4504,1.8244,-1.4275
2746543,0.0400,0.0925,1.1392,-0.4809,2.0153,-1.3206
2746553,0.0398,0.0923,1.1431,-0.7328,1.9466,-1.1374
2746563,0.0400,0.0930,1.1353,-0.5420,1.8550,-1.3359
2746573,0.0420,0.0908,1.1387,-0.6947,2.3053,-1.2977
2746583,0.0430,0.0937,1.1389,-0.3435,1.9237,-1.3053
2746593,0.0349,0.0940,1.1365,-0.6565,2.1298,-1.3053
2746606,0.0371,0.0955,1.1418,-0.5573,1.9237,-1.0763
2746613,0.0391,0.0967,1.1382,-0.6336,1.9237,-1.2214
2746623,0.0366,0.0972,1.1448,-0.5878,2.0229,-1.3053
2746633,0.0400,0.0957,1.1365,-0.7939,2.0000,-1.3511
2746643,0.0410,0.0918,1.1458,-0.7863,2.0076,-1.4580
2746653,0.0391,0.0940,1.1438,-0.3511,1.9313,-1.3130
2746663,0.0405,0.0964,1.1460,-0.5496,1.9237,-1.2443
2746673,0.0427,0.0986,1.1411,-0.6336,2.0916,-1.2061
2746683,0.0439,0.0984,1.1372,-0.5420,2.2061,-1.3130
2746692,0.0393,0.0928,1.1416,-0.7710,1.8931,-1.3664
2746703,0.0388,0.0950,1.1394,-0.4198,2.1450,-1.4351
2746713,0.0425,0.0950,1.1414,-0.4885,1.8931,-1.3130
2746722,0.0430,0.0981,1.1409,-0.6641,2.1908,-1.3588
2746736,0.0381,0.0930,1.1377,-0.6412,1.8779,-1.1374
2746743,0.0413,0.0869,1.1321,-0.5573,2.0382,-1.2824
2746753,0.0393,0.0908,1.1406,-0.7099,2.1374,-1.2290
2746763,0.0361,0.0952,1.1433,-0.2519,1.8397,-1.4275
2746773,0.0369,0.0991,1.1428,-0.6260,1.9008,-1.5954
2746783,0.0371,0.0937,1.1301,-0.6565,1.8244,-1.1221
2746794,0.0400,0.0930,1.1401,-0.5191,2.1145,-1.4656
2746803,0.0413,0.0925,1.1379,-0.6489,1.8931,-1.4962
2746813,0.0391,0.0945,1.1421,-0.5496,1.9924,-1.3130
2746823,0.0403,0.0911,1.1436,-0.4198,2.2366,-1.4504
2746833,0.0405,0.0933,1.1411,-0.2672,2.0229,-1.4733
2746843,0.0403,0.0920,1.1387,-0.5496,1.9847,-1.2137
2746853,0.0405,0.0940,1.1418,-0.4275,2.0916,-1.3511
2746863,0.0378,0.0977,1.1409,-0.7405,2.0992,-1.3664
2746872,0.0396,0.0942,1.1440,-0.8092,1.9618,-1.2672
2746882,0.0413,0.0979,1.1384,-0.4504,1.7786,-1.3664
2746892,0.0374,0.0964,1.1404,-0.4733,1.9389,-1.4504
2746902,0.0442,0.0933,1.1409,-0.6794,1.9771,-1.0916
2746915,0.0398,0.0979,1.1494,-0.5725,2.1069,-1.3053
2746923,0.0400,0.0935,1.1418,-0.7099,1.9847,-1.4733
2746937,0.0381,0.0981,1.1350,-0.6794,2.0611,-1.2824
2746943,0.0381,0.0947,1.1404,-0.4198,1.9160,-1.7328
2746953,0.0396,0.0967,1.1335,-0.6947,1.9160,-1.0840
2746962,0.0422,0.0984,1.1362,-0.3511,1.9389,-1.2672
2746977,0.0459,0.0920,1.1396,-0.7710,2.0458,-1.3969
2746983,0.0435,0.0945,1.1409,-0.3893,2.0153,-1.2137
2746993,0.0420,0.0916,1.1440,-0.7099,2.0687,-1.4733
2747003,0.0420,0.0940,1.1401,-0.2595,1.9542,-1.3817
2747013,0.0422,0.0930,1.1404,-0.4275,2.0840,-1.1069
2747022,0.0420,0.0986,1.1379,-0.6412,1.8931,-1.4504
2747032,0.0430,0.1001,1.1379,-0.4046,1.9084,-1.3893
2747043,0.0371,0.0986,1.1418,-0.8321,2.0687,-1.3740
2747053,0.0413,0.0945,1.1360,-0.7786,2.0229,-1.3664
2747063,0.0374,0.0913,1.1406,-0.4962,2.2366,-1.5496
2747073,0.0393,0.0928,1.1260,-0.5267,2.5420,-1.3588
2747084,0.0408,0.0950,1.1453,-0.8168,2.0458,-1.1756
2747093,0.0413,0.0911,1.1460,-0.3511,2.0000,-1.3893
2747102,0.0413,0.0928,1.1423,-0.4580,2.0992,-1.2519
2747113,0.0410,0.0952,1.1377,-0.7328,1.8397,-1.5649
2747123,0.0447,0.0913,1.1375,-0.5267,2.1221,-1.3130
2747132,0.0405,0.0903,1.1338,-0.6412,2.2595,-1.2443
2747142,0.0398,0.0996,1.1362,-0.4962,2.0916,-1.2977
2747153,0.0408,0.0994,1.1448,-0.6641,2.0687,-1.3511
2747163,0.0403,0.0994,1.1479,-0.8321,2.1985,-1.1679
2747173,0.0427,0.0991,1.1467,-0.7634,2.1603,-1.4427
2747183,0.0430,0.0894,1.1438,-0.3969,2.2977,-1.4962
2747193,0.0430,0.0874,1.1350,-0.6947,1.8626,-1.2137
2747203,0.0366,0.0898,1.1409,-0.5954,2.1221,-1.3893
2747213,0.0356,0.0989,1.1431,-0.4656,2.0229,-1.5267
2747223,0.0376,0.0959,1.1409,-0.4962,2.0382,-1.2443
2747233,0.0413,0.0977,1.1379,-0.5649,2.0534,-1.3130
2747243,0.0405,0.0986,1.1362,-0.6031,2.2061,-1.3817
2747253,0.0378,0.0933,1.1436,-0.5573,1.8779,-1.4427
2747263,0.0400,0.0916,1.1470,-0.8015,1.8779,-1.2061
2747273,0.0393,0.0937,1.1460,-0.3969,1.9313,-1.2290
2747283,0.0410,0.0950,1.1384,-0.5954,1.8168,-1.1985
2747293,0.0447,0.0972,1.1423,-0.5267,2.0382,-1.3817
2747304,0.0408,0.0930,1.1443,-0.7405,2.0763,-1.4351
2747313,0.0405,0.0923,1.1418,-0.7481,2.2290,-1.4733
2747323,0.0383,0.0967,1.1477,-0.3435,2.0076,-1.3053
2747333,0.0442,0.0916,1.1394,-0.5725,1.9008,-1.5496
2747343,0.0376,0.0928,1.1367,-0.7023,1.9695,-1.4046
2747353,0.0432,0.1003,1.1477,-0.5573,1.7863,-1.0687
2747363,0.0383,0.0996,1.1396,-0.5878,1.9389,-1.4198
2747373,0.0430,0.0903,1.1340,-0.5954,1.9389,-1.3130
2747383,0.0447,0.0962,1.1414,-0.7328,1.9084,-1.4809
2747393,0.0381,0.0930,1.1426,-0.7099,2.0076,-1.1679
2747403,0.0391,0.0977,1.1382,-0.6412,2.1069,-1.2977
2747413,0.0396,0.0950,1.1401,-0.4504,1.9084,-1.0611
2747423,0.0417,0.0991,1.1477,-0.5802,2.0840,-1.5115
2747433,0.0415,0.0937,1.1428,-0.6870,1.7634,-1.4656
2747443,0.0393,0.0884,1.1377,-0.4198,2.0153,-1.5267
2747453,0.0432,0.0950,1.1475,-0.8397,2.1985,-1.2824
2747462,0.0413,0.0928,1.1440,-0.6183,1.9237,-1.2061
2747472,0.0403,0.0908,1.1353,-0.5878,2.1756,-1.5267
2747482,0.0371,0.0952,1.1382,-0.4962,1.9542,-1.3282
2747492,0.0408,0.0913,1.1367,-0.4351,2.1221,-1.2748
2747502,0.0376,0.0974,1.1411,-1.0000,2.1756,-1.1527
2747515,0.0383,0.0955,1.1458,-0.4733,1.9771,-1.4351
2747523,0.0386,0.0923,1.1370,-0.6641,2.0916,-1.2061
2747533,0.0422,0.0981,1.1475,-0.8397,1.9466,-1.3435
2747542,0.0425,0.0942,1.1404,-0.5191,2.0992,-1.4046
2747552,0.0425,0.0940,1.1377,-0.6412,1.7634,-1.5725
2747562,0.0376,0.0918,1.1406,-0.5420,2.0458,-0.9771
2747573,0.0381,0.0913,1.1411,-0.4198,2.0229,-1.3206
2747583,0.0425,0.0925,1.1406,-0.4275,1.8779,-1.3588
2747593,0.0435,0.0967,1.1475,-0.6718,2.0305,-1.2443
2747603,0.0413,0.0906,1.1418,-0.6718,2.0992,-1.0305
2747616,0.0410,0.0959,1.1421,-0.6641,1.9389,-1.7023
2747623,0.0381,0.0969,1.1436,-0.5802,1.9771,-1.3053
2747633,0.0403,0.0942,1.1416,-0.7481,2.1374,-1.3282
2747643,0.0403,0.0972,1.1416,-0.6794,1.7863,-1.2519
2747653,0.0413,0.0940,1.1360,-0.3969,1.8702,-1.0687
2747663,0.0435,0.0923,1.1350,-0.5038,2.2366,-1.1221
2747673,0.0425,0.0920,1.1414,-0.7710,2.0382,-1.0763
2747683,0.0376,0.0925,1.1409,-0.3511,2.0229,-1.0992
2747693,0.0420,0.0930,1.1416,-0.2901,2.3435,-1.1298
2747703,0.0398,0.0955,1.1440,-0.4427,1.8626,-1.5344
2747713,0.0420,0.0942,1.1379,-0.2595,2.0229,-1.4427
2747723,0.0420,0.0964,1.1353,-0.7023,2.0382,-1.1374
2747733,0.0400,0.0908,1.1450,-0.5573,2.2137,-1.5344
2747743,0.0427,0.0945,1.1389,-0.8244,2.0153,-1.5115
2747753,0.0388,0.0928,1.1321,-0.6947,2.0000,-1.2595
2747763,0.0415,0.0920,1.1411,-0.4427,2.2061,-1.4122
2747773,0.0425,0.0933,1.1453,-0.5344,1.9466,-1.4351
2747783,0.0432,0.0935,1.1399,-0.7099,2.0305,-1.0076
2747793,0.0361,0.0984,1.1462,-0.5649,1.9542,-1.1145
2747803,0.0422,0.0972,1.1399,-0.4962,2.1679,-1.2366
2747813,0.0420,0.0945,1.1428,-0.3817,2.0382,-1.1832
2747823,0.0422,0.0945,1.1304,-0.3893,1.8397,-1.0687
2747833,0.0361,0.0986,1.1448,-0.6947,1.9466,-1.4198
2747843,0.0413,0.0959,1.1484,-0.8168,2.1679,-1.4962
2747853,0.0386,0.0933,1.1436,-0.5496,2.1450,-1.3893
2747863,0.0408,0.0911,1.1411,-0.6794,2.0458,-0.9542
2747874,0.0400,0.0986,1.1318,-0.3130,1.8550,-1.0611
2747883,0.0427,0.0925,1.1396,-0.6641,1.9771,-1.5267
2747895,0.0388,0.0955,1.1440,-0.7176,1.9618,-1.2748
2747903,0.0398,0.0937,1.1343,-0.6565,2.1450,-1.4809
2747913,0.0415,0.0950,1.1389,-0.6641,1.8626,-1.4504
2747922,0.0408,0.0962,1.1360,-0.5649,2.0534,-1.1985
2747933,0.0408,0.0950,1.1426,-0.4122,1.7786,-1.3130
2747943,0.0427,0.0935,1.1372,-0.7634,1.9847,-1.0153
2747953,0.0461,0.0903,1.1423,-0.9847,2.0153,-1.2290
2747963,0.0430,0.0906,1.1475,-0.3969,1.9924,-1.4122
2747973,0.0413,0.0933,1.1399,-0.7099,2.0458,-1.4504
2747983,0.0447,0.0972,1.1431,-0.4198,1.8855,-1.3206
2747993,0.0405,0.0972,1.1418,-0.5344,2.0458,-1.0305
2748003,0.0430,0.0925,1.1396,-0.8626,2.1527,-1.5802
2748013,0.0400,0.0911,1.1445,-0.5496,2.0229,-1.3435
2748022,0.0425,0.0908,1.1455,-0.5496,2.0076,-1.1298
2748032,0.0391,0.0967,1.1455,-0.9084,1.9237,-1.0000
2748042,0.0593,0.0937,1.1418,-0.2672,2.1603,-1.4275
2748053,0.0405,0.0833,1.1624,-0.2366,1.6031,-1.3893
2748063,0.0420,0.1018,1.1475,-0.9008,1.9237,-1.2214
2748074,0.0396,0.0933,1.1357,-0.7786,2.4504,-1.3282
2748083,0.0408,0.0981,1.1440,-0.8015,2.0076,-1.2748
2748093,0.0408,0.0920,1.1440,-0.5802,2.0763,-1.2137
2748103,0.0432,0.0962,1.1396,-0.6336,2.0076,-1.2366
2748113,0.0430,0.0879,1.1460,-0.7786,2.2443,-1.4733
2748123,0.0417,0.0881,1.1389,-0.6641,1.9771,-1.6107
2748133,0.0425,0.0957,1.1433,-0.5115,2.1527,-1.2137
2748143,0.0425,0.0940,1.1443,-0.6031,2.2061,-0.9160
2748153,0.0403,0.0962,1.1333,-0.6336,1.9160,-1.5878
2748163,0.0356,0.0942,1.1355,-0.6107,2.0229,-1.3282
2748173,0.0403,0.0996,1.1423,-0.5878,1.8702,-1.1832
2748183,0.0391,0.0916,1.1394,-0.6260,1.8473,-1.2290
2748193,0.0386,0.0933,1.1455,-0.6489,1.9084,-1.3053
2748204,0.0376,0.0952,1.1465,-0.6107,2.1374,-1.4275
2748213,0.0376,0.0962,1.1321,-0.6107,1.7939,-1.3511
2748223,0.0398,0.0935,1.1484,-0.6489,1.9924,-1.3588
2748236,0.0420,0.0959,1.1379,-0.6565,2.2137,-1.2290
2748243,0.0417,0.0957,1.1396,-0.7939,2.2519,-1.2748
2748253,0.0400,0.0928,1.1360,-0.6183,2.2519,-1.5038
2748263,0.0388,0.0950,1.1414,-0.7328,1.8015,-1.0305
2748273,0.0425,0.0942,1.1428,-0.3817,2.0000,-1.4809
2748282,0.0381,0.0969,1.1416,-0.8397,2.0229,-1.3817
2748292,0.0432,0.0959,1.1460,-0.7634,2.1450,-1.6031
2748302,0.0376,0.0952,1.1343,-0.5038,1.8855,-1.2443
2748313,0.0388,0.0972,1.1409,-0.5038,2.1221,-1.2977
2748323,0.0398,0.1013,1.1472,-0.7634,1.9542,-1.2595
2748332,0.0408,0.0959,1.1482,-0.3206,2.1221,-1.2595
2748342,0.0405,0.0986,1.1465,-0.7405,1.8855,-1.4656
2748352,0.0400,0.0957,1.1426,-0.6260,1.9084,-1.4656
2748362,0.0408,0.0952,1.1348,-0.5573,1.9695,-1.0534
2748373,0.0457,0.0942,1.1365,-0.6565,1.9466,-1.1985
2748383,0.0439,0.0940,1.1409,-0.4656,1.8397,-1.6183
2748393,0.0425,0.0906,1.1377,-0.7176,1.9084,-1.7023
2748403,0.0452,0.0901,1.1448,-0.4962,1.9237,-1.0916
2748413,0.0459,0.0957,1.1455,-0.7328,1.9618,-1.3130
2748423,0.0452,0.0974,1.1458,-0.6107,1.8626,-1.2824
2748433,0.0427,0.0952,1.1431,-0.9160,2.2977,-1.3359
2748443,0.0422,0.0981,1.1443,-0.5649,1.9618,-1.2595
2748453,0.0383,0.0977,1.1384,-0.6718,1.9542,-0.9771
2748463,0.0339,0.0896,1.1414,-0.4275,2.1145,-1.0916
2748473,0.0339,0.0981,1.1370,-0.5191,1.8244,-1.3130
2748483,0.0078,0.0896,1.2007,0.5115,-1.3053,-1.4504
2748493,0.0315,0.0823,1.1040,-0.7863,0.8015,-1.1908
2748503,0.0273,0.0981,1.1206,-1.5267,1.9389,-1.2519
2748513,0.0391,0.1104,1.1550,-0.9695,2.4046,-1.4198
2748523,0.0405,0.1074,1.1423,-0.8321,1.8397,-1.5038
2748533,0.0371,0.1013,1.1431,-0.6336,1.4351,-1.3435
2748543,0.0476,0.0903,1.1467,-0.6641,2.3740,-1.5115
2748553,0.0461,0.0942,1.1506,-0.7557,2.2824,-1.3435
2748563,0.0479,0.0884,1.1409,-0.5954,2.3359,-1.4809
2748573,0.0488,0.0876,1.1453,-0.3588,2.0992,-1.2977
2748583,0.0449,0.0913,1.1443,-0.6565,2.1832,-1.2672
2748593,0.0427,0.0911,1.1418,-0.7176,1.6489,-1.5649
2748603,0.0398,0.0896,1.1370,-0.3053,2.0076,-1.4275
2748613,0.0417,0.1001,1.1440,-0.5878,2.0534,-1.2061
2748622,0.0398,0.0986,1.1370,-0.6336,1.8550,-1.5649
2748633,0.0408,0.0950,1.1433,-0.4504,2.1374,-1.5038
2748643,0.0410,0.0981,1.1409,-0.7557,2.1069,-1.3817
2748658,0.0386,0.0981,1.1360,-0.4580,2.0076,-1.3588
2748663,0.0408,0.1003,1.1421,-0.7557,1.9924,-1.2901
2748673,0.0410,0.0957,1.1357,-0.6183,2.0153,-1.2824
2748683,0.0388,0.0962,1.1445,-0.6947,2.0916,-1.0611
2748693,0.0364,0.0933,1.1384,-0.3817,1.9389,-1.4809
2748703,0.0393,0.0947,1.1448,-0.6870,1.7328,-1.2595
2748713,0.0378,0.0947,1.1362,-0.6107,1.9313,-1.2519
2748723,0.0430,0.0940,1.1409,-0.6336,2.2443,-1.1908
2748733,0.0461,0.0916,1.1387,-0.6183,2.1221,-1.5878
2748743,0.0408,0.0947,1.1370,-0.5420,1.9771,-1.0687
2748753,0.0398,0.0903,1.1389,-0.5878,2.1679,-1.2137
2748763,0.0396,0.0894,1.1416,-0.5267,2.1221,-1.3053
2748773,0.0464,0.0896,1.1399,-0.4198,2.0229,-1.3893
2748783,0.0452,0.0942,1.1406,-0.4580,1.9313,-1.0000
2748793,0.0432,0.0928,1.1416,-0.6260,2.1145,-1.3817
2748803,0.0417,0.0955,1.1318,-0.7405,2.1908,-1.3282
2748812,0.0459,0.0923,1.1394,-0.7176,1.7481,-1.5038
2748822,0.0400,0.0923,1.1387,-0.7634,2.1832,-1.5191
2748838,0.0396,0.0974,1.1296,-0.6794,2.1756,-1.1679
2748843,0.0400,0.0979,1.1448,-0.7328,2.3511,-1.4656
2748853,0.0403,0.0923,1.1438,-0.3053,1.8626,-1.2214
2748862,0.0422,0.0942,1.1460,-0.5496,2.0305,-1.4656
2748877,0.0422,0.0967,1.1399,-0.7939,2.1221,-1.2366
2748883,0.0408,0.0950,1.1396,-0.5573,1.9618,-1.2137
2748893,0.0439,0.0945,1.1375,-0.4885,2.0153,-1.4275
2748903,0.0454,0.0974,1.1387,-0.6718,1.6489,-1.4504
2748913,0.0420,0.0937,1.1326,-0.7328,2.0534,-1.2290
2748922,0.0422,0.0952,1.1353,-0.9695,1.9695,-1.1374
2748932,0.0437,0.0972,1.1384,-0.7863,1.7710,-1.3588
2748944,0.0364,0.0876,1.1360,-0.7939,1.6870,-1.2290
2748953,0.0388,0.0999,1.1489,-0.7863,2.1069,-1.2748
2748962,0.0420,0.0947,1.1416,-0.5802,2.2519,-1.2595
2748972,0.0374,0.0984,1.1494,-0.4580,1.8779,-1.2672
2748982,0.0388,0.0928,1.1426,-0.5573,1.8931,-1.2137
2748992,0.0435,0.0898,1.1428,-0.4504,2.0076,-1.4580
2749005,0.0417,0.0945,1.1382,-0.5649,2.0611,-1.4656
2749013,0.0400,0.0930,1.1406,-0.9237,2.2061,-1.2595
2749023,0.0425,0.0896,1.1416,-0.5802,2.1298,-1.3359
2749033,0.0425,0.0925,1.1387,-0.6107,1.9466,-1.4580
2749047,0.0417,0.0908,1.1353,-0.7023,2.0076,-1.4733
2749053,0.0403,0.0937,1.1414,-0.5191,2.0687,-1.4351
2749063,0.0400,0.0984,1.1492,-0.5420,1.9618,-1.4275
2749073,0.0366,0.0964,1.1479,-0.8855,1.7557,-1.3664
2749083,0.0447,0.0916,1.1506,-0.5115,1.9618,-0.8931
2749093,0.0408,0.1028,1.1458,-1.0153,1.9160,-1.1527
2749103,0.0417,0.0962,1.1453,-0.6565,1.8855,-1.2672
2749113,0.0435,0.0977,1.1362,-0.5802,2.1298,-1.2748
2749123,0.0415,0.0920,1.1375,-0.3893,1.9618,-1.4351
2749133,0.0491,0.0906,1.1370,-0.1985,2.2061,-1.3740
2749147,0.0437,0.0920,1.1338,-0.4198,2.0000,-1.1145
2749153,0.0447,0.0928,1.1382,-0.3511,2.1298,-1.4885
2749163,0.0425,0.0923,1.1394,-0.6947,2.1221,-1.3053
2749173,0.0417,0.0937,1.1367,-0.6718,2.1221,-1.4275
2749183,0.0396,0.0950,1.1414,-0.6031,1.7710,-1.2748
2749193,0.0425,0.0937,1.1406,-0.5649,2.1527,-1.1832
2749203,0.0381,0.0957,1.1445,-0.6641,2.0382,-1.3053
2749212,0.0417,0.0940,1.1350,-0.6947,1.8931,-1.2977
2749222,0.0447,0.0933,1.1414,-0.3588,2.1145,-1.3282
2749233,0.0410,0.0928,1.1472,-0.8473,2.2748,-1.5420
2749243,0.0398,0.0935,1.1396,-0.2672,1.9695,-1.3206
2749252,0.0383,0.0925,1.1365,-0.7252,1.9695,-1.2443
2749262,0.0447,0.0898,1.1431,-0.5267,2.3282,-1.4122
2749272,0.0437,0.0925,1.1389,-0.8550,2.0840,-1.3206
2749282,0.0454,0.0923,1.1372,-0.4351,2.1527,-1.4504
2749292,0.0425,0.0967,1.1416,-0.5954,1.8779,-1.1985
2749305,0.0430,0.0930,1.1372,-0.2672,1.8321,-1.2137
2749313,0.0398,0.1018,1.1479,-0.7099,1.9237,-1.3893
2749323,0.0422,0.0967,1.1504,-0.8244,2.0458,-1.3206
2749333,0.0398,0.0981,1.1477,-0.4046,1.5802,-1.3664
2749343,0.0393,0.0964,1.1392,-0.7481,1.9008,-1.2748
2749354,0.0439,0.0906,1.1389,-0.4809,1.9084,-1.3511
2749363,0.0383,0.0923,1.1428,-0.7405,1.8092,-1.3740
2749373,0.0381,0.0867,1.1379,-0.5496,1.9160,-1.2901
2749383,0.0430,0.0898,1.1331,-0.4122,2.3435,-1.5725
2749393,0.0442,0.0945,1.1355,-0.4580,1.8015,-1.5267
2749403,0.0422,0.0979,1.1394,-0.7863,1.8015,-1.6870
2749413,0.0410,0.0908,1.1414,-0.3053,2.1221,-1.1145
2749423,0.0420,0.0928,1.1487,-0.8092,1.8092,-1.4427
2749432,0.0410,0.0977,1.1362,-0.5496,2.0840,-1.1832
2749443,0.0449,0.0962,1.1414,-0.5573,1.9008,-1.4275
2749453,0.0398,0.0996,1.1458,-0.5802,1.7939,-1.5649
2749463,0.0447,0.1023,1.1484,-0.6794,1.9847,-1.6412
2749473,0.0420,0.0867,1.1455,-0.6412,2.1603,-1.2519
2749483,0.0422,0.0945,1.1475,-0.5649,2.0458,-1.2824
2749493,0.0437,0.0906,1.1436,-0.6794,2.0611,-1.2977
2749503,0.0439,0.0886,1.1431,-0.4351,2.0382,-1.3893
2749513,0.0430,0.0891,1.1392,-0.5420,2.2137,-1.3206
2749523,0.0442,0.0894,1.1365,-0.5344,2.1145,-1.2290
2749533,0.0413,0.0911,1.1428,-0.7863,2.0611,-1.2595
2749542,0.0427,0.0908,1.1387,-0.3969,2.1985,-1.3588
2749552,0.0410,0.0962,1.1345,-0.6183,2.0382,-1.3130
2749563,0.0408,0.0967,1.1443,-0.6183,1.8931,-1.4580
2749573,0.0452,0.0991,1.1504,-0.7786,2.1603,-1.2290
2749583,0.0425,0.0935,1.1404,-0.4351,1.9008,-1.4580
2749593,0.0435,0.0999,1.1448,-0.7328,1.9847,-1.2519
2749603,0.0437,0.0984,1.1350,-0.6336,2.0840,-1.4427
2749613,0.0405,0.0945,1.1357,-0.5420,1.9313,-1.6031
2749623,0.0437,0.0913,1.1382,-0.6031,2.0076,-1.2443
2749633,0.0408,0.0928,1.1436,-0.1069,2.0916,-1.2748
2749643,0.0422,0.0933,1.1458,-0.5954,2.3511,-1.5420
2749653,0.0408,0.0933,1.1396,-0.6489,1.8702,-1.3053
2749663,0.0413,0.0937,1.1401,-0.6031,2.0153,-1.3817
2749673,0.0427,0.0945,1.1409,-0.5115,2.0076,-1.4122
2749686,0.0435,0.0857,1.1392,-0.4046,2.2519,-1.2672
2749693,0.0464,0.0930,1.1465,-0.5954,2.0229,-1.3130
2749703,0.0437,0.0933,1.1387,-0.5420,1.9313,-1.2748
2749717,0.0422,0.0967,1.1501,-0.7099,1.7023,-1.1298
2749723,0.0427,0.0940,1.1370,-0.4656,1.9466,-1.3282
2749733,0.0435,0.0952,1.1492,-0.8473,1.8397,-1.2595
2749743,0.0442,0.0977,1.1436,-0.6336,2.3130,-1.6260
2749753,0.0425,0.0940,1.1421,-0.5496,2.2519,-1.2443
2749763,0.0366,0.0937,1.1479,-0.3817,1.7710,-1.4351
2749774,0.0391,0.0955,1.1350,-0.6641,1.8550,-1.3511
2749783,0.0391,0.0959,1.1392,-0.9237,1.9389,-1.2366
2749797,0.0386,0.0901,1.1399,-0.6107,1.9695,-1.3435
2749803,0.0371,0.0984,1.1406,-0.8168,1.8779,-1.2977
2749813,0.0430,0.1016,1.1416,-0.9160,2.0153,-1.4733
2749823,0.0437,0.0955,1.1492,-0.5267,1.7099,-1.2519
2749833,0.0396,0.0962,1.1421,-0.8015,2.0305,-1.3130
2749843,0.0466,0.0991,1.1433,-0.4198,2.0153,-1.3359
2749853,0.0437,0.0925,1.1421,-0.7481,1.9160,-1.2672
2749863,0.0483,0.0935,1.1458,-0.7252,2.3282,-1.2977
2749873,0.0454,0.0906,1.1421,-0.3893,1.8931,-1.2214
2749883,0.0410,0.0962,1.1494,-0.3206,2.0458,-1.1908
2749893,0.0386,0.0894,1.1392,-0.5954,2.2137,-1.4962
2749903,0.0352,0.0945,1.1382,-0.6183,1.7023,-1.4275
2749913,0.0405,0.0979,1.1365,-0.7634,1.9924,-1.3969
2749923,0.0422,0.0967,1.1340,-0.6565,2.1756,-1.3588
2749933,0.0391,0.0972,1.1411,-0.5496,1.8779,-1.1527
2749942,0.0396,0.0972,1.1423,-0.6489,1.8931,-1.2519
2749952,0.0420,0.0947,1.1416,-0.5267,2.3817,-1.3817
2749963,0.0376,0.0974,1.1411,-0.6412,1.7557,-1.3435
2749973,0.0432,0.0918,1.1416,-0.8244,1.8473,-1.2519
2749983,0.0415,0.0937,1.1384,-0.7099,2.0992,-1.3969
2749992,0.0437,0.0962,1.1426,-0.6031,2.0229,-1.4580
2750002,0.0432,0.0930,1.1406,-0.3282,2.0076,-1.3130
2750013,0.0442,0.0913,1.1416,-0.6794,2.1756,-1.4198
2750023,0.0471,0.0952,1.1321,-0.4733,2.2214,-1.5191
2750034,0.0430,0.0979,1.1401,-0.7481,1.7328,-1.3511
2750043,0.0442,0.0906,1.1372,-0.5115,2.1527,-0.9771
2750053,0.0422,0.0972,1.1418,-0.5954,1.9313,-1.1069
2750063,0.0405,0.0925,1.1360,-0.3740,1.9237,-1.3817
2750073,0.0422,0.0940,1.1492,-0.5573,1.9237,-0.9618
2750084,0.0422,0.0984,1.1426,-0.2977,2.0000,-1.3282
2750093,0.0432,0.0979,1.1409,-0.8550,2.0153,-1.5038
2750103,0.0417,0.0984,1.1489,-0.9008,1.8321,-1.1221
2750112,0.0371,0.0947,1.1484,-0.5573,1.7481,-1.2290
2750127,0.0400,0.0942,1.1443,-0.5725,1.5344,-1.3053
2750133,0.0413,0.0928,1.1448,-0.5191,2.3282,-1.1603
2750143,0.0454,0.0913,1.1440,-0.5802,2.0382,-1.6336
2750153,0.0432,0.0920,1.1382,-0.6183,1.9695,-1.2977
2750166,0.0461,0.0972,1.1416,-0.7786,2.0305,-1.0840
2750173,0.0425,0.0959,1.1406,-0.5115,2.1298,-1.2061
2750183,0.0447,0.0981,1.1389,-0.8244,2.1679,-1.4351
2750193,0.0391,0.0969,1.1431,-0.5038,2.1527,-1.4351
2750203,0.0378,0.1008,1.1479,-0.8855,2.0382,-1.2290
2750213,0.0398,0.0959,1.1353,-0.7328,2.0382,-1.4962
2750223,0.0400,0.0937,1.1401,-0.6031,2.0076,-1.2214
2750233,0.0413,0.0984,1.1387,-0.7023,2.0229,-1.4275
2750243,0.0413,0.0945,1.1423,-0.5344,1.9695,-1.4046
2750253,0.0430,0.0906,1.1426,-0.6641,2.0534,-1.1832
2750263,0.0425,0.0957,1.1367,-0.4046,2.0229,-1.1985
2750276,0.0432,0.0918,1.1460,-0.6947,1.7710,-1.2595
2750283,0.0415,0.0908,1.1445,-0.4122,2.1679,-1.5267
2750293,0.0417,0.0937,1.1396,-0.3359,2.0611,-1.2824
2750304,0.0469,0.0964,1.1350,-0.4656,2.1221,-1.3053
2750313,0.0432,0.0908,1.1394,-0.4046,2.1527,-1.2595
2750323,0.0408,0.0933,1.1379,-0.9389,2.1603,-1.4275
2750333,0.0430,0.0955,1.1421,-0.4733,2.0687,-1.5115
2750343,0.0430,0.0952,1.1443,-0.5649,1.9313,-1.4580
2750353,0.0403,0.0952,1.1367,-0.5038,2.1527,-1.2901
2750363,0.0383,0.0959,1.1357,-0.4046,2.1069,-1.5191
2750373,0.0393,0.0937,1.1428,-0.8550,2.0305,-1.1527
2750383,0.0432,0.0935,1.1411,-0.7252,1.8550,-1.5344
2750393,0.0420,0.0937,1.1372,-0.3817,1.7863,-1.4809
2750403,0.0439,0.0901,1.1455,-0.6870,2.0382,-1.4962
2750413,0.0430,0.0962,1.1355,-0.7863,1.9466,-1.3053
2750423,0.0442,0.0918,1.1379,-0.7710,2.0763,-1.2748
2750434,0.0437,0.0911,1.1414,-0.5420,1.8321,-1.2901
2750443,0.0469,0.0955,1.1418,-0.6641,1.9618,-1.4046
2750453,0.0374,0.0962,1.1396,-0.6412,2.1069,-1.1832
2750463,0.0442,0.0942,1.1421,-0.6336,2.0840,-1.2443
2750473,0.0435,0.0950,1.1343,-0.7939,2.2595,-1.2061
2750483,0.0386,0.0962,1.1389,-0.7252,1.9542,-1.4122
2750493,0.0386,0.0969,1.1353,-0.7328,2.1527,-1.1069
2750503,0.0449,0.0957,1.1384,-0.2290,1.6947,-1.5649
2750513,0.0437,0.0994,1.1370,-0.3435,2.2214,-1.4733
2750523,0.0388,0.0955,1.1416,-0.7099,2.1450,-1.2519
2750533,0.0391,0.0920,1.1392,-0.7099,1.9618,-1.5725
2750543,0.0403,0.0957,1.1423,-0.7252,1.9313,-1.4580
2750554,0.0466,0.0947,1.1482,-0.3740,2.0305,-1.3664
2750563,0.0413,0.0928,1.1423,-0.4962,1.9542,-1.3664
2750573,0.0449,0.0959,1.1421,-0.7863,1.9466,-1.1832
2750583,0.0425,0.0940,1.1360,-0.6031,1.8931,-1.3435
2750593,0.0464,0.0969,1.1460,-0.6870,2.2977,-1.3893
2750603,0.0413,0.0962,1.1453,-0.5038,2.1374,-1.1374
2750613,0.0403,0.0930,1.1389,-0.8397,2.1985,-1.1679
2750623,0.0417,0.0947,1.1396,-0.4122,2.1221,-1.4656
2750634,0.0439,0.0898,1.1458,-0.2061,1.8244,-1.3053
2750643,0.0410,0.0930,1.1384,-0.6336,1.7634,-1.2748
2750653,0.0459,0.0920,1.1416,-0.6947,2.2672,-1.0611
2750663,0.0215,0.0962,1.1033,-1.3817,0.6183,-1.2061
2750673,-0.0022,0.1221,1.1577,-1.9618,0.0763,-1.3740
2750683,0.0508,0.1003,1.1182,-1.1756,2.8321,-1.2901
2750693,0.0481,0.1089,1.1467,-0.7023,2.3130,-1.3206
2750703,0.0383,0.0964,1.1340,-0.5496,1.7405,-1.3511
2750713,0.0435,0.0925,1.1360,-0.1298,2.3130,-1.5725
2750723,0.0442,0.0991,1.1436,-0.4733,2.4504,-1.3282
2750733,0.0408,0.0937,1.1416,-0.9084,2.2519,-1.4885
2750743,0.0447,0.0930,1.1367,-0.2061,1.8168,-1.4046
2750753,0.0442,0.0991,1.1438,-0.3664,2.1145,-1.1145
2750763,0.0422,0.0950,1.1399,-0.6718,1.9771,-1.5191
2750773,0.0391,0.0937,1.1404,-0.8855,2.0153,-1.4351
2750783,0.0466,0.0935,1.1460,-0.4427,1.9160,-1.2824
2750793,0.0425,0.0986,1.1445,-0.4046,1.9084,-1.0382
2750803,0.0415,0.0891,1.1345,-0.4046,2.0382,-1.3740
2750813,0.0481,0.0923,1.1387,-0.7023,2.2061,-1.3511
2750823,0.0461,0.0950,1.1362,-0.1832,2.0763,-1.3893
2750833,0.0430,0.0955,1.1433,-0.5802,1.9924,-1.1145
2750843,0.0430,0.0967,1.1428,-0.6870,2.2519,-1.6870
2750853,0.0449,0.0962,1.1416,-0.3511,2.0840,-1.2824
2750863,0.0398,0.0891,1.1355,-0.5954,1.9313,-1.4733
2750873,0.0398,0.0999,1.1372,-0.3969,2.1450,-1.4809
2750886,0.0374,0.0935,1.1365,-0.8015,2.2443,-1.3511
2750893,0.0393,0.0986,1.1384,-0.6641,1.9008,-1.5496
2750903,0.0354,0.0959,1.1443,-0.2977,2.1527,-1.3206
2750913,0.0393,0.0991,1.1423,-0.6107,2.1527,-1.4198
2750923,0.0422,0.0940,1.1394,-0.7023,1.9771,-1.1374
2750933,0.0457,0.0940,1.1477,-0.5115,2.0840,-1.4580
2750943,0.0471,0.0962,1.1506,-0.5573,1.6412,-1.3588
2750952,0.0479,0.0923,1.1516,-0.6489,1.9466,-1.3511
2750963,0.0466,0.0955,1.1350,-0.7481,2.0076,-1.2672
2750973,0.0459,0.0957,1.1406,-0.4656,1.8397,-1.3511
2750984,0.0420,0.0923,1.1494,-0.6031,2.0000,-1.2290
2750993,0.0376,0.0896,1.1326,-0.7786,2.1298,-1.5115
2751003,0.0400,0.0950,1.1375,-0.7710,1.7634,-0.8931
2751013,0.0383,0.0930,1.1428,-0.8321,2.3664,-1.4198
2751023,0.0388,0.0940,1.1396,-0.4656,1.6107,-1.2290
2751035,0.0356,0.0959,1.1367,-0.5573,2.1374,-1.1985
2751043,0.0388,0.0986,1.1426,-0.7557,2.1298,-1.3435
2751053,0.0405,0.0959,1.1338,-0.4198,2.0611,-1.1527
2751062,0.0425,0.0969,1.1353,-0.4885,2.0000,-1.3588
2751074,0.0457,0.0896,1.1406,-0.4809,1.9008,-1.8092
2751083,0.0461,0.0952,1.1382,-0.7023,1.9237,-1.3588
2751093,0.0483,0.0962,1.1475,-0.5573,2.1450,-1.5496
2751103,0.0403,0.0928,1.1479,-0.7634,2.1603,-1.3282
2751113,0.0403,0.0937,1.1389,-0.9160,2.1527,-1.5344
2751123,0.0442,0.0920,1.1431,-0.5420,1.9389,-1.5573
2751133,0.0430,0.0918,1.1323,-0.4962,2.0229,-1.1450
2751143,0.0410,0.0940,1.1406,-0.6031,1.8550,-1.3969
2751153,0.0398,0.0916,1.1438,-0.5267,2.2290,-1.6641
2751162,0.0427,0.0864,1.1372,-0.3511,2.2824,-1.4885
2751172,0.0415,0.0959,1.1450,-0.8397,2.2519,-1.3664
2751183,0.0454,0.0981,1.1416,-0.5954,1.7863,-1.0305
2751193,0.0396,0.0964,1.1462,-0.6183,1.9389,-1.4656
2751203,0.0413,0.0903,1.1382,-0.7099,1.7252,-1.4275
2751213,0.0393,0.1001,1.1475,-0.5954,1.9160,-1.4198
2751223,0.0457,0.0920,1.1406,-0.5649,2.1069,-1.7099
2751233,0.0405,0.0955,1.1404,-0.5649,1.8244,-1.3511
2751243,0.0420,0.0916,1.1404,-0.5267,2.0534,-1.3893
2751253,0.0479,0.0918,1.1416,-0.3664,2.1908,-1.2290
2751262,0.0471,0.0940,1.1392,-0.5496,2.1374,-1.3359
2751272,0.0437,0.0925,1.1357,-0.3817,2.0076,-1.3664
2751283,0.0464,0.0964,1.1453,-0.6183,1.8855,-1.2595
2751293,0.0435,0.0969,1.1357,-0.9466,2.1603,-1.3817
2751302,0.0425,0.0952,1.1394,-0.6794,2.0687,-1.2824
2751313,0.0415,0.0945,1.1362,-0.5496,1.9008,-1.4046
2751323,0.0430,0.0918,1.1406,-0.8015,1.8550,-1.2824
2751332,0.0415,0.0920,1.1387,-0.9695,1.9771,-1.5420
2751342,0.0454,0.0999,1.1433,-0.3969,1.8244,-1.0687
